journey_id,customer_id,first_touch_timestamp,last_touch_timestamp,first_channel,last_channel,first_campaign,last_campaign,touchpoint_count,unique_channels,converted,conversion_events,conversion_value,journey_duration_hours,conversion_timestamp,days_to_conversion,journey_path
JOURNEY-00001,CUST-00001,2025-04-05 23:44:00,2025-04-13 10:44:00,Display,Direct,Banner Campaign,Direct Visit,5,5,0,0,0.0,179.0,,,Display > Paid Search > Organic Social > Paid Social > Direct
JOURNEY-00002,CUST-00002,2025-06-24 11:02:00,2025-06-27 16:13:00,Paid Search,Email,Product Search,Promotional Email,3,3,0,0,0.0,77.18,,,Paid Search > Display > Email
JOURNEY-00003,CUST-00003,2025-03-27 18:49:00,2025-04-07 03:26:00,Referral,Paid Search,Customer Referral,Competitor Search,5,5,1,1,126.11,248.62,2025-04-07 03:26:00,10.36,Referral > Paid Social > Organic Search > Display > Paid Search
JOURNEY-00004,CUST-00004,2025-04-12 14:01:00,2025-04-16 14:53:00,Paid Social,Referral,LinkedIn Ads,Partner Website,4,3,0,0,0.0,96.87,,,Paid Social > Organic Search > Paid Social > Referral
JOURNEY-00005,CUST-00005,2025-01-20 02:46:00,2025-01-22 03:27:00,Paid Social,Paid Search,LinkedIn Ads,Product Search,2,2,0,0,0.0,48.68,,,Paid Social > Paid Search
JOURNEY-00006,CUST-00006,2025-03-22 23:05:00,2025-03-27 05:07:00,Paid Search,Referral,Product Search,Partner Website,3,3,0,0,0.0,102.03,,,Paid Search > Direct > Referral
JOURNEY-00007,CUST-00007,2025-05-07 04:43:00,2025-05-12 09:13:00,Organic Social,Referral,Instagram Organic,Partner Website,3,3,0,0,0.0,124.5,,,Organic Social > Paid Search > Referral
JOURNEY-00008,CUST-00008,2025-02-02 11:11:00,2025-02-03 18:06:00,Paid Search,Organic Search,Brand Search,Educational Content,2,2,0,0,0.0,30.92,,,Paid Search > Organic Search
JOURNEY-00009,CUST-00009,2025-04-15 03:57:00,2025-04-17 04:06:00,Paid Social,Referral,LinkedIn Ads,Partner Website,2,2,1,1,364.38,48.15,2025-04-17 04:06:00,2.01,Paid Social > Referral
JOURNEY-00010,CUST-00010,2025-06-02 10:17:00,2025-06-06 03:36:00,Referral,Paid Search,Affiliate,Competitor Search,3,3,0,0,0.0,89.32,,,Referral > Direct > Paid Search
JOURNEY-00011,CUST-00011,2025-05-11 05:02:00,2025-05-16 03:55:00,Organic Social,Referral,LinkedIn Organic,Customer Referral,3,3,0,0,0.0,118.88,,,Organic Social > Paid Social > Referral
JOURNEY-00012,CUST-00012,2025-06-18 07:26:00,2025-06-18 07:26:00,Direct,Direct,Direct Visit,Direct Visit,1,1,0,0,0.0,0.0,,,Direct
JOURNEY-00013,CUST-00013,2025-03-15 08:53:00,2025-03-26 23:14:00,Display,Referral,Retargeting,Customer Referral,6,5,1,1,98.42,278.35,2025-03-26 23:14:00,11.6,Display > Organic Search > Direct > Organic Search > Paid Search > Referral
JOURNEY-00014,CUST-00014,2025-06-05 19:01:00,2025-06-11 02:02:00,Display,Direct,Banner Campaign,Direct Visit,4,4,0,0,0.0,127.02,,,Display > Paid Search > Organic Search > Direct
JOURNEY-00015,CUST-00015,2025-05-11 03:44:00,2025-05-12 21:09:00,Direct,Organic Social,Direct Visit,TikTok Organic,2,2,0,0,0.0,41.42,,,Direct > Organic Social
JOURNEY-00016,CUST-00016,2025-04-30 02:17:00,2025-04-30 02:17:00,Display,Display,Banner Campaign,Banner Campaign,1,1,0,0,0.0,0.0,,,Display
JOURNEY-00017,CUST-00017,2025-06-16 10:06:00,2025-06-29 15:37:00,Referral,Display,Partner Website,Retargeting,5,4,0,0,0.0,317.52,,,Referral > Paid Social > Organic Search > Organic Search > Display
JOURNEY-00018,CUST-00018,2025-05-08 01:11:00,2025-05-11 08:30:00,Paid Search,Email,Brand Search,Promotional Email,2,2,0,0,0.0,79.32,,,Paid Search > Email
JOURNEY-00019,CUST-00019,2025-04-01 11:10:00,2025-04-03 04:10:00,Organic Search,Organic Search,Educational Content,Product Pages,2,1,0,0,0.0,41.0,,,Organic Search > Organic Search
JOURNEY-00020,CUST-00020,2025-03-14 22:41:00,2025-03-20 11:27:00,Referral,Direct,Affiliate,Direct Visit,3,2,0,0,0.0,132.77,,,Referral > Direct > Direct
JOURNEY-00021,CUST-00021,2025-05-04 15:14:00,2025-05-11 21:41:00,Paid Search,Organic Search,Brand Search,Educational Content,4,4,0,0,0.0,174.45,,,Paid Search > Organic Social > Paid Social > Organic Search
JOURNEY-00022,CUST-00022,2025-03-28 01:17:00,2025-04-03 10:33:00,Display,Email,Prospecting,Newsletter,6,5,1,1,330.75,153.27,2025-04-03 10:33:00,6.39,Display > Organic Search > Display > Referral > Paid Search > Email
JOURNEY-00023,CUST-00023,2025-05-11 18:55:00,2025-05-19 05:52:00,Organic Social,Paid Search,LinkedIn Organic,Competitor Search,4,4,1,1,273.63,178.95,2025-05-19 05:52:00,7.46,Organic Social > Email > Direct > Paid Search
JOURNEY-00024,CUST-00024,2025-06-23 03:05:00,2025-06-26 14:30:00,Paid Social,Display,LinkedIn Ads,Banner Campaign,3,2,0,0,0.0,83.42,,,Paid Social > Paid Social > Display
JOURNEY-00025,CUST-00025,2025-01-23 02:28:00,2025-01-27 07:37:00,Email,Referral,Newsletter,Affiliate,4,4,0,0,0.0,101.15,,,Email > Paid Search > Organic Social > Referral
JOURNEY-00026,CUST-00026,2025-06-08 03:39:00,2025-06-14 22:32:00,Paid Search,Paid Social,Competitor Search,LinkedIn Ads,4,3,1,1,135.4,162.88,2025-06-14 22:32:00,6.79,Paid Search > Direct > Paid Search > Paid Social
JOURNEY-00027,CUST-00027,2025-05-25 16:48:00,2025-05-27 11:50:00,Direct,Email,Direct Visit,Newsletter,2,2,0,0,0.0,43.03,,,Direct > Email
JOURNEY-00028,CUST-00028,2025-02-06 19:44:00,2025-02-11 06:06:00,Organic Search,Organic Social,SEO Blog,TikTok Organic,5,5,1,1,68.56,106.37,2025-02-11 06:06:00,4.43,Organic Search > Paid Social > Display > Direct > Organic Social
JOURNEY-00029,CUST-00029,2025-03-17 13:32:00,2025-03-25 02:08:00,Email,Paid Search,Promotional Email,Competitor Search,3,3,0,0,0.0,180.6,,,Email > Direct > Paid Search
JOURNEY-00030,CUST-00030,2025-02-20 03:24:00,2025-02-27 01:47:00,Organic Search,Paid Search,Product Pages,Brand Search,4,3,0,0,0.0,166.38,,,Organic Search > Email > Organic Search > Paid Search
JOURNEY-00031,CUST-00031,2025-06-23 12:48:00,2025-06-27 02:14:00,Direct,Organic Social,Direct Visit,Instagram Organic,4,4,0,0,0.0,85.43,,,Direct > Referral > Paid Social > Organic Social
JOURNEY-00032,CUST-00032,2025-05-12 07:03:00,2025-05-15 03:12:00,Paid Search,Referral,Competitor Search,Affiliate,2,2,0,0,0.0,68.15,,,Paid Search > Referral
JOURNEY-00033,CUST-00033,2025-04-19 03:42:00,2025-04-29 17:05:00,Paid Social,Paid Search,LinkedIn Ads,Brand Search,6,4,1,1,199.1,253.38,2025-04-29 17:05:00,10.56,Paid Social > Email > Paid Search > Organic Search > Email > Paid Search
JOURNEY-00034,CUST-00034,2025-04-24 05:11:00,2025-04-24 05:11:00,Organic Social,Organic Social,Instagram Organic,Instagram Organic,1,1,0,0,0.0,0.0,,,Organic Social
JOURNEY-00035,CUST-00035,2025-06-01 20:51:00,2025-06-04 19:12:00,Email,Email,Newsletter,Promotional Email,2,1,0,0,0.0,70.35,,,Email > Email
JOURNEY-00036,CUST-00036,2025-04-08 02:51:00,2025-04-21 04:18:00,Paid Social,Organic Social,Instagram Ads,LinkedIn Organic,7,4,1,1,199.36,313.45,2025-04-21 04:18:00,13.06,Paid Social > Organic Social > Organic Social > Paid Search > Paid Social > Direct > Organic Social
JOURNEY-00037,CUST-00037,2025-04-02 17:48:00,2025-04-09 00:30:00,Organic Social,Direct,TikTok Organic,Direct Visit,4,3,1,1,330.87,150.7,2025-04-09 00:30:00,6.28,Organic Social > Email > Direct > Direct
JOURNEY-00038,CUST-00038,2025-06-27 05:33:00,2025-07-03 05:51:00,Referral,Paid Search,Customer Referral,Product Search,4,4,0,0,0.0,144.3,,,Referral > Direct > Display > Paid Search
JOURNEY-00039,CUST-00039,2025-05-25 22:30:00,2025-06-01 22:24:00,Email,Direct,Welcome Series,Direct Visit,4,4,0,0,0.0,167.9,,,Email > Paid Search > Paid Social > Direct
JOURNEY-00040,CUST-00040,2025-02-19 16:20:00,2025-02-20 21:52:00,Email,Referral,Newsletter,Affiliate,2,2,0,0,0.0,29.53,,,Email > Referral
JOURNEY-00041,CUST-00041,2025-03-03 03:06:00,2025-03-17 15:08:00,Paid Search,Organic Search,Product Search,SEO Blog,6,4,0,0,0.0,348.03,,,Paid Search > Organic Search > Paid Search > Organic Social > Email > Organic Search
JOURNEY-00042,CUST-00042,2025-02-23 08:52:00,2025-02-26 12:43:00,Organic Search,Email,Product Pages,Newsletter,2,2,0,0,0.0,75.85,,,Organic Search > Email
JOURNEY-00043,CUST-00043,2025-01-31 13:19:00,2025-02-09 08:17:00,Email,Paid Search,Welcome Series,Product Search,5,5,0,0,0.0,210.97,,,Email > Direct > Paid Social > Organic Social > Paid Search
JOURNEY-00044,CUST-00044,2025-03-11 11:23:00,2025-03-13 06:04:00,Paid Social,Organic Search,Instagram Ads,Product Pages,3,3,0,0,0.0,42.68,,,Paid Social > Paid Search > Organic Search
JOURNEY-00045,CUST-00045,2025-05-21 21:28:00,2025-05-24 14:21:00,Email,Paid Social,Newsletter,Instagram Ads,3,3,0,0,0.0,64.88,,,Email > Organic Search > Paid Social
JOURNEY-00046,CUST-00046,2025-01-25 22:11:00,2025-01-25 22:11:00,Paid Search,Paid Search,Product Search,Product Search,1,1,1,1,35.3,0.0,2025-01-25 22:11:00,0.0,Paid Search
JOURNEY-00047,CUST-00047,2025-02-13 06:51:00,2025-02-18 00:23:00,Email,Referral,Welcome Series,Affiliate,3,3,0,0,0.0,113.53,,,Email > Paid Search > Referral
JOURNEY-00048,CUST-00048,2025-03-07 12:24:00,2025-03-13 10:21:00,Organic Search,Paid Social,Product Pages,Instagram Ads,4,3,1,1,89.49,141.95,2025-03-13 10:21:00,5.91,Organic Search > Paid Search > Paid Search > Paid Social
JOURNEY-00049,CUST-00049,2025-06-16 00:33:00,2025-06-18 07:54:00,Email,Referral,Promotional Email,Customer Referral,4,4,0,0,0.0,55.35,,,Email > Paid Search > Direct > Referral
JOURNEY-00050,CUST-00050,2025-04-22 14:11:00,2025-04-27 03:02:00,Paid Social,Organic Social,Facebook Ads,LinkedIn Organic,4,4,0,0,0.0,108.85,,,Paid Social > Email > Display > Organic Social
JOURNEY-00051,CUST-00051,2025-01-17 08:57:00,2025-01-20 21:11:00,Paid Search,Referral,Brand Search,Partner Website,3,3,0,0,0.0,84.23,,,Paid Search > Organic Search > Referral
JOURNEY-00052,CUST-00052,2025-04-04 18:54:00,2025-04-10 09:06:00,Referral,Organic Search,Partner Website,Product Pages,4,4,0,0,0.0,134.2,,,Referral > Display > Paid Search > Organic Search
JOURNEY-00053,CUST-00053,2025-03-02 09:21:00,2025-03-07 08:39:00,Paid Search,Direct,Product Search,Direct Visit,5,4,1,1,54.97,119.3,2025-03-07 08:39:00,4.97,Paid Search > Organic Search > Display > Organic Search > Direct
JOURNEY-00054,CUST-00054,2025-03-28 05:15:00,2025-04-02 19:44:00,Organic Search,Direct,SEO Blog,Direct Visit,3,3,0,0,0.0,134.48,,,Organic Search > Display > Direct
JOURNEY-00055,CUST-00055,2025-05-27 20:44:00,2025-05-28 09:35:00,Organic Social,Paid Search,TikTok Organic,Product Search,2,2,0,0,0.0,12.85,,,Organic Social > Paid Search
JOURNEY-00056,CUST-00056,2025-04-16 02:45:00,2025-04-19 05:19:00,Display,Direct,Banner Campaign,Direct Visit,3,3,1,1,107.34,74.57,2025-04-19 05:19:00,3.11,Display > Organic Search > Direct
JOURNEY-00057,CUST-00057,2025-04-07 12:43:00,2025-04-15 12:42:00,Organic Search,Display,SEO Blog,Retargeting,5,5,0,0,0.0,191.98,,,Organic Search > Paid Search > Direct > Referral > Display
JOURNEY-00058,CUST-00058,2025-01-30 20:01:00,2025-02-02 07:59:00,Paid Search,Direct,Competitor Search,Direct Visit,2,2,0,0,0.0,59.97,,,Paid Search > Direct
JOURNEY-00059,CUST-00059,2025-03-14 20:09:00,2025-03-25 07:19:00,Direct,Referral,Direct Visit,Affiliate,5,5,0,0,0.0,251.17,,,Direct > Organic Search > Paid Search > Paid Social > Referral
JOURNEY-00060,CUST-00060,2025-05-22 15:29:00,2025-05-24 05:47:00,Direct,Organic Search,Direct Visit,Product Pages,2,2,0,0,0.0,38.3,,,Direct > Organic Search
JOURNEY-00061,CUST-00061,2025-01-17 16:59:00,2025-01-23 12:43:00,Paid Search,Email,Competitor Search,Newsletter,4,4,0,0,0.0,139.73,,,Paid Search > Organic Social > Direct > Email
JOURNEY-00062,CUST-00062,2025-05-06 09:27:00,2025-05-19 08:02:00,Paid Search,Paid Search,Product Search,Product Search,6,3,1,1,268.61,310.58,2025-05-19 08:02:00,12.94,Paid Search > Organic Search > Email > Email > Email > Paid Search
JOURNEY-00063,CUST-00063,2025-05-07 17:58:00,2025-05-13 18:53:00,Paid Social,Paid Social,LinkedIn Ads,Facebook Ads,4,3,0,0,0.0,144.92,,,Paid Social > Display > Paid Search > Paid Social
JOURNEY-00064,CUST-00064,2025-01-19 11:37:00,2025-02-02 18:03:00,Organic Search,Referral,Product Pages,Customer Referral,8,4,0,0,0.0,342.43,,,Organic Search > Email > Organic Search > Paid Social > Email > Paid Social > Organic Search > Referral
JOURNEY-00065,CUST-00065,2025-01-25 17:49:00,2025-01-31 18:14:00,Paid Search,Paid Social,Competitor Search,Instagram Ads,4,4,0,0,0.0,144.42,,,Paid Search > Organic Social > Email > Paid Social
JOURNEY-00066,CUST-00066,2025-03-08 16:45:00,2025-03-10 08:04:00,Display,Referral,Prospecting,Affiliate,2,2,0,0,0.0,39.32,,,Display > Referral
JOURNEY-00067,CUST-00067,2025-05-15 13:52:00,2025-05-17 02:22:00,Paid Search,Email,Brand Search,Promotional Email,3,3,1,1,155.66,36.5,2025-05-17 02:22:00,1.52,Paid Search > Organic Search > Email
JOURNEY-00068,CUST-00068,2025-05-29 10:49:00,2025-06-03 02:41:00,Paid Search,Organic Search,Brand Search,SEO Blog,4,4,0,0,0.0,111.87,,,Paid Search > Paid Social > Display > Organic Search
JOURNEY-00069,CUST-00069,2025-01-08 19:03:00,2025-01-10 10:58:00,Direct,Paid Search,Direct Visit,Product Search,2,2,0,0,0.0,39.92,,,Direct > Paid Search
JOURNEY-00070,CUST-00070,2025-03-27 15:56:00,2025-04-02 08:20:00,Display,Referral,Retargeting,Affiliate,4,4,0,0,0.0,136.4,,,Display > Organic Social > Email > Referral
JOURNEY-00071,CUST-00071,2025-05-29 03:18:00,2025-06-02 04:32:00,Organic Social,Paid Search,TikTok Organic,Competitor Search,3,3,1,1,57.0,97.23,2025-06-02 04:32:00,4.05,Organic Social > Email > Paid Search
JOURNEY-00072,CUST-00072,2025-03-27 08:12:00,2025-03-27 08:12:00,Email,Email,Welcome Series,Welcome Series,1,1,1,1,73.0,0.0,2025-03-27 08:12:00,0.0,Email
JOURNEY-00073,CUST-00073,2025-02-08 01:08:00,2025-02-09 09:28:00,Referral,Paid Social,Partner Website,LinkedIn Ads,3,3,1,1,426.2,32.33,2025-02-09 09:28:00,1.35,Referral > Organic Search > Paid Social
JOURNEY-00074,CUST-00074,2025-01-18 09:07:00,2025-01-20 12:33:00,Referral,Email,Customer Referral,Welcome Series,2,2,0,0,0.0,51.43,,,Referral > Email
JOURNEY-00075,CUST-00075,2025-05-25 23:19:00,2025-06-02 03:21:00,Organic Social,Email,TikTok Organic,Promotional Email,5,4,1,1,166.3,172.03,2025-06-02 03:21:00,7.17,Organic Social > Direct > Paid Social > Paid Social > Email
JOURNEY-00076,CUST-00076,2025-06-17 06:39:00,2025-06-24 09:13:00,Organic Social,Organic Search,TikTok Organic,Educational Content,4,3,1,1,93.2,170.57,2025-06-24 09:13:00,7.11,Organic Social > Organic Search > Paid Social > Organic Search
JOURNEY-00077,CUST-00077,2025-04-29 22:50:00,2025-05-01 13:44:00,Direct,Organic Social,Direct Visit,TikTok Organic,2,2,1,1,87.37,38.9,2025-05-01 13:44:00,1.62,Direct > Organic Social
JOURNEY-00078,CUST-00078,2025-04-13 18:56:00,2025-04-25 19:57:00,Referral,Paid Search,Affiliate,Brand Search,5,5,0,0,0.0,289.02,,,Referral > Paid Social > Email > Organic Search > Paid Search
JOURNEY-00079,CUST-00079,2025-06-18 08:07:00,2025-06-27 01:08:00,Paid Search,Paid Social,Product Search,Facebook Ads,5,5,0,0,0.0,209.02,,,Paid Search > Referral > Display > Organic Search > Paid Social
JOURNEY-00080,CUST-00080,2025-04-14 04:29:00,2025-04-15 22:27:00,Paid Search,Direct,Product Search,Direct Visit,2,2,0,0,0.0,41.97,,,Paid Search > Direct
JOURNEY-00081,CUST-00081,2025-03-07 00:12:00,2025-03-13 12:27:00,Direct,Organic Search,Direct Visit,Educational Content,5,5,0,0,0.0,156.25,,,Direct > Referral > Paid Search > Display > Organic Search
JOURNEY-00082,CUST-00082,2025-04-13 04:58:00,2025-04-17 01:38:00,Organic Search,Paid Search,SEO Blog,Competitor Search,2,2,0,0,0.0,92.67,,,Organic Search > Paid Search
JOURNEY-00083,CUST-00083,2025-06-16 19:18:00,2025-06-22 15:20:00,Organic Social,Paid Social,TikTok Organic,Facebook Ads,5,4,0,0,0.0,140.03,,,Organic Social > Direct > Direct > Email > Paid Social
JOURNEY-00084,CUST-00084,2025-02-20 23:49:00,2025-02-23 05:51:00,Organic Social,Direct,Instagram Organic,Direct Visit,2,2,0,0,0.0,54.03,,,Organic Social > Direct
JOURNEY-00085,CUST-00085,2025-01-27 04:08:00,2025-01-27 04:08:00,Direct,Direct,Direct Visit,Direct Visit,1,1,0,0,0.0,0.0,,,Direct
JOURNEY-00086,CUST-00086,2025-04-13 03:20:00,2025-04-20 19:04:00,Paid Search,Paid Social,Brand Search,LinkedIn Ads,5,5,0,0,0.0,183.73,,,Paid Search > Organic Search > Organic Social > Direct > Paid Social
JOURNEY-00087,CUST-00087,2025-04-06 12:01:00,2025-04-10 04:26:00,Paid Social,Direct,Facebook Ads,Direct Visit,2,2,0,0,0.0,88.42,,,Paid Social > Direct
JOURNEY-00088,CUST-00088,2025-04-18 23:01:00,2025-04-24 08:12:00,Direct,Referral,Direct Visit,Partner Website,4,4,0,0,0.0,129.18,,,Direct > Paid Social > Paid Search > Referral
JOURNEY-00089,CUST-00089,2025-01-09 17:29:00,2025-01-16 23:33:00,Organic Search,Email,Product Pages,Promotional Email,5,4,0,0,0.0,174.07,,,Organic Search > Display > Paid Search > Organic Search > Email
JOURNEY-00090,CUST-00090,2025-05-22 11:48:00,2025-05-23 03:52:00,Organic Search,Paid Social,SEO Blog,Facebook Ads,2,2,1,1,86.28,16.07,2025-05-23 03:52:00,0.67,Organic Search > Paid Social
JOURNEY-00091,CUST-00091,2025-03-28 08:21:00,2025-04-05 11:24:00,Paid Search,Display,Brand Search,Retargeting,5,5,0,0,0.0,195.05,,,Paid Search > Organic Social > Paid Social > Organic Search > Display
JOURNEY-00092,CUST-00092,2025-06-06 17:00:00,2025-06-15 19:55:00,Paid Social,Referral,Instagram Ads,Affiliate,6,4,1,1,71.69,218.92,2025-06-15 19:55:00,9.12,Paid Social > Organic Social > Paid Social > Email > Organic Social > Referral
JOURNEY-00093,CUST-00093,2025-04-24 22:45:00,2025-04-28 21:00:00,Referral,Email,Partner Website,Promotional Email,2,2,1,1,185.74,94.25,2025-04-28 21:00:00,3.93,Referral > Email
JOURNEY-00094,CUST-00094,2025-06-14 08:57:00,2025-06-22 12:33:00,Organic Search,Organic Search,Product Pages,SEO Blog,4,3,0,0,0.0,195.6,,,Organic Search > Organic Social > Paid Social > Organic Search
JOURNEY-00095,CUST-00095,2025-01-26 09:20:00,2025-01-31 23:19:00,Paid Social,Organic Search,LinkedIn Ads,Educational Content,3,3,0,0,0.0,133.98,,,Paid Social > Paid Search > Organic Search
JOURNEY-00096,CUST-00096,2025-01-16 18:58:00,2025-01-22 01:36:00,Paid Social,Organic Social,Instagram Ads,Instagram Organic,4,4,0,0,0.0,126.63,,,Paid Social > Paid Search > Organic Search > Organic Social
JOURNEY-00097,CUST-00097,2025-06-19 06:02:00,2025-06-26 01:58:00,Paid Search,Referral,Product Search,Partner Website,3,3,1,1,135.08,163.93,2025-06-26 01:58:00,6.83,Paid Search > Email > Referral
JOURNEY-00098,CUST-00098,2025-02-25 03:56:00,2025-03-01 21:12:00,Display,Direct,Banner Campaign,Direct Visit,3,3,0,0,0.0,113.27,,,Display > Paid Social > Direct
JOURNEY-00099,CUST-00099,2025-05-30 18:57:00,2025-06-06 05:31:00,Organic Search,Paid Social,Educational Content,Instagram Ads,4,4,1,1,150.45,154.57,2025-06-06 05:31:00,6.44,Organic Search > Display > Email > Paid Social
JOURNEY-00100,CUST-00100,2025-06-27 14:22:00,2025-07-03 12:01:00,Direct,Display,Direct Visit,Prospecting,4,4,0,0,0.0,141.65,,,Direct > Referral > Organic Search > Display
JOURNEY-00101,CUST-00101,2025-03-31 20:23:00,2025-04-05 08:39:00,Direct,Display,Direct Visit,Prospecting,3,3,0,0,0.0,108.27,,,Direct > Paid Search > Display
JOURNEY-00102,CUST-00102,2025-03-15 00:20:00,2025-03-15 11:48:00,Email,Organic Social,Promotional Email,Instagram Organic,2,2,0,0,0.0,11.47,,,Email > Organic Social
JOURNEY-00103,CUST-00103,2025-03-22 23:34:00,2025-03-24 13:07:00,Paid Search,Direct,Competitor Search,Direct Visit,4,3,0,0,0.0,37.55,,,Paid Search > Direct > Referral > Direct
JOURNEY-00104,CUST-00104,2025-06-18 17:24:00,2025-07-05 01:58:00,Paid Social,Paid Social,Facebook Ads,Facebook Ads,7,5,0,0,0.0,392.57,,,Paid Social > Organic Social > Paid Search > Referral > Organic Search > Paid Search > Paid Social
JOURNEY-00105,CUST-00105,2025-04-11 16:36:00,2025-04-18 01:52:00,Paid Social,Paid Search,Instagram Ads,Competitor Search,3,2,1,1,73.35,153.27,2025-04-18 01:52:00,6.39,Paid Social > Paid Social > Paid Search
JOURNEY-00106,CUST-00106,2025-04-26 14:59:00,2025-05-04 07:43:00,Paid Search,Paid Social,Competitor Search,LinkedIn Ads,5,4,0,0,0.0,184.73,,,Paid Search > Email > Paid Social > Direct > Paid Social
JOURNEY-00107,CUST-00107,2025-01-06 09:37:00,2025-01-09 10:23:00,Organic Search,Paid Social,SEO Blog,Facebook Ads,3,3,0,0,0.0,72.77,,,Organic Search > Email > Paid Social
JOURNEY-00108,CUST-00108,2025-06-29 16:15:00,2025-07-01 19:58:00,Email,Direct,Welcome Series,Direct Visit,2,2,0,0,0.0,51.72,,,Email > Direct
JOURNEY-00109,CUST-00109,2025-06-04 22:26:00,2025-06-10 20:08:00,Direct,Display,Direct Visit,Banner Campaign,4,3,0,0,0.0,141.7,,,Direct > Direct > Referral > Display
JOURNEY-00110,CUST-00110,2025-03-19 04:31:00,2025-03-19 22:32:00,Paid Social,Organic Search,LinkedIn Ads,Educational Content,2,2,0,0,0.0,18.02,,,Paid Social > Organic Search
JOURNEY-00111,CUST-00111,2025-02-26 00:03:00,2025-03-02 08:18:00,Email,Referral,Welcome Series,Affiliate,3,3,1,1,56.35,104.25,2025-03-02 08:18:00,4.34,Email > Paid Search > Referral
JOURNEY-00112,CUST-00112,2025-01-02 21:12:00,2025-01-07 21:20:00,Email,Organic Social,Promotional Email,LinkedIn Organic,3,3,0,0,0.0,120.13,,,Email > Display > Organic Social
JOURNEY-00113,CUST-00113,2025-01-09 07:26:00,2025-01-12 13:28:00,Email,Organic Social,Newsletter,Instagram Organic,2,2,0,0,0.0,78.03,,,Email > Organic Social
JOURNEY-00114,CUST-00114,2025-06-05 05:34:00,2025-06-07 21:00:00,Paid Social,Referral,Facebook Ads,Customer Referral,3,3,0,0,0.0,63.43,,,Paid Social > Paid Search > Referral
JOURNEY-00115,CUST-00115,2025-01-13 20:03:00,2025-01-21 03:15:00,Email,Paid Search,Newsletter,Brand Search,6,4,0,0,0.0,175.2,,,Email > Paid Social > Email > Paid Search > Display > Paid Search
JOURNEY-00116,CUST-00116,2025-02-08 14:37:00,2025-02-13 04:00:00,Direct,Display,Direct Visit,Retargeting,3,3,0,0,0.0,109.38,,,Direct > Organic Search > Display
JOURNEY-00117,CUST-00117,2025-01-05 20:43:00,2025-01-09 07:52:00,Referral,Direct,Partner Website,Direct Visit,3,3,0,0,0.0,83.15,,,Referral > Paid Social > Direct
JOURNEY-00118,CUST-00118,2025-01-28 13:17:00,2025-01-28 13:17:00,Paid Search,Paid Search,Competitor Search,Competitor Search,1,1,0,0,0.0,0.0,,,Paid Search
JOURNEY-00119,CUST-00119,2025-03-16 16:36:00,2025-03-17 17:55:00,Paid Social,Email,Facebook Ads,Newsletter,2,2,1,1,136.93,25.32,2025-03-17 17:55:00,1.05,Paid Social > Email
JOURNEY-00120,CUST-00120,2025-04-24 12:45:00,2025-05-04 06:20:00,Paid Social,Direct,Facebook Ads,Direct Visit,4,4,1,1,206.61,233.58,2025-05-04 06:20:00,9.73,Paid Social > Paid Search > Referral > Direct
JOURNEY-00121,CUST-00121,2025-05-23 08:05:00,2025-05-23 10:33:00,Paid Search,Organic Social,Competitor Search,Instagram Organic,2,2,0,0,0.0,2.47,,,Paid Search > Organic Social
JOURNEY-00122,CUST-00122,2025-06-26 17:56:00,2025-06-30 11:55:00,Organic Search,Organic Social,SEO Blog,LinkedIn Organic,2,2,1,1,167.34,89.98,2025-06-30 11:55:00,3.75,Organic Search > Organic Social
JOURNEY-00123,CUST-00123,2025-03-16 20:51:00,2025-03-22 22:35:00,Organic Social,Paid Social,TikTok Organic,Facebook Ads,4,4,1,1,129.36,145.73,2025-03-22 22:35:00,6.07,Organic Social > Direct > Paid Search > Paid Social
JOURNEY-00124,CUST-00124,2025-01-08 21:25:00,2025-01-16 23:37:00,Paid Search,Display,Product Search,Retargeting,5,4,1,1,167.45,194.2,2025-01-16 23:37:00,8.09,Paid Search > Organic Social > Paid Search > Paid Social > Display
JOURNEY-00125,CUST-00125,2025-01-14 22:36:00,2025-01-14 22:36:00,Paid Search,Paid Search,Brand Search,Brand Search,1,1,1,1,40.95,0.0,2025-01-14 22:36:00,0.0,Paid Search
JOURNEY-00126,CUST-00126,2025-03-05 06:16:00,2025-03-05 06:16:00,Paid Social,Paid Social,Instagram Ads,Instagram Ads,1,1,0,0,0.0,0.0,,,Paid Social
JOURNEY-00127,CUST-00127,2025-04-19 00:13:00,2025-04-22 05:44:00,Display,Direct,Retargeting,Direct Visit,2,2,0,0,0.0,77.52,,,Display > Direct
JOURNEY-00128,CUST-00128,2025-01-13 22:29:00,2025-01-25 19:53:00,Direct,Organic Social,Direct Visit,TikTok Organic,8,6,0,0,0.0,285.4,,,Direct > Email > Paid Search > Email > Paid Search > Referral > Display > Organic Social
JOURNEY-00129,CUST-00129,2025-06-23 06:40:00,2025-06-29 07:05:00,Display,Paid Search,Banner Campaign,Product Search,4,3,0,0,0.0,144.42,,,Display > Direct > Display > Paid Search
JOURNEY-00130,CUST-00130,2025-03-02 14:10:00,2025-03-02 14:10:00,Paid Search,Paid Search,Competitor Search,Competitor Search,1,1,0,0,0.0,0.0,,,Paid Search
JOURNEY-00131,CUST-00131,2025-03-13 22:15:00,2025-03-15 22:41:00,Organic Search,Paid Social,Educational Content,Facebook Ads,2,2,0,0,0.0,48.43,,,Organic Search > Paid Social
JOURNEY-00132,CUST-00132,2025-01-29 21:06:00,2025-02-05 23:34:00,Direct,Paid Social,Direct Visit,LinkedIn Ads,6,5,1,1,146.1,170.47,2025-02-05 23:34:00,7.1,Direct > Referral > Organic Search > Paid Social > Organic Social > Paid Social
JOURNEY-00133,CUST-00133,2025-02-27 11:22:00,2025-03-05 23:22:00,Organic Search,Paid Search,SEO Blog,Brand Search,3,3,0,0,0.0,156.0,,,Organic Search > Paid Social > Paid Search
JOURNEY-00134,CUST-00134,2025-03-10 17:25:00,2025-03-22 04:05:00,Email,Email,Welcome Series,Newsletter,5,4,1,1,122.27,274.67,2025-03-22 04:05:00,11.44,Email > Direct > Paid Social > Paid Search > Email
JOURNEY-00135,CUST-00135,2025-06-11 08:42:00,2025-06-15 20:04:00,Organic Search,Email,Educational Content,Promotional Email,4,4,1,1,102.75,107.37,2025-06-15 20:04:00,4.47,Organic Search > Paid Search > Direct > Email
JOURNEY-00136,CUST-00136,2025-06-21 17:59:00,2025-06-21 17:59:00,Display,Display,Banner Campaign,Banner Campaign,1,1,0,0,0.0,0.0,,,Display
JOURNEY-00137,CUST-00137,2025-04-11 10:17:00,2025-04-15 08:18:00,Direct,Paid Search,Direct Visit,Brand Search,3,2,0,0,0.0,94.02,,,Direct > Direct > Paid Search
JOURNEY-00138,CUST-00138,2025-06-21 01:01:00,2025-06-25 02:48:00,Paid Search,Direct,Product Search,Direct Visit,3,3,1,1,342.89,97.78,2025-06-25 02:48:00,4.07,Paid Search > Paid Social > Direct
JOURNEY-00139,CUST-00139,2025-05-29 15:04:00,2025-06-08 19:28:00,Paid Search,Display,Competitor Search,Retargeting,5,3,1,1,500.14,244.4,2025-06-08 19:28:00,10.18,Paid Search > Organic Search > Display > Organic Search > Display
JOURNEY-00140,CUST-00140,2025-04-01 06:28:00,2025-04-04 14:40:00,Direct,Email,Direct Visit,Welcome Series,3,2,1,1,151.83,80.2,2025-04-04 14:40:00,3.34,Direct > Email > Email
JOURNEY-00141,CUST-00141,2025-05-26 20:12:00,2025-05-28 15:21:00,Paid Search,Display,Product Search,Prospecting,2,2,0,0,0.0,43.15,,,Paid Search > Display
JOURNEY-00142,CUST-00142,2025-01-02 08:44:00,2025-01-04 03:06:00,Paid Search,Display,Product Search,Prospecting,3,3,0,0,0.0,42.37,,,Paid Search > Email > Display
JOURNEY-00143,CUST-00143,2025-01-23 12:33:00,2025-01-30 11:52:00,Organic Search,Paid Social,Educational Content,LinkedIn Ads,6,4,0,0,0.0,167.32,,,Organic Search > Paid Social > Direct > Email > Direct > Paid Social
JOURNEY-00144,CUST-00144,2025-06-15 16:11:00,2025-06-29 23:34:00,Email,Organic Search,Promotional Email,SEO Blog,7,6,0,0,0.0,343.38,,,Email > Email > Paid Social > Display > Direct > Paid Search > Organic Search
JOURNEY-00145,CUST-00145,2025-02-19 09:35:00,2025-02-22 01:01:00,Organic Search,Referral,Educational Content,Partner Website,3,3,0,0,0.0,63.43,,,Organic Search > Display > Referral
JOURNEY-00146,CUST-00146,2025-04-04 18:08:00,2025-04-04 18:08:00,Organic Search,Organic Search,Educational Content,Educational Content,1,1,0,0,0.0,0.0,,,Organic Search
JOURNEY-00147,CUST-00147,2025-06-19 05:20:00,2025-06-22 11:15:00,Referral,Paid Social,Customer Referral,Facebook Ads,2,2,0,0,0.0,77.92,,,Referral > Paid Social
JOURNEY-00148,CUST-00148,2025-06-23 22:55:00,2025-06-24 18:57:00,Organic Social,Email,LinkedIn Organic,Newsletter,2,2,1,1,190.69,20.03,2025-06-24 18:57:00,0.83,Organic Social > Email
JOURNEY-00149,CUST-00149,2025-05-03 14:56:00,2025-05-07 13:22:00,Direct,Email,Direct Visit,Promotional Email,3,3,0,0,0.0,94.43,,,Direct > Paid Social > Email
JOURNEY-00150,CUST-00150,2025-03-05 03:23:00,2025-03-11 12:48:00,Paid Social,Direct,Facebook Ads,Direct Visit,3,3,1,1,145.51,153.42,2025-03-11 12:48:00,6.39,Paid Social > Email > Direct
JOURNEY-00151,CUST-00151,2025-04-26 00:57:00,2025-04-26 00:57:00,Email,Email,Welcome Series,Welcome Series,1,1,0,0,0.0,0.0,,,Email
JOURNEY-00152,CUST-00152,2025-03-09 19:14:00,2025-03-16 08:06:00,Organic Social,Paid Search,LinkedIn Organic,Competitor Search,4,4,0,0,0.0,156.87,,,Organic Social > Paid Social > Direct > Paid Search
JOURNEY-00153,CUST-00153,2025-01-05 19:37:00,2025-01-08 06:05:00,Email,Display,Promotional Email,Retargeting,2,2,0,0,0.0,58.47,,,Email > Display
JOURNEY-00154,CUST-00154,2025-04-29 13:38:00,2025-05-07 00:02:00,Referral,Email,Customer Referral,Promotional Email,3,3,0,0,0.0,178.4,,,Referral > Organic Social > Email
JOURNEY-00155,CUST-00155,2025-04-19 10:52:00,2025-04-22 00:45:00,Paid Search,Organic Social,Product Search,LinkedIn Organic,2,2,0,0,0.0,61.88,,,Paid Search > Organic Social
JOURNEY-00156,CUST-00156,2025-04-28 08:24:00,2025-05-01 09:36:00,Direct,Paid Social,Direct Visit,Facebook Ads,3,3,0,0,0.0,73.2,,,Direct > Referral > Paid Social
JOURNEY-00157,CUST-00157,2025-01-16 06:08:00,2025-01-29 01:44:00,Organic Search,Direct,Product Pages,Direct Visit,6,4,1,1,226.66,307.6,2025-01-29 01:44:00,12.82,Organic Search > Referral > Display > Direct > Display > Direct
JOURNEY-00158,CUST-00158,2025-03-19 17:42:00,2025-03-24 00:27:00,Display,Referral,Banner Campaign,Affiliate,3,3,0,0,0.0,102.75,,,Display > Organic Social > Referral
JOURNEY-00159,CUST-00159,2025-06-28 12:06:00,2025-07-08 04:06:00,Organic Search,Organic Social,Product Pages,LinkedIn Organic,6,4,0,0,0.0,232.0,,,Organic Search > Referral > Paid Social > Paid Social > Organic Search > Organic Social
JOURNEY-00160,CUST-00160,2025-04-30 06:47:00,2025-05-06 17:50:00,Organic Search,Organic Social,Educational Content,LinkedIn Organic,4,3,0,0,0.0,155.05,,,Organic Search > Email > Organic Search > Organic Social
JOURNEY-00161,CUST-00161,2025-03-12 00:28:00,2025-03-23 06:15:00,Direct,Direct,Direct Visit,Direct Visit,5,4,1,1,42.79,269.78,2025-03-23 06:15:00,11.24,Direct > Organic Search > Paid Search > Email > Direct
JOURNEY-00162,CUST-00162,2025-03-15 03:23:00,2025-03-19 05:42:00,Direct,Paid Social,Direct Visit,Facebook Ads,3,3,0,0,0.0,98.32,,,Direct > Paid Search > Paid Social
JOURNEY-00163,CUST-00163,2025-02-24 20:32:00,2025-02-27 22:43:00,Display,Organic Search,Retargeting,Educational Content,2,2,0,0,0.0,74.18,,,Display > Organic Search
JOURNEY-00164,CUST-00164,2025-03-31 13:52:00,2025-04-07 03:37:00,Display,Email,Prospecting,Promotional Email,4,3,0,0,0.0,157.75,,,Display > Referral > Email > Email
JOURNEY-00165,CUST-00165,2025-02-09 18:36:00,2025-02-19 02:20:00,Email,Organic Search,Newsletter,Educational Content,5,4,1,1,133.84,223.73,2025-02-19 02:20:00,9.32,Email > Paid Social > Organic Search > Paid Search > Organic Search
JOURNEY-00166,CUST-00166,2025-05-16 18:20:00,2025-05-22 13:16:00,Organic Social,Paid Social,LinkedIn Organic,Instagram Ads,5,4,0,0,0.0,138.93,,,Organic Social > Paid Search > Email > Paid Search > Paid Social
JOURNEY-00167,CUST-00167,2025-04-20 01:52:00,2025-04-29 09:47:00,Direct,Organic Search,Direct Visit,Product Pages,4,4,0,0,0.0,223.92,,,Direct > Email > Paid Social > Organic Search
JOURNEY-00168,CUST-00168,2025-02-04 18:22:00,2025-02-10 06:02:00,Paid Social,Organic Search,Facebook Ads,Product Pages,3,2,0,0,0.0,131.67,,,Paid Social > Organic Search > Organic Search
JOURNEY-00169,CUST-00169,2025-02-05 17:00:00,2025-02-10 22:40:00,Paid Social,Paid Search,Facebook Ads,Product Search,6,4,0,0,0.0,125.67,,,Paid Social > Organic Social > Organic Search > Paid Search > Organic Social > Paid Search
JOURNEY-00170,CUST-00170,2025-01-01 07:19:00,2025-01-01 19:30:00,Organic Social,Organic Search,TikTok Organic,SEO Blog,2,2,1,1,176.23,12.18,2025-01-01 19:30:00,0.51,Organic Social > Organic Search
JOURNEY-00171,CUST-00171,2025-03-12 23:24:00,2025-03-22 00:08:00,Email,Direct,Welcome Series,Direct Visit,4,3,1,1,234.62,216.73,2025-03-22 00:08:00,9.03,Email > Paid Social > Paid Social > Direct
JOURNEY-00172,CUST-00172,2025-05-29 05:15:00,2025-06-03 05:48:00,Paid Search,Paid Search,Competitor Search,Product Search,4,3,1,1,100.81,120.55,2025-06-03 05:48:00,5.02,Paid Search > Display > Direct > Paid Search
JOURNEY-00173,CUST-00173,2025-05-09 02:54:00,2025-05-17 20:15:00,Paid Search,Paid Search,Brand Search,Brand Search,5,4,1,1,143.75,209.35,2025-05-17 20:15:00,8.72,Paid Search > Direct > Organic Search > Referral > Paid Search
JOURNEY-00174,CUST-00174,2025-03-02 07:14:00,2025-03-02 07:14:00,Direct,Direct,Direct Visit,Direct Visit,1,1,0,0,0.0,0.0,,,Direct
JOURNEY-00175,CUST-00175,2025-01-21 06:55:00,2025-01-22 09:23:00,Organic Search,Paid Social,Product Pages,Instagram Ads,2,2,0,0,0.0,26.47,,,Organic Search > Paid Social
JOURNEY-00176,CUST-00176,2025-04-28 19:16:00,2025-05-14 00:39:00,Paid Search,Email,Competitor Search,Welcome Series,8,3,0,0,0.0,365.38,,,Paid Search > Email > Paid Search > Paid Social > Paid Search > Email > Paid Search > Email
JOURNEY-00177,CUST-00177,2025-06-07 17:46:00,2025-06-14 22:38:00,Paid Search,Display,Competitor Search,Retargeting,5,4,0,0,0.0,172.87,,,Paid Search > Paid Social > Organic Search > Paid Social > Display
JOURNEY-00178,CUST-00178,2025-02-24 04:34:00,2025-02-28 18:25:00,Paid Social,Paid Social,Facebook Ads,Instagram Ads,4,3,0,0,0.0,109.85,,,Paid Social > Direct > Email > Paid Social
JOURNEY-00179,CUST-00179,2025-06-01 05:30:00,2025-06-07 15:39:00,Email,Paid Social,Welcome Series,Instagram Ads,5,4,0,0,0.0,154.15,,,Email > Paid Social > Organic Search > Direct > Paid Social
JOURNEY-00180,CUST-00180,2025-06-13 05:06:00,2025-06-20 02:14:00,Email,Organic Search,Promotional Email,SEO Blog,4,3,1,1,85.88,165.13,2025-06-20 02:14:00,6.88,Email > Referral > Email > Organic Search
JOURNEY-00181,CUST-00181,2025-06-18 22:13:00,2025-06-19 23:51:00,Direct,Organic Social,Direct Visit,Instagram Organic,3,3,0,0,0.0,25.63,,,Direct > Email > Organic Social
JOURNEY-00182,CUST-00182,2025-02-24 18:40:00,2025-03-06 15:53:00,Organic Search,Organic Search,SEO Blog,SEO Blog,5,3,0,0,0.0,237.22,,,Organic Search > Paid Social > Paid Search > Paid Social > Organic Search
JOURNEY-00183,CUST-00183,2025-05-10 01:46:00,2025-05-14 01:02:00,Paid Social,Organic Search,Facebook Ads,Educational Content,2,2,0,0,0.0,95.27,,,Paid Social > Organic Search
JOURNEY-00184,CUST-00184,2025-01-30 14:18:00,2025-02-07 09:32:00,Paid Search,Organic Search,Product Search,SEO Blog,5,3,0,0,0.0,187.23,,,Paid Search > Organic Search > Paid Social > Paid Search > Organic Search
JOURNEY-00185,CUST-00185,2025-01-24 20:44:00,2025-01-29 13:18:00,Paid Search,Paid Search,Product Search,Brand Search,6,4,1,1,237.11,112.57,2025-01-29 13:18:00,4.69,Paid Search > Organic Social > Direct > Organic Search > Organic Social > Paid Search
JOURNEY-00186,CUST-00186,2025-02-12 01:12:00,2025-02-25 22:44:00,Paid Search,Organic Search,Brand Search,Product Pages,8,6,1,1,139.82,333.53,2025-02-25 22:44:00,13.9,Paid Search > Paid Social > Display > Referral > Organic Social > Paid Search > Display > Organic Search
JOURNEY-00187,CUST-00187,2025-06-21 17:55:00,2025-06-28 21:34:00,Organic Search,Organic Search,Product Pages,Educational Content,4,3,0,0,0.0,171.65,,,Organic Search > Paid Search > Email > Organic Search
JOURNEY-00188,CUST-00188,2025-01-01 01:09:00,2025-01-08 18:50:00,Paid Search,Organic Search,Competitor Search,Educational Content,3,3,0,0,0.0,185.68,,,Paid Search > Organic Social > Organic Search
JOURNEY-00189,CUST-00189,2025-01-26 07:57:00,2025-02-04 23:58:00,Email,Email,Welcome Series,Welcome Series,6,4,0,0,0.0,232.02,,,Email > Paid Search > Paid Social > Paid Search > Organic Search > Email
JOURNEY-00190,CUST-00190,2025-01-05 20:59:00,2025-01-08 07:05:00,Email,Paid Search,Newsletter,Competitor Search,2,2,1,1,94.93,58.1,2025-01-08 07:05:00,2.42,Email > Paid Search
JOURNEY-00191,CUST-00191,2025-02-04 17:52:00,2025-02-12 16:46:00,Paid Search,Organic Social,Brand Search,Instagram Organic,4,3,0,0,0.0,190.9,,,Paid Search > Paid Social > Paid Search > Organic Social
JOURNEY-00192,CUST-00192,2025-06-19 01:14:00,2025-06-19 01:14:00,Paid Social,Paid Social,Facebook Ads,Facebook Ads,1,1,0,0,0.0,0.0,,,Paid Social
JOURNEY-00193,CUST-00193,2025-04-05 17:49:00,2025-04-12 11:42:00,Paid Search,Organic Social,Competitor Search,TikTok Organic,3,3,0,0,0.0,161.88,,,Paid Search > Organic Search > Organic Social
JOURNEY-00194,CUST-00194,2025-01-21 13:33:00,2025-01-25 18:43:00,Paid Social,Email,Instagram Ads,Newsletter,3,2,0,0,0.0,101.17,,,Paid Social > Email > Email
JOURNEY-00195,CUST-00195,2025-05-05 00:53:00,2025-05-06 18:32:00,Paid Search,Referral,Competitor Search,Customer Referral,2,2,1,1,117.51,41.65,2025-05-06 18:32:00,1.74,Paid Search > Referral
JOURNEY-00196,CUST-00196,2025-04-12 16:57:00,2025-04-23 12:18:00,Direct,Direct,Direct Visit,Direct Visit,6,5,1,1,84.06,259.35,2025-04-23 12:18:00,10.81,Direct > Paid Social > Organic Search > Paid Search > Display > Direct
JOURNEY-00197,CUST-00197,2025-04-03 18:39:00,2025-04-04 17:42:00,Paid Search,Organic Social,Product Search,LinkedIn Organic,2,2,1,1,158.92,23.05,2025-04-04 17:42:00,0.96,Paid Search > Organic Social
JOURNEY-00198,CUST-00198,2025-03-04 03:21:00,2025-03-09 07:49:00,Paid Search,Organic Social,Product Search,LinkedIn Organic,5,5,0,0,0.0,124.47,,,Paid Search > Direct > Referral > Display > Organic Social
JOURNEY-00199,CUST-00199,2025-02-03 16:45:00,2025-02-11 00:31:00,Organic Search,Organic Social,SEO Blog,LinkedIn Organic,4,4,1,1,86.96,175.77,2025-02-11 00:31:00,7.32,Organic Search > Referral > Email > Organic Social
JOURNEY-00200,CUST-00200,2025-03-28 07:47:00,2025-04-05 11:59:00,Paid Social,Email,LinkedIn Ads,Promotional Email,5,3,0,0,0.0,196.2,,,Paid Social > Organic Social > Email > Paid Social > Email
JOURNEY-00201,CUST-00201,2025-02-22 14:59:00,2025-02-27 06:38:00,Referral,Paid Search,Affiliate,Product Search,3,3,0,0,0.0,111.65,,,Referral > Organic Social > Paid Search
JOURNEY-00202,CUST-00202,2025-04-20 15:58:00,2025-04-20 15:58:00,Organic Social,Organic Social,LinkedIn Organic,LinkedIn Organic,1,1,0,0,0.0,0.0,,,Organic Social
JOURNEY-00203,CUST-00203,2025-06-02 04:04:00,2025-06-11 16:50:00,Display,Paid Search,Prospecting,Product Search,8,5,1,1,96.38,228.77,2025-06-11 16:50:00,9.53,Display > Paid Social > Direct > Paid Search > Paid Social > Organic Social > Paid Social > Paid Search
JOURNEY-00204,CUST-00204,2025-02-20 08:08:00,2025-03-03 21:36:00,Organic Search,Organic Social,Product Pages,Instagram Organic,5,5,0,0,0.0,277.47,,,Organic Search > Referral > Paid Social > Direct > Organic Social
JOURNEY-00205,CUST-00205,2025-02-25 21:26:00,2025-02-26 23:35:00,Organic Search,Paid Social,Product Pages,Instagram Ads,2,2,0,0,0.0,26.15,,,Organic Search > Paid Social
JOURNEY-00206,CUST-00206,2025-01-21 11:44:00,2025-01-30 09:46:00,Organic Search,Paid Search,Educational Content,Product Search,6,3,0,0,0.0,214.03,,,Organic Search > Referral > Organic Search > Referral > Paid Search > Paid Search
JOURNEY-00207,CUST-00207,2025-02-05 13:41:00,2025-02-14 01:51:00,Paid Social,Organic Social,LinkedIn Ads,LinkedIn Organic,5,4,0,0,0.0,204.17,,,Paid Social > Paid Search > Paid Social > Direct > Organic Social
JOURNEY-00208,CUST-00208,2025-04-13 19:04:00,2025-04-18 15:21:00,Referral,Organic Search,Affiliate,Product Pages,3,3,1,1,167.28,116.28,2025-04-18 15:21:00,4.85,Referral > Organic Social > Organic Search
JOURNEY-00209,CUST-00209,2025-06-13 07:32:00,2025-06-16 09:03:00,Organic Search,Organic Search,SEO Blog,Educational Content,3,2,0,0,0.0,73.52,,,Organic Search > Paid Search > Organic Search
JOURNEY-00210,CUST-00210,2025-03-02 03:58:00,2025-03-09 09:40:00,Organic Social,Email,TikTok Organic,Newsletter,3,3,0,0,0.0,173.7,,,Organic Social > Organic Search > Email
JOURNEY-00211,CUST-00211,2025-01-12 17:00:00,2025-01-12 17:00:00,Paid Social,Paid Social,Instagram Ads,Instagram Ads,1,1,0,0,0.0,0.0,,,Paid Social
JOURNEY-00212,CUST-00212,2025-03-08 22:36:00,2025-03-12 03:08:00,Paid Social,Paid Search,Facebook Ads,Brand Search,2,2,0,0,0.0,76.53,,,Paid Social > Paid Search
JOURNEY-00213,CUST-00213,2025-05-16 11:01:00,2025-05-18 18:33:00,Paid Social,Direct,Facebook Ads,Direct Visit,2,2,0,0,0.0,55.53,,,Paid Social > Direct
JOURNEY-00214,CUST-00214,2025-01-11 17:52:00,2025-01-21 03:40:00,Display,Referral,Prospecting,Affiliate,4,4,0,0,0.0,225.8,,,Display > Direct > Email > Referral
JOURNEY-00215,CUST-00215,2025-03-19 15:34:00,2025-04-01 09:20:00,Paid Search,Paid Search,Competitor Search,Brand Search,8,6,0,0,0.0,305.77,,,Paid Search > Direct > Organic Search > Display > Referral > Paid Social > Organic Search > Paid Search
JOURNEY-00216,CUST-00216,2025-06-27 19:03:00,2025-06-30 11:42:00,Display,Paid Social,Retargeting,LinkedIn Ads,2,2,0,0,0.0,64.65,,,Display > Paid Social
JOURNEY-00217,CUST-00217,2025-05-26 18:06:00,2025-06-06 20:13:00,Paid Search,Direct,Competitor Search,Direct Visit,6,5,0,0,0.0,266.12,,,Paid Search > Referral > Direct > Organic Search > Email > Direct
JOURNEY-00218,CUST-00218,2025-03-16 06:12:00,2025-03-16 06:12:00,Organic Search,Organic Search,SEO Blog,SEO Blog,1,1,0,0,0.0,0.0,,,Organic Search
JOURNEY-00219,CUST-00219,2025-01-04 21:33:00,2025-01-16 22:53:00,Paid Search,Display,Product Search,Prospecting,6,5,0,0,0.0,289.33,,,Paid Search > Organic Social > Paid Social > Organic Social > Organic Search > Display
JOURNEY-00220,CUST-00220,2025-05-17 19:26:00,2025-05-24 06:29:00,Email,Organic Social,Welcome Series,LinkedIn Organic,4,2,0,0,0.0,155.05,,,Email > Organic Social > Email > Organic Social
JOURNEY-00221,CUST-00221,2025-03-08 16:42:00,2025-03-15 03:25:00,Paid Search,Email,Brand Search,Welcome Series,4,3,0,0,0.0,154.72,,,Paid Search > Organic Social > Paid Search > Email
JOURNEY-00222,CUST-00222,2025-02-07 00:09:00,2025-02-14 10:10:00,Paid Search,Display,Competitor Search,Banner Campaign,3,3,0,0,0.0,178.02,,,Paid Search > Organic Social > Display
JOURNEY-00223,CUST-00223,2025-06-01 15:28:00,2025-06-06 20:44:00,Organic Social,Organic Social,TikTok Organic,LinkedIn Organic,3,2,0,0,0.0,125.27,,,Organic Social > Direct > Organic Social
JOURNEY-00224,CUST-00224,2025-05-26 16:49:00,2025-06-03 22:44:00,Organic Social,Organic Search,LinkedIn Organic,SEO Blog,6,4,0,0,0.0,197.92,,,Organic Social > Paid Social > Direct > Paid Social > Paid Social > Organic Search
JOURNEY-00225,CUST-00225,2025-06-13 14:29:00,2025-06-15 10:00:00,Organic Search,Email,Educational Content,Promotional Email,3,3,0,0,0.0,43.52,,,Organic Search > Paid Social > Email
JOURNEY-00226,CUST-00226,2025-02-02 20:52:00,2025-02-06 14:58:00,Organic Search,Organic Social,Product Pages,Instagram Organic,2,2,0,0,0.0,90.1,,,Organic Search > Organic Social
JOURNEY-00227,CUST-00227,2025-03-03 07:31:00,2025-03-07 15:41:00,Email,Paid Search,Welcome Series,Product Search,4,4,0,0,0.0,104.17,,,Email > Organic Search > Paid Social > Paid Search
JOURNEY-00228,CUST-00228,2025-01-14 15:08:00,2025-01-14 15:08:00,Organic Social,Organic Social,TikTok Organic,TikTok Organic,1,1,0,0,0.0,0.0,,,Organic Social
JOURNEY-00229,CUST-00229,2025-01-16 05:04:00,2025-01-20 06:01:00,Organic Search,Direct,Educational Content,Direct Visit,3,3,0,0,0.0,96.95,,,Organic Search > Organic Social > Direct
JOURNEY-00230,CUST-00230,2025-05-10 08:07:00,2025-05-11 14:39:00,Email,Organic Search,Welcome Series,Product Pages,2,2,0,0,0.0,30.53,,,Email > Organic Search
JOURNEY-00231,CUST-00231,2025-02-03 05:36:00,2025-02-03 11:51:00,Organic Search,Paid Search,Product Pages,Product Search,2,2,0,0,0.0,6.25,,,Organic Search > Paid Search
JOURNEY-00232,CUST-00232,2025-02-28 17:53:00,2025-03-01 19:49:00,Organic Search,Paid Social,SEO Blog,Facebook Ads,2,2,0,0,0.0,25.93,,,Organic Search > Paid Social
JOURNEY-00233,CUST-00233,2025-04-28 18:38:00,2025-05-06 20:10:00,Organic Social,Organic Search,TikTok Organic,SEO Blog,4,4,0,0,0.0,193.53,,,Organic Social > Paid Search > Paid Social > Organic Search
JOURNEY-00234,CUST-00234,2025-03-21 22:10:00,2025-03-24 21:36:00,Organic Social,Referral,LinkedIn Organic,Customer Referral,3,3,0,0,0.0,71.43,,,Organic Social > Paid Social > Referral
JOURNEY-00235,CUST-00235,2025-01-25 18:39:00,2025-01-28 16:05:00,Email,Paid Search,Welcome Series,Competitor Search,3,3,0,0,0.0,69.43,,,Email > Direct > Paid Search
JOURNEY-00236,CUST-00236,2025-03-15 04:22:00,2025-03-21 13:33:00,Organic Search,Organic Search,Educational Content,Product Pages,3,2,0,0,0.0,153.18,,,Organic Search > Display > Organic Search
JOURNEY-00237,CUST-00237,2025-01-19 04:19:00,2025-01-21 17:39:00,Email,Email,Newsletter,Promotional Email,3,2,0,0,0.0,61.33,,,Email > Organic Social > Email
JOURNEY-00238,CUST-00238,2025-01-18 14:30:00,2025-01-31 11:27:00,Display,Organic Social,Prospecting,TikTok Organic,6,5,0,0,0.0,308.95,,,Display > Organic Search > Email > Referral > Organic Search > Organic Social
JOURNEY-00239,CUST-00239,2025-01-23 12:04:00,2025-01-23 12:04:00,Email,Email,Promotional Email,Promotional Email,1,1,0,0,0.0,0.0,,,Email
JOURNEY-00240,CUST-00240,2025-01-10 09:30:00,2025-01-10 18:54:00,Organic Search,Paid Search,Product Pages,Competitor Search,2,2,0,0,0.0,9.4,,,Organic Search > Paid Search
JOURNEY-00241,CUST-00241,2025-02-14 09:54:00,2025-02-22 04:12:00,Paid Search,Email,Brand Search,Promotional Email,4,4,1,1,77.23,186.3,2025-02-22 04:12:00,7.76,Paid Search > Organic Social > Organic Search > Email
JOURNEY-00242,CUST-00242,2025-04-11 23:56:00,2025-04-19 20:53:00,Direct,Paid Social,Direct Visit,LinkedIn Ads,5,5,0,0,0.0,188.95,,,Direct > Email > Paid Search > Display > Paid Social
JOURNEY-00243,CUST-00243,2025-02-20 21:06:00,2025-02-26 01:45:00,Organic Search,Paid Search,SEO Blog,Competitor Search,3,3,0,0,0.0,124.65,,,Organic Search > Referral > Paid Search
JOURNEY-00244,CUST-00244,2025-02-06 13:34:00,2025-02-11 08:01:00,Organic Search,Paid Search,SEO Blog,Competitor Search,3,3,0,0,0.0,114.45,,,Organic Search > Email > Paid Search
JOURNEY-00245,CUST-00245,2025-02-09 09:15:00,2025-02-13 05:52:00,Direct,Display,Direct Visit,Prospecting,3,3,0,0,0.0,92.62,,,Direct > Paid Search > Display
JOURNEY-00246,CUST-00246,2025-03-24 20:18:00,2025-04-04 15:27:00,Organic Search,Email,SEO Blog,Newsletter,6,4,0,0,0.0,259.15,,,Organic Search > Referral > Organic Search > Paid Search > Organic Search > Email
JOURNEY-00247,CUST-00247,2025-05-27 21:02:00,2025-06-08 15:49:00,Paid Social,Paid Social,LinkedIn Ads,Facebook Ads,6,5,0,0,0.0,282.78,,,Paid Social > Referral > Organic Search > Display > Paid Search > Paid Social
JOURNEY-00248,CUST-00248,2025-02-03 23:19:00,2025-02-13 15:03:00,Paid Search,Direct,Product Search,Direct Visit,5,4,0,0,0.0,231.73,,,Paid Search > Organic Search > Email > Organic Search > Direct
JOURNEY-00249,CUST-00249,2025-03-13 19:12:00,2025-03-21 00:18:00,Organic Social,Display,Instagram Organic,Retargeting,3,3,0,0,0.0,173.1,,,Organic Social > Paid Search > Display
JOURNEY-00250,CUST-00250,2025-06-01 22:01:00,2025-06-01 22:01:00,Organic Social,Organic Social,LinkedIn Organic,LinkedIn Organic,1,1,0,0,0.0,0.0,,,Organic Social
JOURNEY-00251,CUST-00251,2025-01-23 10:52:00,2025-02-02 19:45:00,Organic Social,Email,Instagram Organic,Newsletter,5,5,1,1,158.43,248.88,2025-02-02 19:45:00,10.37,Organic Social > Referral > Paid Search > Organic Search > Email
JOURNEY-00252,CUST-00252,2025-01-22 00:17:00,2025-01-23 17:01:00,Paid Search,Paid Search,Brand Search,Competitor Search,3,2,0,0,0.0,40.73,,,Paid Search > Organic Social > Paid Search
JOURNEY-00253,CUST-00253,2025-04-04 12:18:00,2025-04-12 03:20:00,Paid Search,Organic Search,Brand Search,Educational Content,4,4,0,0,0.0,183.03,,,Paid Search > Display > Organic Social > Organic Search
JOURNEY-00254,CUST-00254,2025-04-18 06:46:00,2025-04-21 07:55:00,Email,Direct,Newsletter,Direct Visit,2,2,0,0,0.0,73.15,,,Email > Direct
JOURNEY-00255,CUST-00255,2025-05-09 17:13:00,2025-05-09 17:13:00,Organic Search,Organic Search,SEO Blog,SEO Blog,1,1,0,0,0.0,0.0,,,Organic Search
JOURNEY-00256,CUST-00256,2025-02-22 00:40:00,2025-02-22 00:40:00,Organic Search,Organic Search,Product Pages,Product Pages,1,1,0,0,0.0,0.0,,,Organic Search
JOURNEY-00257,CUST-00257,2025-04-08 04:34:00,2025-04-11 00:44:00,Organic Search,Paid Social,SEO Blog,LinkedIn Ads,3,3,0,0,0.0,68.17,,,Organic Search > Paid Search > Paid Social
JOURNEY-00258,CUST-00258,2025-02-19 07:09:00,2025-02-23 10:16:00,Direct,Organic Social,Direct Visit,TikTok Organic,3,3,0,0,0.0,99.12,,,Direct > Paid Search > Organic Social
JOURNEY-00259,CUST-00259,2025-06-25 16:35:00,2025-07-05 01:10:00,Paid Search,Paid Social,Brand Search,LinkedIn Ads,4,3,0,0,0.0,224.58,,,Paid Search > Referral > Paid Social > Paid Social
JOURNEY-00260,CUST-00260,2025-06-18 11:06:00,2025-06-20 07:33:00,Organic Social,Organic Search,TikTok Organic,Educational Content,2,2,0,0,0.0,44.45,,,Organic Social > Organic Search
JOURNEY-00261,CUST-00261,2025-04-25 07:46:00,2025-04-28 20:51:00,Paid Search,Email,Competitor Search,Promotional Email,3,3,0,0,0.0,85.08,,,Paid Search > Paid Social > Email
JOURNEY-00262,CUST-00262,2025-03-28 16:27:00,2025-04-02 09:25:00,Email,Paid Search,Promotional Email,Competitor Search,3,3,0,0,0.0,112.97,,,Email > Paid Social > Paid Search
JOURNEY-00263,CUST-00263,2025-04-03 05:18:00,2025-04-04 06:50:00,Paid Social,Organic Search,LinkedIn Ads,Product Pages,2,2,0,0,0.0,25.53,,,Paid Social > Organic Search
JOURNEY-00264,CUST-00264,2025-06-28 13:40:00,2025-07-02 23:15:00,Organic Search,Email,Educational Content,Welcome Series,6,5,0,0,0.0,105.58,,,Organic Search > Email > Paid Social > Organic Social > Paid Search > Email
JOURNEY-00265,CUST-00265,2025-01-13 11:40:00,2025-01-13 11:40:00,Organic Search,Organic Search,Educational Content,Educational Content,1,1,0,0,0.0,0.0,,,Organic Search
JOURNEY-00266,CUST-00266,2025-05-19 08:42:00,2025-05-19 08:42:00,Direct,Direct,Direct Visit,Direct Visit,1,1,0,0,0.0,0.0,,,Direct
JOURNEY-00267,CUST-00267,2025-02-08 00:38:00,2025-02-16 17:19:00,Organic Social,Paid Search,TikTok Organic,Competitor Search,4,4,0,0,0.0,208.68,,,Organic Social > Organic Search > Direct > Paid Search
JOURNEY-00268,CUST-00268,2025-06-06 11:58:00,2025-06-19 02:40:00,Organic Search,Email,Educational Content,Newsletter,8,5,0,0,0.0,302.7,,,Organic Search > Organic Search > Direct > Paid Social > Paid Search > Paid Social > Paid Social > Email
JOURNEY-00269,CUST-00269,2025-04-25 14:16:00,2025-05-03 11:10:00,Organic Search,Organic Social,Educational Content,TikTok Organic,5,4,0,0,0.0,188.9,,,Organic Search > Paid Search > Paid Social > Organic Search > Organic Social
JOURNEY-00270,CUST-00270,2025-05-16 07:50:00,2025-05-21 21:03:00,Referral,Organic Search,Partner Website,Product Pages,4,4,0,0,0.0,133.22,,,Referral > Display > Paid Search > Organic Search
JOURNEY-00271,CUST-00271,2025-03-23 09:52:00,2025-04-01 10:54:00,Organic Search,Paid Search,SEO Blog,Brand Search,4,3,0,0,0.0,217.03,,,Organic Search > Paid Search > Paid Social > Paid Search
JOURNEY-00272,CUST-00272,2025-02-20 10:25:00,2025-02-25 14:17:00,Display,Display,Banner Campaign,Banner Campaign,4,3,0,0,0.0,123.87,,,Display > Paid Social > Organic Search > Display
JOURNEY-00273,CUST-00273,2025-03-21 20:17:00,2025-03-23 06:44:00,Paid Search,Organic Social,Brand Search,Instagram Organic,2,2,0,0,0.0,34.45,,,Paid Search > Organic Social
JOURNEY-00274,CUST-00274,2025-03-17 14:03:00,2025-03-24 14:44:00,Paid Search,Organic Search,Product Search,Product Pages,4,3,0,0,0.0,168.68,,,Paid Search > Organic Social > Organic Social > Organic Search
JOURNEY-00275,CUST-00275,2025-06-14 08:07:00,2025-06-22 20:24:00,Email,Organic Search,Newsletter,Product Pages,5,3,1,1,82.76,204.28,2025-06-22 20:24:00,8.51,Email > Organic Search > Organic Search > Referral > Organic Search
JOURNEY-00276,CUST-00276,2025-03-16 21:55:00,2025-03-16 21:55:00,Organic Social,Organic Social,TikTok Organic,TikTok Organic,1,1,0,0,0.0,0.0,,,Organic Social
JOURNEY-00277,CUST-00277,2025-06-15 02:34:00,2025-06-17 04:55:00,Organic Search,Email,Product Pages,Newsletter,3,3,0,0,0.0,50.35,,,Organic Search > Display > Email
JOURNEY-00278,CUST-00278,2025-01-15 17:44:00,2025-02-01 08:19:00,Paid Search,Paid Search,Competitor Search,Brand Search,8,5,1,1,66.52,398.58,2025-02-01 08:19:00,16.61,Paid Search > Display > Paid Social > Paid Search > Paid Social > Direct > Organic Search > Paid Search
JOURNEY-00279,CUST-00279,2025-01-03 11:39:00,2025-01-14 06:28:00,Email,Organic Social,Promotional Email,LinkedIn Organic,5,4,0,0,0.0,258.82,,,Email > Paid Social > Paid Social > Paid Search > Organic Social
JOURNEY-00280,CUST-00280,2025-01-29 06:23:00,2025-02-02 13:32:00,Organic Search,Email,SEO Blog,Welcome Series,3,3,1,1,103.5,103.15,2025-02-02 13:32:00,4.3,Organic Search > Paid Search > Email
JOURNEY-00281,CUST-00281,2025-06-20 13:16:00,2025-06-23 16:10:00,Organic Social,Direct,LinkedIn Organic,Direct Visit,2,2,0,0,0.0,74.9,,,Organic Social > Direct
JOURNEY-00282,CUST-00282,2025-01-21 08:26:00,2025-01-27 04:21:00,Organic Search,Organic Social,SEO Blog,TikTok Organic,3,3,0,0,0.0,139.92,,,Organic Search > Display > Organic Social
JOURNEY-00283,CUST-00283,2025-01-27 02:41:00,2025-02-03 22:43:00,Paid Social,Organic Social,LinkedIn Ads,LinkedIn Organic,5,4,0,0,0.0,188.03,,,Paid Social > Direct > Organic Search > Paid Social > Organic Social
JOURNEY-00284,CUST-00284,2025-02-14 16:27:00,2025-02-18 01:50:00,Paid Search,Paid Social,Brand Search,LinkedIn Ads,3,3,0,0,0.0,81.38,,,Paid Search > Organic Social > Paid Social
JOURNEY-00285,CUST-00285,2025-05-12 06:34:00,2025-05-13 15:16:00,Paid Social,Organic Search,LinkedIn Ads,Product Pages,2,2,0,0,0.0,32.7,,,Paid Social > Organic Search
JOURNEY-00286,CUST-00286,2025-02-21 15:09:00,2025-02-26 15:22:00,Paid Social,Paid Search,Facebook Ads,Product Search,4,4,0,0,0.0,120.22,,,Paid Social > Display > Email > Paid Search
JOURNEY-00287,CUST-00287,2025-06-08 23:37:00,2025-06-10 14:20:00,Organic Search,Organic Search,SEO Blog,SEO Blog,3,2,0,0,0.0,38.72,,,Organic Search > Referral > Organic Search
JOURNEY-00288,CUST-00288,2025-01-03 08:01:00,2025-01-03 08:01:00,Paid Search,Paid Search,Brand Search,Brand Search,1,1,0,0,0.0,0.0,,,Paid Search
JOURNEY-00289,CUST-00289,2025-01-31 07:41:00,2025-01-31 07:41:00,Email,Email,Promotional Email,Promotional Email,1,1,0,0,0.0,0.0,,,Email
JOURNEY-00290,CUST-00290,2025-04-28 07:47:00,2025-05-06 06:36:00,Organic Search,Direct,SEO Blog,Direct Visit,5,5,1,1,128.08,190.82,2025-05-06 06:36:00,7.95,Organic Search > Paid Social > Email > Paid Search > Direct
JOURNEY-00291,CUST-00291,2025-02-09 15:26:00,2025-02-13 15:41:00,Display,Display,Retargeting,Retargeting,3,2,0,0,0.0,96.25,,,Display > Email > Display
JOURNEY-00292,CUST-00292,2025-02-22 07:38:00,2025-03-09 07:13:00,Email,Referral,Welcome Series,Partner Website,7,5,1,1,147.87,359.58,2025-03-09 07:13:00,14.98,Email > Paid Social > Organic Search > Email > Paid Search > Paid Search > Referral
JOURNEY-00293,CUST-00293,2025-06-26 12:49:00,2025-06-28 14:40:00,Organic Search,Organic Social,Product Pages,Instagram Organic,3,3,0,0,0.0,49.85,,,Organic Search > Email > Organic Social
JOURNEY-00294,CUST-00294,2025-06-15 05:30:00,2025-06-19 15:13:00,Organic Search,Organic Social,Product Pages,LinkedIn Organic,3,3,0,0,0.0,105.72,,,Organic Search > Paid Social > Organic Social
JOURNEY-00295,CUST-00295,2025-05-10 20:55:00,2025-05-13 22:17:00,Paid Social,Paid Social,LinkedIn Ads,Instagram Ads,3,2,0,0,0.0,73.37,,,Paid Social > Referral > Paid Social
JOURNEY-00296,CUST-00296,2025-06-29 16:01:00,2025-07-08 18:17:00,Email,Organic Social,Newsletter,TikTok Organic,6,5,0,0,0.0,218.27,,,Email > Referral > Paid Social > Paid Search > Paid Social > Organic Social
JOURNEY-00297,CUST-00297,2025-04-27 10:07:00,2025-04-28 08:46:00,Direct,Direct,Direct Visit,Direct Visit,2,1,0,0,0.0,22.65,,,Direct > Direct
JOURNEY-00298,CUST-00298,2025-02-09 05:02:00,2025-02-10 22:10:00,Organic Search,Email,Product Pages,Promotional Email,3,3,0,0,0.0,41.13,,,Organic Search > Referral > Email
JOURNEY-00299,CUST-00299,2025-03-29 23:28:00,2025-04-03 08:28:00,Organic Search,Paid Search,Product Pages,Product Search,3,2,0,0,0.0,105.0,,,Organic Search > Paid Search > Paid Search
JOURNEY-00300,CUST-00300,2025-01-23 21:19:00,2025-01-27 16:01:00,Email,Organic Search,Newsletter,Educational Content,5,5,1,1,81.3,90.7,2025-01-27 16:01:00,3.78,Email > Organic Social > Referral > Paid Search > Organic Search
JOURNEY-00301,CUST-00301,2025-04-06 03:40:00,2025-04-15 08:43:00,Direct,Organic Search,Direct Visit,SEO Blog,4,3,0,0,0.0,221.05,,,Direct > Direct > Paid Social > Organic Search
JOURNEY-00302,CUST-00302,2025-05-14 01:53:00,2025-05-16 10:19:00,Organic Search,Direct,Product Pages,Direct Visit,2,2,0,0,0.0,56.43,,,Organic Search > Direct
JOURNEY-00303,CUST-00303,2025-03-02 07:04:00,2025-03-02 07:04:00,Paid Search,Paid Search,Brand Search,Brand Search,1,1,0,0,0.0,0.0,,,Paid Search
JOURNEY-00304,CUST-00304,2025-05-24 10:56:00,2025-05-24 14:50:00,Paid Search,Organic Search,Brand Search,SEO Blog,2,2,0,0,0.0,3.9,,,Paid Search > Organic Search
JOURNEY-00305,CUST-00305,2025-03-15 16:26:00,2025-03-23 02:13:00,Organic Social,Organic Search,LinkedIn Organic,SEO Blog,4,4,0,0,0.0,177.78,,,Organic Social > Paid Search > Paid Social > Organic Search
JOURNEY-00306,CUST-00306,2025-04-04 04:59:00,2025-04-18 13:35:00,Email,Paid Social,Newsletter,LinkedIn Ads,6,5,0,0,0.0,344.6,,,Email > Paid Search > Direct > Organic Search > Paid Search > Paid Social
JOURNEY-00307,CUST-00307,2025-05-21 02:10:00,2025-05-27 02:21:00,Organic Social,Organic Search,LinkedIn Organic,Educational Content,4,3,0,0,0.0,144.18,,,Organic Social > Organic Search > Email > Organic Search
JOURNEY-00308,CUST-00308,2025-01-17 08:37:00,2025-01-24 05:00:00,Direct,Paid Social,Direct Visit,Instagram Ads,4,4,0,0,0.0,164.38,,,Direct > Organic Search > Paid Search > Paid Social
JOURNEY-00309,CUST-00309,2025-03-15 20:51:00,2025-03-19 12:59:00,Paid Search,Organic Search,Brand Search,Product Pages,2,2,1,1,93.4,88.13,2025-03-19 12:59:00,3.67,Paid Search > Organic Search
JOURNEY-00310,CUST-00310,2025-03-14 08:16:00,2025-03-20 15:08:00,Email,Referral,Promotional Email,Affiliate,3,2,0,0,0.0,150.87,,,Email > Email > Referral
JOURNEY-00311,CUST-00311,2025-03-27 21:24:00,2025-04-03 04:33:00,Email,Referral,Promotional Email,Customer Referral,4,3,0,0,0.0,151.15,,,Email > Email > Direct > Referral
JOURNEY-00312,CUST-00312,2025-03-30 23:49:00,2025-04-11 15:31:00,Email,Organic Search,Welcome Series,Educational Content,6,3,0,0,0.0,279.7,,,Email > Email > Email > Organic Search > Display > Organic Search
JOURNEY-00313,CUST-00313,2025-06-26 07:19:00,2025-06-27 15:51:00,Email,Display,Promotional Email,Banner Campaign,3,3,1,1,130.04,32.53,2025-06-27 15:51:00,1.36,Email > Paid Search > Display
JOURNEY-00314,CUST-00314,2025-02-10 14:11:00,2025-02-14 07:56:00,Display,Paid Search,Prospecting,Brand Search,3,3,0,0,0.0,89.75,,,Display > Paid Social > Paid Search
JOURNEY-00315,CUST-00315,2025-01-02 19:39:00,2025-01-15 14:04:00,Paid Social,Paid Search,Instagram Ads,Brand Search,7,6,1,1,219.18,306.42,2025-01-15 14:04:00,12.77,Paid Social > Display > Paid Search > Referral > Organic Search > Direct > Paid Search
JOURNEY-00316,CUST-00316,2025-04-26 16:37:00,2025-04-28 13:45:00,Paid Search,Display,Brand Search,Banner Campaign,2,2,1,1,226.4,45.13,2025-04-28 13:45:00,1.88,Paid Search > Display
JOURNEY-00317,CUST-00317,2025-04-04 14:56:00,2025-04-06 11:35:00,Organic Search,Display,SEO Blog,Banner Campaign,2,2,1,1,89.06,44.65,2025-04-06 11:35:00,1.86,Organic Search > Display
JOURNEY-00318,CUST-00318,2025-03-13 08:56:00,2025-03-13 08:56:00,Direct,Direct,Direct Visit,Direct Visit,1,1,0,0,0.0,0.0,,,Direct
JOURNEY-00319,CUST-00319,2025-03-07 15:44:00,2025-03-11 02:38:00,Organic Search,Email,Product Pages,Promotional Email,2,2,1,1,89.79,82.9,2025-03-11 02:38:00,3.45,Organic Search > Email
JOURNEY-00320,CUST-00320,2025-04-10 06:50:00,2025-04-10 06:50:00,Organic Social,Organic Social,Instagram Organic,Instagram Organic,1,1,0,0,0.0,0.0,,,Organic Social
JOURNEY-00321,CUST-00321,2025-03-27 09:52:00,2025-04-01 19:26:00,Email,Email,Promotional Email,Welcome Series,3,2,0,0,0.0,129.57,,,Email > Paid Search > Email
JOURNEY-00322,CUST-00322,2025-02-08 10:27:00,2025-02-13 23:05:00,Organic Search,Organic Search,Educational Content,Educational Content,3,2,0,0,0.0,132.63,,,Organic Search > Direct > Organic Search
JOURNEY-00323,CUST-00323,2025-04-04 17:00:00,2025-04-14 21:40:00,Direct,Email,Direct Visit,Welcome Series,5,3,1,1,256.85,244.67,2025-04-14 21:40:00,10.19,Direct > Organic Social > Email > Organic Social > Email
JOURNEY-00324,CUST-00324,2025-04-24 02:16:00,2025-04-27 16:01:00,Direct,Paid Search,Direct Visit,Competitor Search,4,4,1,1,116.52,85.75,2025-04-27 16:01:00,3.57,Direct > Organic Search > Email > Paid Search
JOURNEY-00325,CUST-00325,2025-06-21 17:44:00,2025-07-02 21:04:00,Direct,Email,Direct Visit,Promotional Email,5,4,0,0,0.0,267.33,,,Direct > Organic Social > Organic Search > Organic Social > Email
JOURNEY-00326,CUST-00326,2025-04-06 11:35:00,2025-04-13 23:12:00,Paid Social,Organic Search,Facebook Ads,Educational Content,5,4,0,0,0.0,179.62,,,Paid Social > Display > Paid Search > Display > Organic Search
JOURNEY-00327,CUST-00327,2025-01-02 15:18:00,2025-01-06 02:57:00,Paid Social,Organic Social,Facebook Ads,Instagram Organic,3,3,1,1,66.7,83.65,2025-01-06 02:57:00,3.49,Paid Social > Paid Search > Organic Social
JOURNEY-00328,CUST-00328,2025-03-12 18:34:00,2025-03-21 06:36:00,Paid Search,Direct,Competitor Search,Direct Visit,4,3,0,0,0.0,204.03,,,Paid Search > Organic Social > Paid Search > Direct
JOURNEY-00329,CUST-00329,2025-05-15 06:31:00,2025-05-15 06:31:00,Paid Search,Paid Search,Competitor Search,Competitor Search,1,1,0,0,0.0,0.0,,,Paid Search
JOURNEY-00330,CUST-00330,2025-05-06 05:30:00,2025-05-13 22:42:00,Direct,Organic Search,Direct Visit,Educational Content,7,6,1,1,69.91,185.2,2025-05-13 22:42:00,7.72,Direct > Paid Search > Email > Display > Paid Social > Direct > Organic Search
JOURNEY-00331,CUST-00331,2025-06-03 20:03:00,2025-06-07 10:49:00,Display,Organic Social,Banner Campaign,Instagram Organic,2,2,0,0,0.0,86.77,,,Display > Organic Social
JOURNEY-00332,CUST-00332,2025-03-14 04:30:00,2025-03-25 17:24:00,Direct,Paid Search,Direct Visit,Competitor Search,5,4,1,1,109.61,276.9,2025-03-25 17:24:00,11.54,Direct > Paid Search > Organic Search > Display > Paid Search
JOURNEY-00333,CUST-00333,2025-06-11 20:47:00,2025-06-23 02:14:00,Direct,Direct,Direct Visit,Direct Visit,7,4,1,1,114.55,269.45,2025-06-23 02:14:00,11.23,Direct > Email > Paid Search > Organic Search > Direct > Direct > Direct
JOURNEY-00334,CUST-00334,2025-03-16 23:31:00,2025-03-30 18:08:00,Organic Search,Paid Search,Educational Content,Brand Search,6,4,0,0,0.0,330.62,,,Organic Search > Paid Search > Display > Organic Social > Display > Paid Search
JOURNEY-00335,CUST-00335,2025-06-10 09:47:00,2025-06-19 03:06:00,Display,Email,Prospecting,Welcome Series,5,4,0,0,0.0,209.32,,,Display > Organic Social > Paid Social > Display > Email
JOURNEY-00336,CUST-00336,2025-03-23 08:29:00,2025-03-28 07:41:00,Email,Email,Welcome Series,Welcome Series,5,3,1,1,407.73,119.2,2025-03-28 07:41:00,4.97,Email > Organic Search > Email > Referral > Email
JOURNEY-00337,CUST-00337,2025-06-22 18:40:00,2025-07-01 04:53:00,Referral,Referral,Customer Referral,Customer Referral,5,3,0,0,0.0,202.22,,,Referral > Paid Search > Paid Social > Paid Search > Referral
JOURNEY-00338,CUST-00338,2025-04-20 15:33:00,2025-04-22 21:09:00,Paid Search,Organic Search,Brand Search,Product Pages,2,2,0,0,0.0,53.6,,,Paid Search > Organic Search
JOURNEY-00339,CUST-00339,2025-02-01 11:47:00,2025-02-04 21:27:00,Direct,Paid Search,Direct Visit,Product Search,3,3,0,0,0.0,81.67,,,Direct > Paid Social > Paid Search
JOURNEY-00340,CUST-00340,2025-05-06 18:17:00,2025-05-09 14:25:00,Referral,Organic Social,Affiliate,LinkedIn Organic,2,2,1,1,350.74,68.13,2025-05-09 14:25:00,2.84,Referral > Organic Social
JOURNEY-00341,CUST-00341,2025-05-24 17:57:00,2025-06-04 18:18:00,Paid Search,Email,Competitor Search,Promotional Email,5,4,0,0,0.0,264.35,,,Paid Search > Email > Organic Search > Paid Social > Email
JOURNEY-00342,CUST-00342,2025-05-28 02:59:00,2025-05-28 02:59:00,Organic Search,Organic Search,Product Pages,Product Pages,1,1,0,0,0.0,0.0,,,Organic Search
JOURNEY-00343,CUST-00343,2025-02-14 15:39:00,2025-02-17 00:11:00,Referral,Organic Social,Customer Referral,LinkedIn Organic,3,3,1,1,98.74,56.53,2025-02-17 00:11:00,2.36,Referral > Email > Organic Social
JOURNEY-00344,CUST-00344,2025-04-28 12:25:00,2025-04-30 11:47:00,Email,Paid Search,Welcome Series,Competitor Search,3,3,0,0,0.0,47.37,,,Email > Paid Social > Paid Search
JOURNEY-00345,CUST-00345,2025-05-05 09:02:00,2025-05-13 18:50:00,Organic Social,Display,LinkedIn Organic,Prospecting,5,4,0,0,0.0,201.8,,,Organic Social > Direct > Direct > Organic Search > Display
JOURNEY-00346,CUST-00346,2025-03-10 11:41:00,2025-03-13 13:15:00,Direct,Referral,Direct Visit,Customer Referral,2,2,0,0,0.0,73.57,,,Direct > Referral
JOURNEY-00347,CUST-00347,2025-05-27 14:34:00,2025-06-03 22:21:00,Paid Search,Organic Social,Competitor Search,LinkedIn Organic,3,3,0,0,0.0,175.78,,,Paid Search > Organic Search > Organic Social
JOURNEY-00348,CUST-00348,2025-01-02 23:09:00,2025-01-06 21:52:00,Referral,Email,Partner Website,Welcome Series,2,2,0,0,0.0,94.72,,,Referral > Email
JOURNEY-00349,CUST-00349,2025-04-13 22:12:00,2025-04-20 04:55:00,Paid Social,Paid Search,Instagram Ads,Competitor Search,4,3,0,0,0.0,150.72,,,Paid Social > Organic Social > Paid Search > Paid Search
JOURNEY-00350,CUST-00350,2025-05-21 13:05:00,2025-05-28 16:28:00,Organic Search,Paid Social,SEO Blog,Facebook Ads,3,3,0,0,0.0,171.38,,,Organic Search > Organic Social > Paid Social
JOURNEY-00351,CUST-00351,2025-04-13 22:24:00,2025-04-15 08:00:00,Organic Search,Organic Search,Product Pages,Educational Content,4,3,0,0,0.0,33.6,,,Organic Search > Direct > Paid Social > Organic Search
JOURNEY-00352,CUST-00352,2025-04-23 02:51:00,2025-04-23 02:51:00,Organic Search,Organic Search,Product Pages,Product Pages,1,1,1,1,170.05,0.0,2025-04-23 02:51:00,0.0,Organic Search
JOURNEY-00353,CUST-00353,2025-01-15 00:43:00,2025-01-20 08:26:00,Paid Search,Organic Social,Competitor Search,LinkedIn Organic,4,4,0,0,0.0,127.72,,,Paid Search > Organic Search > Email > Organic Social
JOURNEY-00354,CUST-00354,2025-01-08 08:56:00,2025-01-12 23:07:00,Paid Search,Direct,Product Search,Direct Visit,4,4,0,0,0.0,110.18,,,Paid Search > Paid Social > Organic Search > Direct
JOURNEY-00355,CUST-00355,2025-02-14 07:30:00,2025-02-15 15:13:00,Paid Search,Email,Brand Search,Welcome Series,2,2,1,1,166.1,31.72,2025-02-15 15:13:00,1.32,Paid Search > Email
JOURNEY-00356,CUST-00356,2025-02-17 20:10:00,2025-02-23 06:28:00,Paid Social,Organic Search,Instagram Ads,Educational Content,3,3,1,1,135.88,130.3,2025-02-23 06:28:00,5.43,Paid Social > Paid Search > Organic Search
JOURNEY-00357,CUST-00357,2025-05-12 20:25:00,2025-05-16 20:13:00,Paid Search,Paid Search,Brand Search,Competitor Search,3,2,1,1,75.4,95.8,2025-05-16 20:13:00,3.99,Paid Search > Organic Social > Paid Search
JOURNEY-00358,CUST-00358,2025-04-28 13:23:00,2025-05-06 05:25:00,Paid Social,Organic Search,LinkedIn Ads,Product Pages,5,5,0,0,0.0,184.03,,,Paid Social > Organic Social > Direct > Email > Organic Search
JOURNEY-00359,CUST-00359,2025-04-07 11:46:00,2025-04-09 18:45:00,Paid Social,Paid Search,Instagram Ads,Brand Search,3,3,0,0,0.0,54.98,,,Paid Social > Referral > Paid Search
JOURNEY-00360,CUST-00360,2025-06-16 00:08:00,2025-06-19 07:39:00,Paid Search,Paid Social,Competitor Search,Instagram Ads,3,3,0,0,0.0,79.52,,,Paid Search > Display > Paid Social
JOURNEY-00361,CUST-00361,2025-01-09 03:33:00,2025-01-13 02:16:00,Paid Search,Organic Search,Product Search,SEO Blog,3,3,0,0,0.0,94.72,,,Paid Search > Organic Social > Organic Search
JOURNEY-00362,CUST-00362,2025-04-23 10:49:00,2025-04-23 10:49:00,Referral,Referral,Customer Referral,Customer Referral,1,1,0,0,0.0,0.0,,,Referral
JOURNEY-00363,CUST-00363,2025-01-31 19:08:00,2025-02-01 19:30:00,Paid Search,Direct,Brand Search,Direct Visit,2,2,0,0,0.0,24.37,,,Paid Search > Direct
JOURNEY-00364,CUST-00364,2025-02-23 21:34:00,2025-02-26 01:25:00,Email,Organic Social,Promotional Email,TikTok Organic,3,3,0,0,0.0,51.85,,,Email > Paid Search > Organic Social
JOURNEY-00365,CUST-00365,2025-01-29 19:28:00,2025-01-29 19:28:00,Paid Search,Paid Search,Brand Search,Brand Search,1,1,0,0,0.0,0.0,,,Paid Search
JOURNEY-00366,CUST-00366,2025-01-13 00:23:00,2025-01-14 15:09:00,Organic Search,Email,Educational Content,Promotional Email,2,2,0,0,0.0,38.77,,,Organic Search > Email
JOURNEY-00367,CUST-00367,2025-02-18 04:33:00,2025-02-21 18:27:00,Organic Social,Direct,TikTok Organic,Direct Visit,2,2,0,0,0.0,85.9,,,Organic Social > Direct
JOURNEY-00368,CUST-00368,2025-06-17 18:16:00,2025-06-26 16:57:00,Direct,Paid Search,Direct Visit,Competitor Search,5,5,0,0,0.0,214.68,,,Direct > Organic Search > Organic Social > Paid Social > Paid Search
JOURNEY-00369,CUST-00369,2025-02-13 09:44:00,2025-02-24 08:26:00,Paid Search,Organic Social,Competitor Search,Instagram Organic,5,4,0,0,0.0,262.7,,,Paid Search > Email > Paid Search > Referral > Organic Social
JOURNEY-00370,CUST-00370,2025-06-24 22:25:00,2025-07-06 22:12:00,Organic Social,Paid Social,LinkedIn Organic,LinkedIn Ads,6,5,1,1,80.5,287.78,2025-07-06 22:12:00,11.99,Organic Social > Email > Display > Direct > Email > Paid Social
JOURNEY-00371,CUST-00371,2025-02-26 23:19:00,2025-02-26 23:19:00,Organic Search,Organic Search,Educational Content,Educational Content,1,1,0,0,0.0,0.0,,,Organic Search
JOURNEY-00372,CUST-00372,2025-03-07 15:25:00,2025-03-18 09:35:00,Paid Search,Direct,Competitor Search,Direct Visit,5,3,1,1,113.36,258.17,2025-03-18 09:35:00,10.76,Paid Search > Direct > Organic Search > Paid Search > Direct
JOURNEY-00373,CUST-00373,2025-01-15 12:09:00,2025-01-16 02:21:00,Display,Direct,Retargeting,Direct Visit,2,2,0,0,0.0,14.2,,,Display > Direct
JOURNEY-00374,CUST-00374,2025-01-18 10:19:00,2025-01-28 02:26:00,Referral,Email,Affiliate,Promotional Email,5,3,0,0,0.0,232.12,,,Referral > Email > Organic Search > Email > Email
JOURNEY-00375,CUST-00375,2025-06-06 20:14:00,2025-06-09 00:51:00,Organic Social,Display,TikTok Organic,Retargeting,3,3,0,0,0.0,52.62,,,Organic Social > Direct > Display
JOURNEY-00376,CUST-00376,2025-05-04 10:16:00,2025-05-07 21:53:00,Email,Paid Social,Promotional Email,LinkedIn Ads,3,3,0,0,0.0,83.62,,,Email > Display > Paid Social
JOURNEY-00377,CUST-00377,2025-02-17 01:36:00,2025-03-01 22:13:00,Direct,Paid Social,Direct Visit,Instagram Ads,6,5,1,1,354.83,308.62,2025-03-01 22:13:00,12.86,Direct > Organic Social > Paid Search > Paid Search > Referral > Paid Social
JOURNEY-00378,CUST-00378,2025-06-02 15:26:00,2025-06-06 06:41:00,Paid Social,Organic Search,LinkedIn Ads,Product Pages,2,2,0,0,0.0,87.25,,,Paid Social > Organic Search
JOURNEY-00379,CUST-00379,2025-06-11 22:15:00,2025-06-15 01:25:00,Email,Organic Social,Welcome Series,Instagram Organic,2,2,0,0,0.0,75.17,,,Email > Organic Social
JOURNEY-00380,CUST-00380,2025-05-16 08:18:00,2025-05-19 01:48:00,Direct,Organic Search,Direct Visit,SEO Blog,4,4,0,0,0.0,65.5,,,Direct > Paid Social > Paid Search > Organic Search
JOURNEY-00381,CUST-00381,2025-05-07 11:07:00,2025-05-11 00:16:00,Email,Paid Social,Welcome Series,LinkedIn Ads,2,2,0,0,0.0,85.15,,,Email > Paid Social
JOURNEY-00382,CUST-00382,2025-01-10 13:02:00,2025-01-15 07:52:00,Organic Search,Organic Search,Educational Content,SEO Blog,3,2,0,0,0.0,114.83,,,Organic Search > Referral > Organic Search
JOURNEY-00383,CUST-00383,2025-01-20 02:31:00,2025-01-25 23:17:00,Paid Social,Organic Social,LinkedIn Ads,TikTok Organic,3,3,0,0,0.0,140.77,,,Paid Social > Display > Organic Social
JOURNEY-00384,CUST-00384,2025-06-20 14:36:00,2025-06-30 01:33:00,Paid Search,Paid Social,Competitor Search,Facebook Ads,7,6,1,1,275.15,226.95,2025-06-30 01:33:00,9.46,Paid Search > Organic Social > Organic Search > Paid Search > Direct > Display > Paid Social
JOURNEY-00385,CUST-00385,2025-06-05 11:42:00,2025-06-06 00:52:00,Organic Search,Organic Social,Educational Content,LinkedIn Organic,2,2,1,1,296.5,13.17,2025-06-06 00:52:00,0.55,Organic Search > Organic Social
JOURNEY-00386,CUST-00386,2025-02-14 00:00:00,2025-02-18 00:44:00,Paid Search,Email,Product Search,Newsletter,3,3,0,0,0.0,96.73,,,Paid Search > Direct > Email
JOURNEY-00387,CUST-00387,2025-06-08 22:42:00,2025-06-09 23:30:00,Display,Paid Search,Prospecting,Brand Search,3,3,0,0,0.0,24.8,,,Display > Paid Social > Paid Search
JOURNEY-00388,CUST-00388,2025-01-05 06:31:00,2025-01-16 09:30:00,Paid Social,Paid Social,LinkedIn Ads,Facebook Ads,5,3,0,0,0.0,266.98,,,Paid Social > Email > Direct > Email > Paid Social
JOURNEY-00389,CUST-00389,2025-03-03 10:59:00,2025-03-09 01:28:00,Paid Search,Direct,Competitor Search,Direct Visit,4,4,0,0,0.0,134.48,,,Paid Search > Organic Social > Email > Direct
JOURNEY-00390,CUST-00390,2025-02-04 21:52:00,2025-02-04 21:52:00,Paid Social,Paid Social,LinkedIn Ads,LinkedIn Ads,1,1,0,0,0.0,0.0,,,Paid Social
JOURNEY-00391,CUST-00391,2025-06-14 05:17:00,2025-06-18 11:52:00,Direct,Organic Social,Direct Visit,Instagram Organic,3,3,0,0,0.0,102.58,,,Direct > Paid Search > Organic Social
JOURNEY-00392,CUST-00392,2025-01-28 09:50:00,2025-02-04 11:29:00,Email,Paid Social,Welcome Series,Facebook Ads,5,3,1,1,171.65,169.65,2025-02-04 11:29:00,7.07,Email > Paid Social > Paid Social > Organic Search > Paid Social
JOURNEY-00393,CUST-00393,2025-06-25 07:03:00,2025-07-03 13:08:00,Paid Search,Paid Social,Brand Search,LinkedIn Ads,5,4,0,0,0.0,198.08,,,Paid Search > Organic Search > Paid Search > Email > Paid Social
JOURNEY-00394,CUST-00394,2025-02-13 00:49:00,2025-02-21 01:45:00,Paid Social,Email,LinkedIn Ads,Welcome Series,5,4,0,0,0.0,192.93,,,Paid Social > Referral > Paid Social > Organic Search > Email
JOURNEY-00395,CUST-00395,2025-01-11 18:19:00,2025-01-25 08:47:00,Email,Paid Search,Promotional Email,Brand Search,6,4,0,0,0.0,326.47,,,Email > Organic Social > Email > Organic Social > Display > Paid Search
JOURNEY-00396,CUST-00396,2025-03-13 04:46:00,2025-03-17 03:42:00,Organic Search,Paid Search,Product Pages,Brand Search,2,2,0,0,0.0,94.93,,,Organic Search > Paid Search
JOURNEY-00397,CUST-00397,2025-03-30 15:51:00,2025-04-01 20:10:00,Email,Paid Social,Welcome Series,Instagram Ads,3,3,0,0,0.0,52.32,,,Email > Display > Paid Social
JOURNEY-00398,CUST-00398,2025-04-25 14:13:00,2025-05-05 13:51:00,Paid Social,Paid Social,LinkedIn Ads,Facebook Ads,7,5,1,1,47.13,239.63,2025-05-05 13:51:00,9.98,Paid Social > Paid Search > Direct > Direct > Organic Search > Display > Paid Social
JOURNEY-00399,CUST-00399,2025-05-03 10:30:00,2025-05-09 00:32:00,Paid Search,Email,Competitor Search,Promotional Email,3,3,1,1,233.88,134.03,2025-05-09 00:32:00,5.58,Paid Search > Paid Social > Email
JOURNEY-00400,CUST-00400,2025-03-18 23:03:00,2025-03-28 01:24:00,Organic Search,Direct,Product Pages,Direct Visit,4,3,1,1,332.69,218.35,2025-03-28 01:24:00,9.1,Organic Search > Paid Search > Organic Search > Direct
JOURNEY-00401,CUST-00401,2025-05-15 01:44:00,2025-05-23 21:57:00,Direct,Display,Direct Visit,Banner Campaign,6,4,0,0,0.0,212.22,,,Direct > Organic Search > Email > Organic Search > Email > Display
JOURNEY-00402,CUST-00402,2025-04-26 20:16:00,2025-05-02 07:49:00,Email,Email,Promotional Email,Promotional Email,3,2,0,0,0.0,131.55,,,Email > Paid Social > Email
JOURNEY-00403,CUST-00403,2025-06-10 10:43:00,2025-06-15 21:26:00,Paid Social,Email,Instagram Ads,Promotional Email,3,3,0,0,0.0,130.72,,,Paid Social > Organic Search > Email
JOURNEY-00404,CUST-00404,2025-01-18 19:34:00,2025-01-24 04:03:00,Display,Organic Search,Retargeting,SEO Blog,3,2,0,0,0.0,128.48,,,Display > Organic Search > Organic Search
JOURNEY-00405,CUST-00405,2025-05-07 23:37:00,2025-05-16 17:38:00,Email,Organic Search,Promotional Email,Educational Content,4,3,1,1,130.8,210.02,2025-05-16 17:38:00,8.75,Email > Paid Search > Paid Search > Organic Search
JOURNEY-00406,CUST-00406,2025-02-15 00:34:00,2025-02-25 07:24:00,Paid Search,Paid Social,Product Search,Instagram Ads,7,5,1,1,172.05,246.83,2025-02-25 07:24:00,10.28,Paid Search > Direct > Paid Search > Display > Organic Search > Direct > Paid Social
JOURNEY-00407,CUST-00407,2025-05-26 17:15:00,2025-05-31 15:32:00,Direct,Paid Search,Direct Visit,Product Search,3,3,1,1,173.84,118.28,2025-05-31 15:32:00,4.93,Direct > Email > Paid Search
JOURNEY-00408,CUST-00408,2025-04-02 23:25:00,2025-04-05 07:20:00,Paid Search,Referral,Brand Search,Partner Website,3,3,1,1,188.18,55.92,2025-04-05 07:20:00,2.33,Paid Search > Paid Social > Referral
JOURNEY-00409,CUST-00409,2025-03-09 14:18:00,2025-03-26 12:23:00,Organic Social,Paid Search,LinkedIn Organic,Product Search,6,6,0,0,0.0,406.08,,,Organic Social > Referral > Paid Social > Organic Search > Direct > Paid Search
JOURNEY-00410,CUST-00410,2025-05-31 01:14:00,2025-06-06 00:02:00,Paid Search,Email,Product Search,Promotional Email,4,4,1,1,107.07,142.8,2025-06-06 00:02:00,5.95,Paid Search > Paid Social > Organic Search > Email
JOURNEY-00411,CUST-00411,2025-02-22 15:45:00,2025-03-06 13:42:00,Paid Search,Direct,Product Search,Direct Visit,5,4,0,0,0.0,285.95,,,Paid Search > Direct > Display > Organic Search > Direct
JOURNEY-00412,CUST-00412,2025-04-19 10:20:00,2025-04-23 19:17:00,Display,Referral,Banner Campaign,Partner Website,3,3,0,0,0.0,104.95,,,Display > Paid Search > Referral
JOURNEY-00413,CUST-00413,2025-01-23 03:59:00,2025-02-04 14:45:00,Paid Social,Organic Search,Facebook Ads,Product Pages,7,6,0,0,0.0,298.77,,,Paid Social > Email > Referral > Direct > Paid Social > Display > Organic Search
JOURNEY-00414,CUST-00414,2025-03-06 07:09:00,2025-03-09 23:20:00,Email,Organic Search,Welcome Series,SEO Blog,3,3,0,0,0.0,88.18,,,Email > Paid Social > Organic Search
JOURNEY-00415,CUST-00415,2025-05-07 12:58:00,2025-05-14 00:32:00,Email,Email,Newsletter,Newsletter,3,2,1,1,110.03,155.57,2025-05-14 00:32:00,6.48,Email > Paid Social > Email
JOURNEY-00416,CUST-00416,2025-05-27 06:12:00,2025-05-29 21:57:00,Organic Search,Email,SEO Blog,Newsletter,4,3,1,1,141.26,63.75,2025-05-29 21:57:00,2.66,Organic Search > Email > Paid Search > Email
JOURNEY-00417,CUST-00417,2025-01-19 06:27:00,2025-01-27 23:50:00,Referral,Organic Search,Customer Referral,Educational Content,5,5,0,0,0.0,209.38,,,Referral > Paid Social > Direct > Display > Organic Search
JOURNEY-00418,CUST-00418,2025-05-09 18:33:00,2025-05-19 15:56:00,Paid Search,Direct,Brand Search,Direct Visit,4,4,0,0,0.0,237.38,,,Paid Search > Paid Social > Email > Direct
JOURNEY-00419,CUST-00419,2025-04-29 17:09:00,2025-05-01 01:12:00,Paid Search,Referral,Competitor Search,Affiliate,3,3,0,0,0.0,32.05,,,Paid Search > Direct > Referral
JOURNEY-00420,CUST-00420,2025-01-06 01:37:00,2025-01-10 15:13:00,Email,Direct,Promotional Email,Direct Visit,4,3,0,0,0.0,109.6,,,Email > Paid Social > Email > Direct
JOURNEY-00421,CUST-00421,2025-04-16 04:50:00,2025-04-21 22:08:00,Direct,Organic Search,Direct Visit,SEO Blog,3,3,1,1,200.33,137.3,2025-04-21 22:08:00,5.72,Direct > Paid Social > Organic Search
JOURNEY-00422,CUST-00422,2025-06-24 01:53:00,2025-06-27 06:26:00,Paid Social,Paid Social,Instagram Ads,Facebook Ads,3,2,0,0,0.0,76.55,,,Paid Social > Email > Paid Social
JOURNEY-00423,CUST-00423,2025-02-21 08:18:00,2025-02-21 08:18:00,Organic Social,Organic Social,LinkedIn Organic,LinkedIn Organic,1,1,0,0,0.0,0.0,,,Organic Social
JOURNEY-00424,CUST-00424,2025-03-27 14:09:00,2025-03-30 21:51:00,Direct,Organic Social,Direct Visit,Instagram Organic,2,2,0,0,0.0,79.7,,,Direct > Organic Social
JOURNEY-00425,CUST-00425,2025-01-26 03:05:00,2025-02-07 14:46:00,Paid Search,Referral,Brand Search,Affiliate,6,4,0,0,0.0,299.68,,,Paid Search > Referral > Direct > Referral > Organic Search > Referral
JOURNEY-00426,CUST-00426,2025-05-23 11:13:00,2025-05-26 11:10:00,Organic Search,Paid Search,SEO Blog,Competitor Search,2,2,0,0,0.0,71.95,,,Organic Search > Paid Search
JOURNEY-00427,CUST-00427,2025-01-31 07:44:00,2025-02-09 20:22:00,Organic Social,Email,TikTok Organic,Welcome Series,5,4,1,1,100.87,228.63,2025-02-09 20:22:00,9.53,Organic Social > Paid Search > Direct > Organic Social > Email
JOURNEY-00428,CUST-00428,2025-01-20 16:59:00,2025-01-28 01:09:00,Paid Search,Display,Competitor Search,Prospecting,4,4,0,0,0.0,176.17,,,Paid Search > Email > Direct > Display
JOURNEY-00429,CUST-00429,2025-06-14 17:39:00,2025-06-21 18:27:00,Email,Paid Social,Welcome Series,Facebook Ads,4,4,1,1,157.5,168.8,2025-06-21 18:27:00,7.03,Email > Organic Search > Organic Social > Paid Social
JOURNEY-00430,CUST-00430,2025-04-17 21:34:00,2025-04-19 01:09:00,Paid Search,Organic Search,Competitor Search,Product Pages,2,2,0,0,0.0,27.58,,,Paid Search > Organic Search
JOURNEY-00431,CUST-00431,2025-02-01 10:31:00,2025-02-05 00:49:00,Paid Social,Organic Social,Facebook Ads,Instagram Organic,3,3,0,0,0.0,86.3,,,Paid Social > Organic Search > Organic Social
JOURNEY-00432,CUST-00432,2025-05-23 11:09:00,2025-05-23 11:09:00,Paid Search,Paid Search,Product Search,Product Search,1,1,0,0,0.0,0.0,,,Paid Search
JOURNEY-00433,CUST-00433,2025-06-29 22:19:00,2025-07-05 10:25:00,Organic Social,Paid Search,TikTok Organic,Product Search,3,3,0,0,0.0,132.1,,,Organic Social > Email > Paid Search
JOURNEY-00434,CUST-00434,2025-06-23 16:41:00,2025-06-30 02:17:00,Email,Organic Search,Newsletter,SEO Blog,5,4,1,1,253.36,153.6,2025-06-30 02:17:00,6.4,Email > Paid Social > Direct > Email > Organic Search
JOURNEY-00435,CUST-00435,2025-02-16 08:43:00,2025-02-19 00:06:00,Organic Social,Referral,LinkedIn Organic,Affiliate,2,2,1,1,135.69,63.38,2025-02-19 00:06:00,2.64,Organic Social > Referral
JOURNEY-00436,CUST-00436,2025-04-27 06:06:00,2025-05-02 15:10:00,Paid Search,Organic Search,Competitor Search,SEO Blog,4,4,1,1,173.53,129.07,2025-05-02 15:10:00,5.38,Paid Search > Direct > Email > Organic Search
JOURNEY-00437,CUST-00437,2025-01-22 15:38:00,2025-01-27 06:57:00,Direct,Email,Direct Visit,Newsletter,3,2,0,0,0.0,111.32,,,Direct > Direct > Email
JOURNEY-00438,CUST-00438,2025-06-12 19:22:00,2025-06-12 19:22:00,Organic Search,Organic Search,Product Pages,Product Pages,1,1,0,0,0.0,0.0,,,Organic Search
JOURNEY-00439,CUST-00439,2025-01-29 14:59:00,2025-02-04 14:29:00,Email,Organic Search,Promotional Email,Product Pages,3,3,0,0,0.0,143.5,,,Email > Paid Social > Organic Search
JOURNEY-00440,CUST-00440,2025-05-07 09:19:00,2025-05-21 22:25:00,Direct,Organic Search,Direct Visit,Educational Content,8,6,0,0,0.0,349.1,,,Direct > Email > Display > Email > Paid Social > Paid Social > Referral > Organic Search
JOURNEY-00441,CUST-00441,2025-01-01 17:54:00,2025-01-05 00:18:00,Organic Search,Organic Search,Educational Content,Educational Content,4,3,1,1,111.63,78.4,2025-01-05 00:18:00,3.27,Organic Search > Display > Email > Organic Search
JOURNEY-00442,CUST-00442,2025-05-21 10:10:00,2025-05-25 22:02:00,Email,Paid Search,Promotional Email,Product Search,3,3,0,0,0.0,107.87,,,Email > Direct > Paid Search
JOURNEY-00443,CUST-00443,2025-06-28 13:57:00,2025-07-04 16:19:00,Direct,Paid Social,Direct Visit,Facebook Ads,5,3,0,0,0.0,146.37,,,Direct > Direct > Direct > Email > Paid Social
JOURNEY-00444,CUST-00444,2025-05-01 19:12:00,2025-05-04 01:16:00,Organic Social,Email,Instagram Organic,Newsletter,3,3,0,0,0.0,54.07,,,Organic Social > Paid Search > Email
JOURNEY-00445,CUST-00445,2025-02-08 06:45:00,2025-02-18 10:29:00,Organic Social,Paid Search,Instagram Organic,Product Search,5,5,0,0,0.0,243.73,,,Organic Social > Referral > Display > Paid Social > Paid Search
JOURNEY-00446,CUST-00446,2025-04-10 17:00:00,2025-04-16 11:54:00,Paid Search,Paid Social,Product Search,Facebook Ads,3,3,0,0,0.0,138.9,,,Paid Search > Organic Social > Paid Social
JOURNEY-00447,CUST-00447,2025-02-05 21:35:00,2025-02-13 10:28:00,Paid Social,Paid Search,LinkedIn Ads,Brand Search,4,3,0,0,0.0,180.88,,,Paid Social > Direct > Paid Search > Paid Search
JOURNEY-00448,CUST-00448,2025-02-14 02:47:00,2025-02-17 10:50:00,Direct,Paid Search,Direct Visit,Product Search,4,4,0,0,0.0,80.05,,,Direct > Email > Paid Social > Paid Search
JOURNEY-00449,CUST-00449,2025-03-07 17:01:00,2025-03-11 22:30:00,Paid Search,Display,Product Search,Retargeting,4,4,0,0,0.0,101.48,,,Paid Search > Organic Social > Email > Display
JOURNEY-00450,CUST-00450,2025-02-10 18:07:00,2025-02-18 05:31:00,Email,Email,Welcome Series,Welcome Series,4,3,0,0,0.0,179.4,,,Email > Display > Organic Search > Email
JOURNEY-00451,CUST-00451,2025-03-14 19:34:00,2025-03-16 17:43:00,Direct,Paid Search,Direct Visit,Product Search,3,3,0,0,0.0,46.15,,,Direct > Email > Paid Search
JOURNEY-00452,CUST-00452,2025-05-14 10:35:00,2025-05-16 04:24:00,Paid Search,Organic Social,Product Search,LinkedIn Organic,3,3,0,0,0.0,41.82,,,Paid Search > Paid Social > Organic Social
JOURNEY-00453,CUST-00453,2025-03-29 17:50:00,2025-04-02 07:42:00,Display,Paid Search,Retargeting,Competitor Search,3,3,1,1,60.02,85.87,2025-04-02 07:42:00,3.58,Display > Organic Social > Paid Search
JOURNEY-00454,CUST-00454,2025-01-08 22:07:00,2025-01-12 17:34:00,Email,Referral,Newsletter,Affiliate,2,2,0,0,0.0,91.45,,,Email > Referral
JOURNEY-00455,CUST-00455,2025-04-29 08:47:00,2025-05-01 06:41:00,Organic Search,Display,SEO Blog,Prospecting,2,2,0,0,0.0,45.9,,,Organic Search > Display
JOURNEY-00456,CUST-00456,2025-01-19 18:57:00,2025-01-25 05:58:00,Organic Search,Direct,Product Pages,Direct Visit,4,4,0,0,0.0,131.02,,,Organic Search > Paid Social > Email > Direct
JOURNEY-00457,CUST-00457,2025-01-26 19:55:00,2025-01-30 23:42:00,Paid Social,Organic Social,Instagram Ads,Instagram Organic,5,4,0,0,0.0,99.78,,,Paid Social > Email > Paid Social > Referral > Organic Social
JOURNEY-00458,CUST-00458,2025-02-25 02:37:00,2025-02-27 04:45:00,Paid Search,Paid Social,Brand Search,Instagram Ads,2,2,0,0,0.0,50.13,,,Paid Search > Paid Social
JOURNEY-00459,CUST-00459,2025-05-05 14:17:00,2025-05-10 05:06:00,Paid Search,Organic Search,Competitor Search,Educational Content,4,4,1,1,164.8,110.82,2025-05-10 05:06:00,4.62,Paid Search > Referral > Email > Organic Search
JOURNEY-00460,CUST-00460,2025-04-02 09:38:00,2025-04-06 00:08:00,Paid Search,Email,Competitor Search,Promotional Email,2,2,1,1,109.77,86.5,2025-04-06 00:08:00,3.6,Paid Search > Email
JOURNEY-00461,CUST-00461,2025-05-27 22:39:00,2025-06-08 22:19:00,Email,Paid Search,Promotional Email,Competitor Search,7,5,1,1,112.13,287.67,2025-06-08 22:19:00,11.99,Email > Referral > Organic Social > Direct > Paid Search > Direct > Paid Search
JOURNEY-00462,CUST-00462,2025-04-16 05:30:00,2025-04-17 18:37:00,Email,Email,Promotional Email,Newsletter,3,2,1,1,109.43,37.12,2025-04-17 18:37:00,1.55,Email > Organic Search > Email
JOURNEY-00463,CUST-00463,2025-05-25 07:27:00,2025-06-05 15:29:00,Referral,Referral,Affiliate,Customer Referral,5,4,1,1,151.03,272.03,2025-06-05 15:29:00,11.33,Referral > Paid Social > Organic Social > Paid Search > Referral
JOURNEY-00464,CUST-00464,2025-06-10 17:34:00,2025-06-23 13:03:00,Email,Direct,Promotional Email,Direct Visit,5,4,1,1,119.9,307.48,2025-06-23 13:03:00,12.81,Email > Organic Search > Email > Display > Direct
JOURNEY-00465,CUST-00465,2025-01-02 15:34:00,2025-01-08 09:35:00,Paid Search,Organic Social,Competitor Search,Instagram Organic,5,4,1,1,58.72,138.02,2025-01-08 09:35:00,5.75,Paid Search > Referral > Direct > Paid Search > Organic Social
JOURNEY-00466,CUST-00466,2025-05-18 06:57:00,2025-05-27 04:34:00,Email,Paid Social,Promotional Email,Facebook Ads,4,4,0,0,0.0,213.62,,,Email > Organic Social > Organic Search > Paid Social
JOURNEY-00467,CUST-00467,2025-03-09 09:25:00,2025-03-14 04:04:00,Email,Email,Welcome Series,Welcome Series,4,3,0,0,0.0,114.65,,,Email > Organic Social > Paid Social > Email
JOURNEY-00468,CUST-00468,2025-05-03 08:45:00,2025-05-06 22:50:00,Email,Organic Search,Newsletter,Product Pages,2,2,0,0,0.0,86.08,,,Email > Organic Search
JOURNEY-00469,CUST-00469,2025-04-03 18:14:00,2025-04-19 01:52:00,Paid Social,Paid Social,LinkedIn Ads,Facebook Ads,6,3,0,0,0.0,367.63,,,Paid Social > Paid Social > Email > Organic Search > Organic Search > Paid Social
JOURNEY-00470,CUST-00470,2025-04-07 09:06:00,2025-04-14 10:32:00,Paid Social,Referral,LinkedIn Ads,Partner Website,4,3,0,0,0.0,169.43,,,Paid Social > Paid Social > Email > Referral
JOURNEY-00471,CUST-00471,2025-03-22 03:58:00,2025-03-22 03:58:00,Organic Search,Organic Search,Educational Content,Educational Content,1,1,0,0,0.0,0.0,,,Organic Search
JOURNEY-00472,CUST-00472,2025-02-24 17:25:00,2025-03-01 02:40:00,Direct,Organic Search,Direct Visit,SEO Blog,4,4,1,1,277.12,105.25,2025-03-01 02:40:00,4.39,Direct > Email > Organic Social > Organic Search
JOURNEY-00473,CUST-00473,2025-02-18 03:13:00,2025-02-22 23:20:00,Organic Search,Direct,SEO Blog,Direct Visit,4,3,1,1,93.62,116.12,2025-02-22 23:20:00,4.84,Organic Search > Direct > Organic Social > Direct
JOURNEY-00474,CUST-00474,2025-05-23 01:29:00,2025-05-23 10:10:00,Paid Search,Paid Social,Product Search,LinkedIn Ads,2,2,1,1,85.82,8.68,2025-05-23 10:10:00,0.36,Paid Search > Paid Social
JOURNEY-00475,CUST-00475,2025-02-06 01:05:00,2025-02-11 06:00:00,Referral,Direct,Customer Referral,Direct Visit,4,3,0,0,0.0,124.92,,,Referral > Direct > Email > Direct
JOURNEY-00476,CUST-00476,2025-04-04 11:03:00,2025-04-13 23:06:00,Paid Social,Paid Social,Facebook Ads,Instagram Ads,5,4,0,0,0.0,228.05,,,Paid Social > Organic Social > Paid Search > Organic Search > Paid Social
JOURNEY-00477,CUST-00477,2025-04-14 11:45:00,2025-04-17 10:57:00,Paid Search,Organic Search,Competitor Search,SEO Blog,4,4,0,0,0.0,71.2,,,Paid Search > Display > Email > Organic Search
JOURNEY-00478,CUST-00478,2025-06-06 00:32:00,2025-06-06 22:32:00,Paid Search,Direct,Competitor Search,Direct Visit,2,2,0,0,0.0,22.0,,,Paid Search > Direct
JOURNEY-00479,CUST-00479,2025-04-13 23:04:00,2025-04-15 10:01:00,Email,Display,Newsletter,Prospecting,3,3,0,0,0.0,34.95,,,Email > Organic Search > Display
JOURNEY-00480,CUST-00480,2025-05-01 04:01:00,2025-05-07 16:45:00,Paid Search,Display,Product Search,Prospecting,4,4,1,1,147.28,156.73,2025-05-07 16:45:00,6.53,Paid Search > Direct > Referral > Display
JOURNEY-00481,CUST-00481,2025-03-29 07:45:00,2025-03-31 03:43:00,Organic Search,Organic Social,SEO Blog,Instagram Organic,3,3,0,0,0.0,43.97,,,Organic Search > Paid Search > Organic Social
JOURNEY-00482,CUST-00482,2025-05-31 20:18:00,2025-06-03 14:38:00,Paid Search,Organic Social,Product Search,TikTok Organic,4,4,0,0,0.0,66.33,,,Paid Search > Paid Social > Direct > Organic Social
JOURNEY-00483,CUST-00483,2025-04-09 16:35:00,2025-04-17 05:58:00,Referral,Paid Search,Customer Referral,Brand Search,4,4,0,0,0.0,181.38,,,Referral > Direct > Display > Paid Search
JOURNEY-00484,CUST-00484,2025-05-29 05:16:00,2025-06-02 19:24:00,Referral,Direct,Affiliate,Direct Visit,3,3,0,0,0.0,110.13,,,Referral > Email > Direct
JOURNEY-00485,CUST-00485,2025-03-23 21:26:00,2025-03-23 21:26:00,Display,Display,Prospecting,Prospecting,1,1,0,0,0.0,0.0,,,Display
JOURNEY-00486,CUST-00486,2025-01-02 07:27:00,2025-01-10 06:41:00,Referral,Paid Search,Partner Website,Product Search,5,4,0,0,0.0,191.23,,,Referral > Paid Search > Organic Social > Email > Paid Search
JOURNEY-00487,CUST-00487,2025-01-09 12:41:00,2025-01-20 15:36:00,Paid Social,Paid Social,Facebook Ads,Instagram Ads,6,4,1,1,170.34,266.92,2025-01-20 15:36:00,11.12,Paid Social > Organic Social > Referral > Paid Social > Paid Search > Paid Social
JOURNEY-00488,CUST-00488,2025-05-08 03:54:00,2025-05-17 06:43:00,Organic Social,Email,TikTok Organic,Welcome Series,6,4,0,0,0.0,218.82,,,Organic Social > Paid Search > Paid Search > Referral > Paid Search > Email
JOURNEY-00489,CUST-00489,2025-02-13 08:44:00,2025-02-14 10:25:00,Paid Social,Paid Search,LinkedIn Ads,Competitor Search,2,2,0,0,0.0,25.68,,,Paid Social > Paid Search
JOURNEY-00490,CUST-00490,2025-05-15 21:11:00,2025-05-18 20:17:00,Direct,Email,Direct Visit,Welcome Series,2,2,1,1,416.08,71.1,2025-05-18 20:17:00,2.96,Direct > Email
JOURNEY-00491,CUST-00491,2025-02-16 06:18:00,2025-02-16 06:18:00,Direct,Direct,Direct Visit,Direct Visit,1,1,0,0,0.0,0.0,,,Direct
JOURNEY-00492,CUST-00492,2025-02-15 19:34:00,2025-02-26 21:16:00,Display,Direct,Banner Campaign,Direct Visit,6,5,1,1,36.55,265.7,2025-02-26 21:16:00,11.07,Display > Paid Search > Display > Email > Organic Search > Direct
JOURNEY-00493,CUST-00493,2025-04-25 06:16:00,2025-04-26 12:16:00,Paid Search,Email,Product Search,Newsletter,2,2,0,0,0.0,30.0,,,Paid Search > Email
JOURNEY-00494,CUST-00494,2025-06-02 14:29:00,2025-06-04 10:48:00,Email,Paid Social,Newsletter,LinkedIn Ads,2,2,1,1,287.49,44.32,2025-06-04 10:48:00,1.85,Email > Paid Social
JOURNEY-00495,CUST-00495,2025-05-18 01:12:00,2025-05-22 18:24:00,Direct,Organic Search,Direct Visit,SEO Blog,4,4,0,0,0.0,113.2,,,Direct > Email > Paid Social > Organic Search
JOURNEY-00496,CUST-00496,2025-06-06 17:05:00,2025-06-13 19:12:00,Email,Display,Promotional Email,Banner Campaign,3,3,0,0,0.0,170.12,,,Email > Paid Search > Display
JOURNEY-00497,CUST-00497,2025-06-16 15:27:00,2025-06-17 10:27:00,Paid Social,Organic Search,Instagram Ads,SEO Blog,2,2,0,0,0.0,19.0,,,Paid Social > Organic Search
JOURNEY-00498,CUST-00498,2025-02-21 04:19:00,2025-02-21 04:19:00,Organic Search,Organic Search,Product Pages,Product Pages,1,1,0,0,0.0,0.0,,,Organic Search
JOURNEY-00499,CUST-00499,2025-05-04 05:20:00,2025-05-15 15:02:00,Organic Search,Organic Search,Product Pages,Educational Content,6,5,1,1,182.89,273.7,2025-05-15 15:02:00,11.4,Organic Search > Paid Search > Organic Social > Email > Paid Social > Organic Search
JOURNEY-00500,CUST-00500,2025-03-10 14:37:00,2025-03-13 14:24:00,Referral,Referral,Customer Referral,Partner Website,4,3,0,0,0.0,71.78,,,Referral > Organic Search > Paid Search > Referral
JOURNEY-00501,CUST-00501,2025-03-30 05:06:00,2025-04-01 03:40:00,Organic Search,Email,Product Pages,Welcome Series,2,2,1,1,366.79,46.57,2025-04-01 03:40:00,1.94,Organic Search > Email
JOURNEY-00502,CUST-00502,2025-02-01 08:36:00,2025-02-01 08:36:00,Paid Search,Paid Search,Competitor Search,Competitor Search,1,1,0,0,0.0,0.0,,,Paid Search
JOURNEY-00503,CUST-00503,2025-05-06 00:22:00,2025-05-06 00:22:00,Paid Search,Paid Search,Brand Search,Brand Search,1,1,0,0,0.0,0.0,,,Paid Search
JOURNEY-00504,CUST-00504,2025-01-20 03:57:00,2025-02-06 13:13:00,Organic Search,Organic Search,Product Pages,SEO Blog,8,4,0,0,0.0,417.27,,,Organic Search > Email > Organic Search > Organic Social > Display > Organic Search > Email > Organic Search
JOURNEY-00505,CUST-00505,2025-02-18 21:35:00,2025-02-20 12:41:00,Paid Search,Paid Social,Competitor Search,LinkedIn Ads,2,2,0,0,0.0,39.1,,,Paid Search > Paid Social
JOURNEY-00506,CUST-00506,2025-06-21 02:16:00,2025-06-23 03:42:00,Email,Display,Promotional Email,Retargeting,2,2,0,0,0.0,49.43,,,Email > Display
JOURNEY-00507,CUST-00507,2025-05-24 13:57:00,2025-05-28 05:39:00,Organic Search,Organic Search,SEO Blog,SEO Blog,3,2,0,0,0.0,87.7,,,Organic Search > Display > Organic Search
JOURNEY-00508,CUST-00508,2025-03-01 07:24:00,2025-03-10 21:46:00,Paid Search,Referral,Competitor Search,Partner Website,5,4,0,0,0.0,230.37,,,Paid Search > Paid Social > Paid Search > Organic Search > Referral
JOURNEY-00509,CUST-00509,2025-06-05 18:44:00,2025-06-12 15:54:00,Referral,Paid Search,Affiliate,Product Search,5,4,0,0,0.0,165.17,,,Referral > Direct > Email > Direct > Paid Search
JOURNEY-00510,CUST-00510,2025-05-05 21:35:00,2025-05-08 06:45:00,Display,Organic Social,Retargeting,LinkedIn Organic,2,2,0,0,0.0,57.17,,,Display > Organic Social
JOURNEY-00511,CUST-00511,2025-05-12 14:23:00,2025-05-13 22:35:00,Organic Search,Direct,Product Pages,Direct Visit,2,2,0,0,0.0,32.2,,,Organic Search > Direct
JOURNEY-00512,CUST-00512,2025-04-02 11:23:00,2025-04-05 08:17:00,Paid Social,Organic Social,Instagram Ads,TikTok Organic,4,3,0,0,0.0,68.9,,,Paid Social > Paid Social > Email > Organic Social
JOURNEY-00513,CUST-00513,2025-03-30 03:29:00,2025-03-31 06:47:00,Paid Search,Email,Product Search,Welcome Series,3,2,0,0,0.0,27.3,,,Paid Search > Paid Search > Email
JOURNEY-00514,CUST-00514,2025-03-12 22:19:00,2025-03-16 01:39:00,Paid Search,Organic Search,Brand Search,Educational Content,2,2,0,0,0.0,75.33,,,Paid Search > Organic Search
JOURNEY-00515,CUST-00515,2025-06-03 08:16:00,2025-06-07 14:07:00,Email,Organic Search,Newsletter,Educational Content,4,4,0,0,0.0,101.85,,,Email > Paid Social > Organic Social > Organic Search
JOURNEY-00516,CUST-00516,2025-03-21 20:16:00,2025-03-31 19:03:00,Paid Search,Organic Search,Brand Search,Product Pages,5,4,1,1,63.29,238.78,2025-03-31 19:03:00,9.95,Paid Search > Direct > Display > Direct > Organic Search
JOURNEY-00517,CUST-00517,2025-03-22 04:58:00,2025-03-23 11:04:00,Paid Social,Email,Facebook Ads,Newsletter,3,3,0,0,0.0,30.1,,,Paid Social > Organic Search > Email
JOURNEY-00518,CUST-00518,2025-04-11 17:54:00,2025-04-12 22:34:00,Organic Social,Paid Social,LinkedIn Organic,LinkedIn Ads,3,3,0,0,0.0,28.67,,,Organic Social > Referral > Paid Social
JOURNEY-00519,CUST-00519,2025-05-10 12:16:00,2025-05-20 13:26:00,Direct,Organic Search,Direct Visit,Educational Content,6,4,0,0,0.0,241.17,,,Direct > Paid Search > Paid Social > Direct > Paid Search > Organic Search
JOURNEY-00520,CUST-00520,2025-05-05 10:50:00,2025-05-11 17:43:00,Direct,Direct,Direct Visit,Direct Visit,3,2,0,0,0.0,150.88,,,Direct > Organic Search > Direct
JOURNEY-00521,CUST-00521,2025-04-24 01:21:00,2025-05-06 07:07:00,Direct,Organic Search,Direct Visit,Product Pages,8,4,1,1,48.39,293.77,2025-05-06 07:07:00,12.24,Direct > Paid Social > Direct > Paid Social > Organic Search > Direct > Organic Social > Organic Search
JOURNEY-00522,CUST-00522,2025-03-21 20:55:00,2025-03-21 20:55:00,Direct,Direct,Direct Visit,Direct Visit,1,1,0,0,0.0,0.0,,,Direct
JOURNEY-00523,CUST-00523,2025-06-04 07:35:00,2025-06-08 10:35:00,Email,Organic Search,Promotional Email,Product Pages,3,2,0,0,0.0,99.0,,,Email > Organic Search > Organic Search
JOURNEY-00524,CUST-00524,2025-05-04 20:07:00,2025-05-08 09:23:00,Organic Search,Organic Search,Product Pages,Product Pages,3,2,0,0,0.0,85.27,,,Organic Search > Paid Search > Organic Search
JOURNEY-00525,CUST-00525,2025-01-24 02:23:00,2025-01-29 00:17:00,Organic Social,Organic Search,Instagram Organic,SEO Blog,3,3,0,0,0.0,117.9,,,Organic Social > Direct > Organic Search
JOURNEY-00526,CUST-00526,2025-05-23 11:03:00,2025-05-30 18:01:00,Referral,Referral,Partner Website,Affiliate,5,4,0,0,0.0,174.97,,,Referral > Paid Search > Email > Organic Social > Referral
JOURNEY-00527,CUST-00527,2025-03-15 16:06:00,2025-03-21 06:18:00,Email,Paid Search,Newsletter,Competitor Search,3,3,0,0,0.0,134.2,,,Email > Organic Search > Paid Search
JOURNEY-00528,CUST-00528,2025-01-23 08:22:00,2025-01-24 22:52:00,Organic Social,Paid Social,TikTok Organic,Instagram Ads,3,3,0,0,0.0,38.5,,,Organic Social > Direct > Paid Social
JOURNEY-00529,CUST-00529,2025-02-28 22:36:00,2025-03-03 15:49:00,Paid Search,Paid Search,Product Search,Brand Search,4,3,0,0,0.0,65.22,,,Paid Search > Organic Search > Paid Social > Paid Search
JOURNEY-00530,CUST-00530,2025-05-14 23:13:00,2025-05-17 23:41:00,Direct,Email,Direct Visit,Newsletter,2,2,0,0,0.0,72.47,,,Direct > Email
JOURNEY-00531,CUST-00531,2025-05-08 11:13:00,2025-05-12 13:11:00,Organic Social,Paid Social,Instagram Organic,Instagram Ads,3,3,0,0,0.0,97.97,,,Organic Social > Organic Search > Paid Social
JOURNEY-00532,CUST-00532,2025-02-12 17:00:00,2025-02-19 17:07:00,Paid Social,Organic Search,LinkedIn Ads,Educational Content,3,3,1,1,64.7,168.12,2025-02-19 17:07:00,7.0,Paid Social > Paid Search > Organic Search
JOURNEY-00533,CUST-00533,2025-06-26 19:54:00,2025-06-30 11:08:00,Display,Paid Social,Banner Campaign,Facebook Ads,3,2,1,1,88.62,87.23,2025-06-30 11:08:00,3.63,Display > Display > Paid Social
JOURNEY-00534,CUST-00534,2025-05-18 06:57:00,2025-05-28 02:53:00,Email,Referral,Newsletter,Affiliate,5,4,1,1,70.44,235.93,2025-05-28 02:53:00,9.83,Email > Paid Social > Organic Search > Email > Referral
JOURNEY-00535,CUST-00535,2025-05-13 20:29:00,2025-05-19 16:51:00,Referral,Direct,Customer Referral,Direct Visit,4,4,0,0,0.0,140.37,,,Referral > Paid Search > Display > Direct
JOURNEY-00536,CUST-00536,2025-02-04 02:36:00,2025-02-07 17:49:00,Organic Social,Paid Search,LinkedIn Organic,Product Search,3,3,0,0,0.0,87.22,,,Organic Social > Paid Social > Paid Search
JOURNEY-00537,CUST-00537,2025-02-22 18:52:00,2025-02-26 12:32:00,Organic Search,Paid Search,Product Pages,Brand Search,3,3,0,0,0.0,89.67,,,Organic Search > Email > Paid Search
JOURNEY-00538,CUST-00538,2025-02-09 22:25:00,2025-02-14 10:17:00,Organic Search,Paid Search,Educational Content,Product Search,3,3,0,0,0.0,107.87,,,Organic Search > Referral > Paid Search
JOURNEY-00539,CUST-00539,2025-04-03 01:52:00,2025-04-03 01:52:00,Email,Email,Newsletter,Newsletter,1,1,1,1,116.91,0.0,2025-04-03 01:52:00,0.0,Email
JOURNEY-00540,CUST-00540,2025-04-27 07:10:00,2025-05-06 22:45:00,Paid Search,Organic Social,Brand Search,LinkedIn Organic,5,5,0,0,0.0,231.58,,,Paid Search > Referral > Organic Search > Email > Organic Social
JOURNEY-00541,CUST-00541,2025-05-14 06:09:00,2025-05-15 21:51:00,Email,Paid Social,Newsletter,Facebook Ads,2,2,0,0,0.0,39.7,,,Email > Paid Social
JOURNEY-00542,CUST-00542,2025-05-27 02:41:00,2025-05-28 12:22:00,Direct,Organic Search,Direct Visit,Product Pages,3,3,0,0,0.0,33.68,,,Direct > Organic Social > Organic Search
JOURNEY-00543,CUST-00543,2025-06-25 00:21:00,2025-07-10 17:28:00,Referral,Organic Social,Partner Website,TikTok Organic,6,5,0,0,0.0,377.12,,,Referral > Organic Social > Organic Search > Display > Email > Organic Social
JOURNEY-00544,CUST-00544,2025-03-03 10:44:00,2025-03-13 16:27:00,Organic Social,Email,LinkedIn Organic,Promotional Email,5,4,1,1,20.19,245.72,2025-03-13 16:27:00,10.24,Organic Social > Direct > Paid Search > Paid Search > Email
JOURNEY-00545,CUST-00545,2025-02-01 13:10:00,2025-02-05 22:23:00,Email,Organic Search,Promotional Email,SEO Blog,4,3,0,0,0.0,105.22,,,Email > Organic Search > Display > Organic Search
JOURNEY-00546,CUST-00546,2025-04-06 18:35:00,2025-04-08 09:33:00,Direct,Display,Direct Visit,Retargeting,2,2,1,1,106.92,38.97,2025-04-08 09:33:00,1.62,Direct > Display
JOURNEY-00547,CUST-00547,2025-02-12 13:40:00,2025-02-20 10:16:00,Paid Search,Organic Search,Brand Search,Educational Content,3,2,0,0,0.0,188.6,,,Paid Search > Paid Search > Organic Search
JOURNEY-00548,CUST-00548,2025-06-23 01:30:00,2025-06-28 06:43:00,Direct,Referral,Direct Visit,Affiliate,5,3,0,0,0.0,125.22,,,Direct > Referral > Paid Social > Direct > Referral
JOURNEY-00549,CUST-00549,2025-02-07 11:43:00,2025-02-12 09:35:00,Paid Search,Paid Social,Brand Search,Instagram Ads,3,3,0,0,0.0,117.87,,,Paid Search > Email > Paid Social
JOURNEY-00550,CUST-00550,2025-02-24 19:30:00,2025-02-27 03:59:00,Paid Search,Paid Social,Brand Search,Instagram Ads,3,3,1,1,69.33,56.48,2025-02-27 03:59:00,2.35,Paid Search > Email > Paid Social
JOURNEY-00551,CUST-00551,2025-06-15 03:59:00,2025-06-17 17:50:00,Direct,Email,Direct Visit,Newsletter,4,4,1,1,89.83,61.85,2025-06-17 17:50:00,2.58,Direct > Paid Social > Organic Social > Email
JOURNEY-00552,CUST-00552,2025-01-27 14:40:00,2025-02-02 23:21:00,Paid Search,Email,Product Search,Promotional Email,4,3,0,0,0.0,152.68,,,Paid Search > Organic Search > Email > Email
JOURNEY-00553,CUST-00553,2025-01-29 16:27:00,2025-02-02 16:15:00,Paid Search,Display,Brand Search,Prospecting,2,2,1,1,184.49,95.8,2025-02-02 16:15:00,3.99,Paid Search > Display
JOURNEY-00554,CUST-00554,2025-06-03 18:43:00,2025-06-07 05:03:00,Paid Search,Organic Social,Brand Search,TikTok Organic,3,3,0,0,0.0,82.33,,,Paid Search > Direct > Organic Social
JOURNEY-00555,CUST-00555,2025-05-30 04:34:00,2025-06-02 18:32:00,Organic Social,Direct,LinkedIn Organic,Direct Visit,3,2,0,0,0.0,85.97,,,Organic Social > Organic Social > Direct
JOURNEY-00556,CUST-00556,2025-01-10 16:04:00,2025-01-10 16:04:00,Email,Email,Welcome Series,Welcome Series,1,1,0,0,0.0,0.0,,,Email
JOURNEY-00557,CUST-00557,2025-01-31 06:56:00,2025-02-10 14:45:00,Email,Email,Promotional Email,Promotional Email,6,5,1,1,179.59,247.82,2025-02-10 14:45:00,10.33,Email > Referral > Direct > Organic Search > Paid Social > Email
JOURNEY-00558,CUST-00558,2025-05-25 16:55:00,2025-06-06 21:12:00,Paid Social,Referral,Instagram Ads,Affiliate,5,4,1,1,60.15,292.28,2025-06-06 21:12:00,12.18,Paid Social > Organic Search > Display > Organic Search > Referral
JOURNEY-00559,CUST-00559,2025-04-17 22:57:00,2025-04-20 10:04:00,Organic Search,Referral,Product Pages,Partner Website,4,3,0,0,0.0,59.12,,,Organic Search > Paid Search > Paid Search > Referral
JOURNEY-00560,CUST-00560,2025-02-26 05:20:00,2025-02-27 13:27:00,Paid Search,Direct,Brand Search,Direct Visit,2,2,0,0,0.0,32.12,,,Paid Search > Direct
JOURNEY-00561,CUST-00561,2025-04-28 11:14:00,2025-05-11 17:00:00,Paid Search,Email,Brand Search,Newsletter,8,7,0,0,0.0,317.77,,,Paid Search > Referral > Paid Search > Display > Direct > Paid Social > Organic Search > Email
JOURNEY-00562,CUST-00562,2025-02-13 22:54:00,2025-02-27 19:15:00,Organic Search,Organic Social,Educational Content,Instagram Organic,6,6,1,1,294.51,332.35,2025-02-27 19:15:00,13.85,Organic Search > Paid Search > Email > Paid Social > Display > Organic Social
JOURNEY-00563,CUST-00563,2025-05-10 05:39:00,2025-05-14 16:58:00,Email,Paid Search,Newsletter,Product Search,3,3,0,0,0.0,107.32,,,Email > Referral > Paid Search
JOURNEY-00564,CUST-00564,2025-03-09 06:02:00,2025-03-10 08:02:00,Paid Search,Email,Competitor Search,Welcome Series,3,3,1,1,93.55,26.0,2025-03-10 08:02:00,1.08,Paid Search > Organic Search > Email
JOURNEY-00565,CUST-00565,2025-05-12 00:26:00,2025-05-15 10:46:00,Display,Paid Social,Prospecting,Facebook Ads,3,3,0,0,0.0,82.33,,,Display > Organic Search > Paid Social
JOURNEY-00566,CUST-00566,2025-03-13 11:02:00,2025-03-18 06:07:00,Direct,Referral,Direct Visit,Affiliate,5,4,1,1,224.11,115.08,2025-03-18 06:07:00,4.8,Direct > Paid Social > Organic Social > Paid Social > Referral
JOURNEY-00567,CUST-00567,2025-03-11 09:00:00,2025-03-15 17:45:00,Organic Search,Paid Search,SEO Blog,Product Search,4,3,1,1,339.86,104.75,2025-03-15 17:45:00,4.36,Organic Search > Display > Organic Search > Paid Search
JOURNEY-00568,CUST-00568,2025-06-16 07:47:00,2025-06-18 23:29:00,Paid Search,Direct,Product Search,Direct Visit,2,2,1,1,160.42,63.7,2025-06-18 23:29:00,2.65,Paid Search > Direct
JOURNEY-00569,CUST-00569,2025-02-06 22:14:00,2025-02-12 17:14:00,Paid Search,Organic Search,Brand Search,Educational Content,4,3,0,0,0.0,139.0,,,Paid Search > Email > Organic Search > Organic Search
JOURNEY-00570,CUST-00570,2025-03-04 04:35:00,2025-03-16 01:04:00,Organic Social,Organic Search,LinkedIn Organic,Product Pages,6,5,0,0,0.0,284.48,,,Organic Social > Email > Display > Organic Social > Referral > Organic Search
JOURNEY-00571,CUST-00571,2025-04-18 16:02:00,2025-04-21 06:33:00,Display,Paid Search,Prospecting,Brand Search,3,3,0,0,0.0,62.52,,,Display > Paid Social > Paid Search
JOURNEY-00572,CUST-00572,2025-02-19 09:18:00,2025-02-27 05:54:00,Paid Search,Organic Social,Product Search,TikTok Organic,5,5,1,1,254.48,188.6,2025-02-27 05:54:00,7.86,Paid Search > Referral > Organic Search > Email > Organic Social
JOURNEY-00573,CUST-00573,2025-01-26 13:00:00,2025-01-26 13:00:00,Paid Social,Paid Social,LinkedIn Ads,LinkedIn Ads,1,1,0,0,0.0,0.0,,,Paid Social
JOURNEY-00574,CUST-00574,2025-02-02 21:59:00,2025-02-06 07:46:00,Organic Search,Email,Product Pages,Welcome Series,2,2,1,1,199.52,81.78,2025-02-06 07:46:00,3.41,Organic Search > Email
JOURNEY-00575,CUST-00575,2025-03-06 23:22:00,2025-03-06 23:22:00,Email,Email,Newsletter,Newsletter,1,1,0,0,0.0,0.0,,,Email
JOURNEY-00576,CUST-00576,2025-03-30 08:37:00,2025-04-04 00:57:00,Paid Search,Organic Search,Product Search,Product Pages,4,4,1,1,30.11,112.33,2025-04-04 00:57:00,4.68,Paid Search > Paid Social > Organic Social > Organic Search
JOURNEY-00577,CUST-00577,2025-03-13 10:43:00,2025-03-13 22:16:00,Organic Social,Paid Search,LinkedIn Organic,Competitor Search,2,2,1,1,85.01,11.55,2025-03-13 22:16:00,0.48,Organic Social > Paid Search
JOURNEY-00578,CUST-00578,2025-05-28 07:03:00,2025-06-02 12:31:00,Organic Search,Direct,Educational Content,Direct Visit,3,3,1,1,122.86,125.47,2025-06-02 12:31:00,5.23,Organic Search > Paid Search > Direct
JOURNEY-00579,CUST-00579,2025-01-20 04:29:00,2025-02-05 14:59:00,Email,Paid Social,Welcome Series,Facebook Ads,6,4,0,0,0.0,394.5,,,Email > Email > Organic Search > Organic Social > Email > Paid Social
JOURNEY-00580,CUST-00580,2025-02-20 13:38:00,2025-02-20 13:38:00,Paid Social,Paid Social,LinkedIn Ads,LinkedIn Ads,1,1,0,0,0.0,0.0,,,Paid Social
JOURNEY-00581,CUST-00581,2025-04-11 21:25:00,2025-04-14 03:35:00,Referral,Paid Search,Affiliate,Brand Search,2,2,0,0,0.0,54.17,,,Referral > Paid Search
JOURNEY-00582,CUST-00582,2025-05-10 01:57:00,2025-05-11 13:44:00,Email,Email,Promotional Email,Newsletter,3,2,0,0,0.0,35.78,,,Email > Referral > Email
JOURNEY-00583,CUST-00583,2025-04-25 20:58:00,2025-04-28 23:53:00,Paid Search,Organic Search,Competitor Search,Educational Content,2,2,0,0,0.0,74.92,,,Paid Search > Organic Search
JOURNEY-00584,CUST-00584,2025-02-21 08:20:00,2025-02-25 02:58:00,Organic Search,Paid Search,Product Pages,Brand Search,4,4,0,0,0.0,90.63,,,Organic Search > Paid Social > Referral > Paid Search
JOURNEY-00585,CUST-00585,2025-01-23 02:57:00,2025-01-23 15:35:00,Paid Search,Paid Social,Competitor Search,LinkedIn Ads,2,2,0,0,0.0,12.63,,,Paid Search > Paid Social
JOURNEY-00586,CUST-00586,2025-06-21 01:53:00,2025-06-24 09:58:00,Referral,Email,Affiliate,Welcome Series,4,4,0,0,0.0,80.08,,,Referral > Organic Search > Paid Search > Email
JOURNEY-00587,CUST-00587,2025-03-03 21:44:00,2025-03-10 13:03:00,Paid Search,Email,Competitor Search,Welcome Series,4,3,1,1,173.23,159.32,2025-03-10 13:03:00,6.64,Paid Search > Email > Organic Search > Email
JOURNEY-00588,CUST-00588,2025-04-04 17:28:00,2025-04-05 21:30:00,Email,Direct,Welcome Series,Direct Visit,2,2,0,0,0.0,28.03,,,Email > Direct
JOURNEY-00589,CUST-00589,2025-06-27 08:20:00,2025-06-30 12:20:00,Organic Search,Direct,SEO Blog,Direct Visit,2,2,1,1,79.02,76.0,2025-06-30 12:20:00,3.17,Organic Search > Direct
JOURNEY-00590,CUST-00590,2025-06-29 15:03:00,2025-07-02 05:45:00,Email,Display,Promotional Email,Retargeting,2,2,0,0,0.0,62.7,,,Email > Display
JOURNEY-00591,CUST-00591,2025-04-13 01:21:00,2025-04-15 21:23:00,Paid Search,Organic Social,Brand Search,LinkedIn Organic,2,2,1,1,68.61,68.03,2025-04-15 21:23:00,2.83,Paid Search > Organic Social
JOURNEY-00592,CUST-00592,2025-01-09 16:25:00,2025-01-09 16:25:00,Email,Email,Promotional Email,Promotional Email,1,1,0,0,0.0,0.0,,,Email
JOURNEY-00593,CUST-00593,2025-03-20 01:06:00,2025-03-24 19:37:00,Organic Social,Paid Social,TikTok Organic,Instagram Ads,4,4,0,0,0.0,114.52,,,Organic Social > Display > Organic Search > Paid Social
JOURNEY-00594,CUST-00594,2025-02-12 20:23:00,2025-02-19 06:52:00,Paid Search,Email,Competitor Search,Promotional Email,3,3,0,0,0.0,154.48,,,Paid Search > Direct > Email
JOURNEY-00595,CUST-00595,2025-01-05 05:50:00,2025-01-10 23:50:00,Paid Social,Organic Search,Instagram Ads,Educational Content,5,4,0,0,0.0,138.0,,,Paid Social > Organic Social > Organic Search > Referral > Organic Search
JOURNEY-00596,CUST-00596,2025-03-01 21:11:00,2025-03-11 08:04:00,Organic Social,Display,LinkedIn Organic,Banner Campaign,4,4,0,0,0.0,226.88,,,Organic Social > Paid Search > Paid Social > Display
JOURNEY-00597,CUST-00597,2025-02-14 05:42:00,2025-02-25 03:52:00,Paid Search,Email,Product Search,Newsletter,6,4,0,0,0.0,262.17,,,Paid Search > Paid Search > Organic Social > Email > Direct > Email
JOURNEY-00598,CUST-00598,2025-03-08 11:11:00,2025-03-12 03:39:00,Direct,Organic Search,Direct Visit,Product Pages,4,3,0,0,0.0,88.47,,,Direct > Organic Social > Direct > Organic Search
JOURNEY-00599,CUST-00599,2025-03-09 11:15:00,2025-03-12 21:26:00,Display,Email,Prospecting,Newsletter,3,3,0,0,0.0,82.18,,,Display > Paid Social > Email
JOURNEY-00600,CUST-00600,2025-05-18 05:53:00,2025-05-21 10:54:00,Paid Social,Organic Social,LinkedIn Ads,TikTok Organic,2,2,0,0,0.0,77.02,,,Paid Social > Organic Social
JOURNEY-00601,CUST-00601,2025-01-21 22:31:00,2025-01-28 16:36:00,Paid Search,Paid Search,Product Search,Competitor Search,4,3,0,0,0.0,162.08,,,Paid Search > Display > Organic Social > Paid Search
JOURNEY-00602,CUST-00602,2025-03-17 09:36:00,2025-03-22 15:13:00,Referral,Organic Social,Customer Referral,TikTok Organic,4,4,0,0,0.0,125.62,,,Referral > Direct > Paid Search > Organic Social
JOURNEY-00603,CUST-00603,2025-02-27 07:36:00,2025-03-01 23:47:00,Paid Social,Paid Search,LinkedIn Ads,Brand Search,2,2,1,1,93.89,64.18,2025-03-01 23:47:00,2.67,Paid Social > Paid Search
JOURNEY-00604,CUST-00604,2025-03-18 14:47:00,2025-03-20 17:45:00,Paid Social,Paid Search,Facebook Ads,Brand Search,3,3,0,0,0.0,50.97,,,Paid Social > Email > Paid Search
JOURNEY-00605,CUST-00605,2025-06-14 00:59:00,2025-06-17 05:47:00,Email,Paid Search,Promotional Email,Brand Search,3,3,0,0,0.0,76.8,,,Email > Paid Social > Paid Search
JOURNEY-00606,CUST-00606,2025-05-23 21:23:00,2025-05-29 17:01:00,Email,Paid Search,Promotional Email,Product Search,4,3,0,0,0.0,139.63,,,Email > Direct > Email > Paid Search
JOURNEY-00607,CUST-00607,2025-04-14 11:29:00,2025-04-18 06:57:00,Paid Social,Direct,Instagram Ads,Direct Visit,3,3,0,0,0.0,91.47,,,Paid Social > Paid Search > Direct
JOURNEY-00608,CUST-00608,2025-02-20 23:14:00,2025-02-20 23:14:00,Organic Search,Organic Search,Product Pages,Product Pages,1,1,0,0,0.0,0.0,,,Organic Search
JOURNEY-00609,CUST-00609,2025-04-18 18:10:00,2025-04-25 13:06:00,Paid Search,Organic Social,Product Search,TikTok Organic,6,5,1,1,104.8,162.93,2025-04-25 13:06:00,6.79,Paid Search > Organic Search > Email > Display > Email > Organic Social
JOURNEY-00610,CUST-00610,2025-05-15 16:30:00,2025-05-23 11:09:00,Email,Paid Social,Welcome Series,Facebook Ads,6,4,0,0,0.0,186.65,,,Email > Paid Search > Paid Social > Display > Paid Search > Paid Social
JOURNEY-00611,CUST-00611,2025-01-29 18:34:00,2025-02-05 19:45:00,Paid Social,Referral,LinkedIn Ads,Partner Website,3,3,0,0,0.0,169.18,,,Paid Social > Paid Search > Referral
JOURNEY-00612,CUST-00612,2025-02-17 22:27:00,2025-02-21 08:57:00,Organic Social,Paid Social,TikTok Organic,Instagram Ads,3,2,0,0,0.0,82.5,,,Organic Social > Paid Social > Paid Social
JOURNEY-00613,CUST-00613,2025-02-15 16:08:00,2025-02-19 11:38:00,Direct,Paid Search,Direct Visit,Brand Search,4,3,0,0,0.0,91.5,,,Direct > Paid Search > Email > Paid Search
JOURNEY-00614,CUST-00614,2025-03-31 08:57:00,2025-04-12 03:02:00,Direct,Paid Search,Direct Visit,Competitor Search,6,4,0,0,0.0,282.08,,,Direct > Email > Organic Search > Paid Search > Direct > Paid Search
JOURNEY-00615,CUST-00615,2025-02-12 18:59:00,2025-02-22 10:40:00,Email,Direct,Promotional Email,Direct Visit,4,4,0,0,0.0,231.68,,,Email > Organic Social > Paid Search > Direct
JOURNEY-00616,CUST-00616,2025-02-27 12:43:00,2025-03-01 09:19:00,Paid Social,Paid Search,LinkedIn Ads,Product Search,3,3,0,0,0.0,44.6,,,Paid Social > Referral > Paid Search
JOURNEY-00617,CUST-00617,2025-01-24 21:01:00,2025-02-05 10:30:00,Paid Search,Organic Search,Product Search,Educational Content,5,3,0,0,0.0,277.48,,,Paid Search > Organic Search > Paid Search > Referral > Organic Search
JOURNEY-00618,CUST-00618,2025-05-06 16:13:00,2025-05-21 02:04:00,Display,Email,Retargeting,Newsletter,7,5,0,0,0.0,345.85,,,Display > Paid Search > Organic Social > Email > Direct > Display > Email
JOURNEY-00619,CUST-00619,2025-03-11 13:00:00,2025-03-11 13:00:00,Organic Search,Organic Search,SEO Blog,SEO Blog,1,1,1,1,101.52,0.0,2025-03-11 13:00:00,0.0,Organic Search
JOURNEY-00620,CUST-00620,2025-02-25 17:57:00,2025-03-11 14:14:00,Organic Search,Direct,Educational Content,Direct Visit,7,5,0,0,0.0,332.28,,,Organic Search > Organic Social > Organic Search > Paid Social > Display > Paid Social > Direct
JOURNEY-00621,CUST-00621,2025-06-01 21:49:00,2025-06-07 07:43:00,Email,Referral,Welcome Series,Customer Referral,5,4,0,0,0.0,129.9,,,Email > Organic Search > Organic Search > Organic Social > Referral
JOURNEY-00622,CUST-00622,2025-03-25 22:59:00,2025-03-26 17:15:00,Referral,Email,Customer Referral,Promotional Email,2,2,1,1,97.35,18.27,2025-03-26 17:15:00,0.76,Referral > Email
JOURNEY-00623,CUST-00623,2025-05-22 04:11:00,2025-05-25 13:54:00,Direct,Paid Search,Direct Visit,Brand Search,3,3,0,0,0.0,81.72,,,Direct > Display > Paid Search
JOURNEY-00624,CUST-00624,2025-02-22 17:18:00,2025-02-26 08:37:00,Email,Display,Welcome Series,Prospecting,4,4,0,0,0.0,87.32,,,Email > Paid Search > Organic Search > Display
JOURNEY-00625,CUST-00625,2025-01-25 07:11:00,2025-01-31 01:57:00,Organic Search,Paid Search,Educational Content,Product Search,5,4,0,0,0.0,138.77,,,Organic Search > Paid Search > Paid Social > Display > Paid Search
JOURNEY-00626,CUST-00626,2025-02-13 15:06:00,2025-02-21 16:38:00,Email,Organic Search,Promotional Email,Educational Content,5,4,1,1,253.88,193.53,2025-02-21 16:38:00,8.06,Email > Paid Social > Paid Social > Display > Organic Search
JOURNEY-00627,CUST-00627,2025-01-22 18:56:00,2025-01-26 13:13:00,Referral,Referral,Affiliate,Affiliate,3,2,0,0,0.0,90.28,,,Referral > Display > Referral
JOURNEY-00628,CUST-00628,2025-05-21 23:21:00,2025-05-27 18:21:00,Display,Paid Search,Retargeting,Competitor Search,4,3,0,0,0.0,139.0,,,Display > Paid Search > Organic Search > Paid Search
JOURNEY-00629,CUST-00629,2025-06-17 18:48:00,2025-07-04 17:06:00,Paid Search,Paid Search,Product Search,Competitor Search,7,5,0,0,0.0,406.3,,,Paid Search > Email > Email > Display > Paid Social > Organic Search > Paid Search
JOURNEY-00630,CUST-00630,2025-03-27 00:23:00,2025-04-07 02:54:00,Direct,Referral,Direct Visit,Partner Website,6,4,0,0,0.0,266.52,,,Direct > Organic Search > Display > Direct > Direct > Referral
JOURNEY-00631,CUST-00631,2025-03-14 16:27:00,2025-03-24 13:57:00,Organic Search,Paid Social,Product Pages,Facebook Ads,5,4,1,1,113.61,237.5,2025-03-24 13:57:00,9.9,Organic Search > Email > Organic Social > Organic Search > Paid Social
JOURNEY-00632,CUST-00632,2025-06-02 17:52:00,2025-06-13 21:42:00,Direct,Organic Search,Direct Visit,Educational Content,6,5,0,0,0.0,267.83,,,Direct > Email > Paid Search > Referral > Email > Organic Search
JOURNEY-00633,CUST-00633,2025-06-23 23:49:00,2025-07-01 10:19:00,Organic Social,Paid Social,TikTok Organic,Facebook Ads,3,3,0,0,0.0,178.5,,,Organic Social > Direct > Paid Social
JOURNEY-00634,CUST-00634,2025-06-13 14:33:00,2025-06-20 16:32:00,Direct,Paid Social,Direct Visit,Instagram Ads,6,4,0,0,0.0,169.98,,,Direct > Paid Social > Organic Search > Paid Social > Paid Search > Paid Social
JOURNEY-00635,CUST-00635,2025-05-17 23:24:00,2025-05-24 04:57:00,Referral,Organic Search,Affiliate,SEO Blog,4,3,1,1,138.63,149.55,2025-05-24 04:57:00,6.23,Referral > Organic Search > Direct > Organic Search
JOURNEY-00636,CUST-00636,2025-06-20 16:57:00,2025-07-02 05:27:00,Paid Search,Organic Social,Product Search,LinkedIn Organic,6,4,0,0,0.0,276.5,,,Paid Search > Referral > Paid Search > Email > Paid Search > Organic Social
JOURNEY-00637,CUST-00637,2025-03-18 00:26:00,2025-03-19 16:55:00,Email,Organic Social,Promotional Email,Instagram Organic,3,3,0,0,0.0,40.48,,,Email > Direct > Organic Social
JOURNEY-00638,CUST-00638,2025-04-11 04:14:00,2025-04-11 22:41:00,Display,Display,Banner Campaign,Prospecting,3,2,0,0,0.0,18.45,,,Display > Direct > Display
JOURNEY-00639,CUST-00639,2025-05-10 17:02:00,2025-05-14 14:54:00,Paid Search,Paid Search,Competitor Search,Product Search,3,2,1,1,411.57,93.87,2025-05-14 14:54:00,3.91,Paid Search > Display > Paid Search
JOURNEY-00640,CUST-00640,2025-02-03 19:55:00,2025-02-10 11:22:00,Referral,Paid Search,Affiliate,Competitor Search,3,3,0,0,0.0,159.45,,,Referral > Organic Social > Paid Search
JOURNEY-00641,CUST-00641,2025-06-22 20:01:00,2025-06-30 04:52:00,Email,Paid Social,Welcome Series,LinkedIn Ads,6,5,1,1,259.88,176.85,2025-06-30 04:52:00,7.37,Email > Referral > Paid Search > Paid Social > Direct > Paid Social
JOURNEY-00642,CUST-00642,2025-05-01 00:30:00,2025-05-04 02:51:00,Email,Referral,Promotional Email,Affiliate,2,2,1,1,193.49,74.35,2025-05-04 02:51:00,3.1,Email > Referral
JOURNEY-00643,CUST-00643,2025-06-22 09:27:00,2025-06-25 11:55:00,Display,Paid Social,Prospecting,Instagram Ads,2,2,0,0,0.0,74.47,,,Display > Paid Social
JOURNEY-00644,CUST-00644,2025-01-18 07:59:00,2025-01-29 16:13:00,Paid Search,Paid Social,Competitor Search,Facebook Ads,5,5,0,0,0.0,272.23,,,Paid Search > Referral > Email > Organic Social > Paid Social
JOURNEY-00645,CUST-00645,2025-02-15 16:28:00,2025-02-21 11:37:00,Paid Search,Organic Social,Competitor Search,LinkedIn Organic,4,4,0,0,0.0,139.15,,,Paid Search > Organic Search > Paid Social > Organic Social
JOURNEY-00646,CUST-00646,2025-05-21 07:09:00,2025-05-23 10:16:00,Organic Search,Paid Search,Educational Content,Brand Search,2,2,0,0,0.0,51.12,,,Organic Search > Paid Search
JOURNEY-00647,CUST-00647,2025-03-15 11:30:00,2025-03-19 08:24:00,Paid Search,Direct,Product Search,Direct Visit,2,2,0,0,0.0,92.9,,,Paid Search > Direct
JOURNEY-00648,CUST-00648,2025-03-20 15:33:00,2025-03-25 21:44:00,Paid Social,Email,LinkedIn Ads,Promotional Email,3,3,0,0,0.0,126.18,,,Paid Social > Referral > Email
JOURNEY-00649,CUST-00649,2025-06-02 04:13:00,2025-06-07 14:15:00,Paid Social,Paid Search,Instagram Ads,Competitor Search,4,4,1,1,248.1,130.03,2025-06-07 14:15:00,5.42,Paid Social > Email > Organic Social > Paid Search
JOURNEY-00650,CUST-00650,2025-03-14 19:54:00,2025-03-19 06:24:00,Email,Paid Social,Promotional Email,Facebook Ads,3,3,0,0,0.0,106.5,,,Email > Direct > Paid Social
JOURNEY-00651,CUST-00651,2025-04-02 06:11:00,2025-04-07 19:54:00,Email,Display,Welcome Series,Retargeting,3,3,1,1,81.42,133.72,2025-04-07 19:54:00,5.57,Email > Paid Social > Display
JOURNEY-00652,CUST-00652,2025-03-25 20:49:00,2025-04-01 10:36:00,Paid Social,Email,Facebook Ads,Welcome Series,4,4,0,0,0.0,157.78,,,Paid Social > Direct > Organic Search > Email
JOURNEY-00653,CUST-00653,2025-06-22 02:53:00,2025-06-22 02:53:00,Organic Search,Organic Search,SEO Blog,SEO Blog,1,1,0,0,0.0,0.0,,,Organic Search
JOURNEY-00654,CUST-00654,2025-02-21 07:20:00,2025-02-26 00:57:00,Organic Search,Display,Educational Content,Prospecting,3,3,1,1,157.15,113.62,2025-02-26 00:57:00,4.73,Organic Search > Paid Search > Display
JOURNEY-00655,CUST-00655,2025-05-03 23:34:00,2025-05-09 15:47:00,Paid Search,Paid Social,Product Search,LinkedIn Ads,4,4,0,0,0.0,136.22,,,Paid Search > Organic Search > Email > Paid Social
JOURNEY-00656,CUST-00656,2025-04-08 15:55:00,2025-04-19 00:04:00,Paid Search,Direct,Brand Search,Direct Visit,6,5,1,1,102.59,248.15,2025-04-19 00:04:00,10.34,Paid Search > Display > Referral > Paid Search > Organic Search > Direct
JOURNEY-00657,CUST-00657,2025-03-17 18:51:00,2025-03-17 18:51:00,Email,Email,Welcome Series,Welcome Series,1,1,0,0,0.0,0.0,,,Email
JOURNEY-00658,CUST-00658,2025-04-23 17:21:00,2025-04-28 11:02:00,Organic Search,Direct,SEO Blog,Direct Visit,3,3,1,1,87.58,113.68,2025-04-28 11:02:00,4.74,Organic Search > Paid Search > Direct
JOURNEY-00659,CUST-00659,2025-05-13 19:02:00,2025-05-24 00:28:00,Paid Search,Referral,Competitor Search,Affiliate,5,3,0,0,0.0,245.43,,,Paid Search > Organic Search > Paid Search > Organic Search > Referral
JOURNEY-00660,CUST-00660,2025-05-13 18:01:00,2025-05-13 18:01:00,Paid Search,Paid Search,Competitor Search,Competitor Search,1,1,0,0,0.0,0.0,,,Paid Search
JOURNEY-00661,CUST-00661,2025-03-07 23:28:00,2025-03-19 21:41:00,Email,Paid Search,Newsletter,Brand Search,5,5,0,0,0.0,286.22,,,Email > Direct > Organic Search > Organic Social > Paid Search
JOURNEY-00662,CUST-00662,2025-06-25 20:38:00,2025-06-26 00:09:00,Direct,Display,Direct Visit,Prospecting,2,2,1,1,140.57,3.52,2025-06-26 00:09:00,0.15,Direct > Display
JOURNEY-00663,CUST-00663,2025-02-07 01:47:00,2025-02-07 01:47:00,Paid Search,Paid Search,Competitor Search,Competitor Search,1,1,0,0,0.0,0.0,,,Paid Search
JOURNEY-00664,CUST-00664,2025-03-02 10:42:00,2025-03-11 18:36:00,Paid Social,Paid Social,LinkedIn Ads,Facebook Ads,5,4,0,0,0.0,223.9,,,Paid Social > Display > Organic Social > Organic Search > Paid Social
JOURNEY-00665,CUST-00665,2025-03-14 03:41:00,2025-03-16 09:11:00,Paid Social,Paid Social,Facebook Ads,LinkedIn Ads,3,2,0,0,0.0,53.5,,,Paid Social > Display > Paid Social
JOURNEY-00666,CUST-00666,2025-01-07 15:33:00,2025-01-11 09:24:00,Organic Social,Display,TikTok Organic,Retargeting,2,2,0,0,0.0,89.85,,,Organic Social > Display
JOURNEY-00667,CUST-00667,2025-06-24 19:12:00,2025-06-27 13:06:00,Paid Social,Organic Search,LinkedIn Ads,SEO Blog,2,2,0,0,0.0,65.9,,,Paid Social > Organic Search
JOURNEY-00668,CUST-00668,2025-01-29 20:58:00,2025-02-04 16:07:00,Organic Search,Paid Search,SEO Blog,Brand Search,3,3,1,1,108.34,139.15,2025-02-04 16:07:00,5.8,Organic Search > Direct > Paid Search
JOURNEY-00669,CUST-00669,2025-04-05 07:08:00,2025-04-13 03:52:00,Organic Search,Organic Search,Educational Content,Educational Content,4,2,0,0,0.0,188.73,,,Organic Search > Organic Search > Referral > Organic Search
JOURNEY-00670,CUST-00670,2025-01-06 11:44:00,2025-01-08 01:27:00,Display,Email,Prospecting,Newsletter,2,2,0,0,0.0,37.72,,,Display > Email
JOURNEY-00671,CUST-00671,2025-01-14 08:34:00,2025-01-17 09:21:00,Paid Social,Referral,LinkedIn Ads,Customer Referral,3,3,0,0,0.0,72.78,,,Paid Social > Organic Search > Referral
JOURNEY-00672,CUST-00672,2025-03-02 01:18:00,2025-03-07 14:44:00,Paid Social,Display,Instagram Ads,Retargeting,4,3,0,0,0.0,133.43,,,Paid Social > Display > Email > Display
JOURNEY-00673,CUST-00673,2025-06-20 10:00:00,2025-06-25 00:19:00,Direct,Organic Search,Direct Visit,SEO Blog,4,4,0,0,0.0,110.32,,,Direct > Display > Referral > Organic Search
JOURNEY-00674,CUST-00674,2025-05-22 04:57:00,2025-06-03 02:13:00,Paid Search,Email,Product Search,Welcome Series,6,4,0,0,0.0,285.27,,,Paid Search > Organic Social > Paid Social > Paid Search > Organic Social > Email
JOURNEY-00675,CUST-00675,2025-02-25 16:27:00,2025-02-25 16:27:00,Email,Email,Welcome Series,Welcome Series,1,1,0,0,0.0,0.0,,,Email
JOURNEY-00676,CUST-00676,2025-02-02 05:50:00,2025-02-04 07:48:00,Direct,Referral,Direct Visit,Affiliate,3,3,0,0,0.0,49.97,,,Direct > Display > Referral
JOURNEY-00677,CUST-00677,2025-04-18 07:37:00,2025-04-25 05:33:00,Referral,Email,Customer Referral,Welcome Series,3,3,0,0,0.0,165.93,,,Referral > Paid Search > Email
JOURNEY-00678,CUST-00678,2025-06-12 03:09:00,2025-06-14 11:08:00,Paid Search,Display,Competitor Search,Retargeting,3,3,1,1,291.57,55.98,2025-06-14 11:08:00,2.33,Paid Search > Email > Display
JOURNEY-00679,CUST-00679,2025-05-06 08:43:00,2025-05-06 08:43:00,Direct,Direct,Direct Visit,Direct Visit,1,1,1,1,143.93,0.0,2025-05-06 08:43:00,0.0,Direct
JOURNEY-00680,CUST-00680,2025-03-07 00:37:00,2025-03-13 11:11:00,Organic Search,Paid Search,Educational Content,Product Search,3,3,0,0,0.0,154.57,,,Organic Search > Referral > Paid Search
JOURNEY-00681,CUST-00681,2025-03-30 11:45:00,2025-04-02 05:27:00,Paid Social,Display,Facebook Ads,Prospecting,2,2,0,0,0.0,65.7,,,Paid Social > Display
JOURNEY-00682,CUST-00682,2025-06-09 22:06:00,2025-06-16 19:57:00,Paid Social,Organic Search,LinkedIn Ads,Educational Content,4,4,1,1,80.81,165.85,2025-06-16 19:57:00,6.91,Paid Social > Display > Email > Organic Search
JOURNEY-00683,CUST-00683,2025-02-02 22:12:00,2025-02-06 09:05:00,Email,Paid Social,Newsletter,LinkedIn Ads,2,2,0,0,0.0,82.88,,,Email > Paid Social
JOURNEY-00684,CUST-00684,2025-04-19 21:16:00,2025-04-19 21:16:00,Email,Email,Promotional Email,Promotional Email,1,1,0,0,0.0,0.0,,,Email
JOURNEY-00685,CUST-00685,2025-03-08 01:51:00,2025-03-16 00:50:00,Organic Search,Organic Search,SEO Blog,Educational Content,4,3,0,0,0.0,190.98,,,Organic Search > Paid Social > Direct > Organic Search
JOURNEY-00686,CUST-00686,2025-05-14 18:50:00,2025-05-18 20:30:00,Organic Search,Email,SEO Blog,Welcome Series,3,3,0,0,0.0,97.67,,,Organic Search > Paid Search > Email
JOURNEY-00687,CUST-00687,2025-06-09 09:45:00,2025-06-19 07:52:00,Paid Search,Email,Competitor Search,Welcome Series,6,4,0,0,0.0,238.12,,,Paid Search > Referral > Paid Search > Organic Social > Paid Search > Email
JOURNEY-00688,CUST-00688,2025-04-22 08:59:00,2025-05-06 19:14:00,Referral,Display,Customer Referral,Banner Campaign,6,5,0,0,0.0,346.25,,,Referral > Display > Email > Direct > Paid Social > Display
JOURNEY-00689,CUST-00689,2025-06-09 08:14:00,2025-06-20 06:42:00,Organic Search,Paid Social,Educational Content,LinkedIn Ads,6,5,0,0,0.0,262.47,,,Organic Search > Paid Search > Email > Paid Search > Organic Social > Paid Social
JOURNEY-00690,CUST-00690,2025-06-20 17:54:00,2025-06-23 08:50:00,Organic Social,Organic Search,Instagram Organic,SEO Blog,2,2,0,0,0.0,62.93,,,Organic Social > Organic Search
JOURNEY-00691,CUST-00691,2025-02-27 23:28:00,2025-02-28 22:30:00,Organic Search,Direct,SEO Blog,Direct Visit,2,2,0,0,0.0,23.03,,,Organic Search > Direct
JOURNEY-00692,CUST-00692,2025-02-05 12:11:00,2025-02-07 14:02:00,Direct,Email,Direct Visit,Promotional Email,2,2,0,0,0.0,49.85,,,Direct > Email
JOURNEY-00693,CUST-00693,2025-03-07 22:24:00,2025-03-09 09:40:00,Referral,Email,Partner Website,Promotional Email,2,2,0,0,0.0,35.27,,,Referral > Email
JOURNEY-00694,CUST-00694,2025-03-13 21:04:00,2025-03-15 22:27:00,Paid Social,Direct,LinkedIn Ads,Direct Visit,2,2,1,1,106.63,49.38,2025-03-15 22:27:00,2.06,Paid Social > Direct
JOURNEY-00695,CUST-00695,2025-03-04 10:36:00,2025-03-13 20:18:00,Paid Search,Paid Social,Brand Search,LinkedIn Ads,5,5,0,0,0.0,225.7,,,Paid Search > Email > Organic Social > Direct > Paid Social
JOURNEY-00696,CUST-00696,2025-05-11 16:48:00,2025-05-11 16:48:00,Direct,Direct,Direct Visit,Direct Visit,1,1,1,1,70.54,0.0,2025-05-11 16:48:00,0.0,Direct
JOURNEY-00697,CUST-00697,2025-04-17 03:12:00,2025-04-24 07:09:00,Paid Social,Direct,Instagram Ads,Direct Visit,5,4,0,0,0.0,171.95,,,Paid Social > Direct > Organic Social > Organic Search > Direct
JOURNEY-00698,CUST-00698,2025-04-03 08:50:00,2025-04-06 14:05:00,Organic Social,Paid Social,Instagram Organic,Instagram Ads,3,3,0,0,0.0,77.25,,,Organic Social > Direct > Paid Social
JOURNEY-00699,CUST-00699,2025-02-28 02:04:00,2025-03-05 05:30:00,Email,Paid Social,Newsletter,Facebook Ads,4,3,0,0,0.0,123.43,,,Email > Paid Social > Organic Search > Paid Social
JOURNEY-00700,CUST-00700,2025-02-21 07:00:00,2025-03-04 11:31:00,Paid Social,Email,Instagram Ads,Welcome Series,5,5,1,1,114.44,268.52,2025-03-04 11:31:00,11.19,Paid Social > Organic Social > Display > Paid Search > Email
JOURNEY-00701,CUST-00701,2025-01-06 12:04:00,2025-01-09 10:32:00,Organic Search,Referral,SEO Blog,Partner Website,2,2,0,0,0.0,70.47,,,Organic Search > Referral
JOURNEY-00702,CUST-00702,2025-05-16 22:23:00,2025-05-24 12:35:00,Paid Search,Email,Brand Search,Promotional Email,5,5,1,1,102.4,182.2,2025-05-24 12:35:00,7.59,Paid Search > Paid Social > Display > Organic Search > Email
JOURNEY-00703,CUST-00703,2025-01-31 11:04:00,2025-01-31 11:04:00,Paid Social,Paid Social,Facebook Ads,Facebook Ads,1,1,0,0,0.0,0.0,,,Paid Social
JOURNEY-00704,CUST-00704,2025-02-19 04:57:00,2025-02-23 09:13:00,Organic Search,Organic Search,SEO Blog,Product Pages,4,3,0,0,0.0,100.27,,,Organic Search > Organic Social > Direct > Organic Search
JOURNEY-00705,CUST-00705,2025-02-01 06:08:00,2025-02-01 21:48:00,Paid Search,Paid Social,Brand Search,Instagram Ads,2,2,0,0,0.0,15.67,,,Paid Search > Paid Social
JOURNEY-00706,CUST-00706,2025-01-02 07:29:00,2025-01-15 19:53:00,Paid Search,Organic Social,Brand Search,TikTok Organic,8,5,1,1,46.38,324.4,2025-01-15 19:53:00,13.52,Paid Search > Referral > Paid Search > Email > Referral > Paid Social > Paid Search > Organic Social
JOURNEY-00707,CUST-00707,2025-05-03 20:49:00,2025-05-11 16:19:00,Referral,Organic Social,Partner Website,LinkedIn Organic,5,4,0,0,0.0,187.5,,,Referral > Organic Social > Paid Social > Display > Organic Social
JOURNEY-00708,CUST-00708,2025-03-17 20:06:00,2025-03-20 05:41:00,Organic Social,Paid Search,TikTok Organic,Product Search,3,2,1,1,59.68,57.58,2025-03-20 05:41:00,2.4,Organic Social > Paid Search > Paid Search
JOURNEY-00709,CUST-00709,2025-06-19 20:57:00,2025-06-21 18:58:00,Direct,Email,Direct Visit,Promotional Email,3,3,1,1,56.64,46.02,2025-06-21 18:58:00,1.92,Direct > Organic Search > Email
JOURNEY-00710,CUST-00710,2025-03-15 04:27:00,2025-03-23 21:36:00,Paid Search,Email,Brand Search,Promotional Email,5,5,0,0,0.0,209.15,,,Paid Search > Organic Social > Direct > Paid Social > Email
JOURNEY-00711,CUST-00711,2025-03-08 00:06:00,2025-03-12 03:01:00,Paid Social,Paid Search,Facebook Ads,Competitor Search,5,3,1,1,67.87,98.92,2025-03-12 03:01:00,4.12,Paid Social > Paid Social > Paid Search > Email > Paid Search
JOURNEY-00712,CUST-00712,2025-03-22 12:25:00,2025-03-27 05:36:00,Paid Search,Direct,Competitor Search,Direct Visit,3,3,1,1,233.64,113.18,2025-03-27 05:36:00,4.72,Paid Search > Organic Search > Direct
JOURNEY-00713,CUST-00713,2025-02-25 12:00:00,2025-03-01 16:16:00,Email,Direct,Welcome Series,Direct Visit,4,3,1,1,99.22,100.27,2025-03-01 16:16:00,4.18,Email > Direct > Referral > Direct
JOURNEY-00714,CUST-00714,2025-02-04 00:46:00,2025-02-11 18:15:00,Organic Search,Email,Product Pages,Promotional Email,5,4,0,0,0.0,185.48,,,Organic Search > Email > Paid Social > Paid Search > Email
JOURNEY-00715,CUST-00715,2025-04-17 23:12:00,2025-05-02 22:05:00,Email,Referral,Promotional Email,Affiliate,6,4,0,0,0.0,358.88,,,Email > Organic Social > Email > Referral > Direct > Referral
JOURNEY-00716,CUST-00716,2025-06-10 02:58:00,2025-06-16 23:50:00,Email,Paid Search,Promotional Email,Competitor Search,4,3,0,0,0.0,164.87,,,Email > Paid Social > Paid Search > Paid Search
JOURNEY-00717,CUST-00717,2025-03-17 16:42:00,2025-03-23 16:41:00,Referral,Paid Search,Partner Website,Competitor Search,5,4,0,0,0.0,143.98,,,Referral > Organic Search > Paid Social > Referral > Paid Search
JOURNEY-00718,CUST-00718,2025-04-17 14:22:00,2025-04-19 13:13:00,Email,Organic Social,Promotional Email,LinkedIn Organic,2,2,0,0,0.0,46.85,,,Email > Organic Social
JOURNEY-00719,CUST-00719,2025-04-27 15:26:00,2025-05-06 19:39:00,Direct,Paid Social,Direct Visit,LinkedIn Ads,4,4,0,0,0.0,220.22,,,Direct > Organic Search > Paid Search > Paid Social
JOURNEY-00720,CUST-00720,2025-05-13 14:42:00,2025-05-17 15:28:00,Organic Social,Paid Search,Instagram Organic,Product Search,4,4,1,1,130.41,96.77,2025-05-17 15:28:00,4.03,Organic Social > Referral > Email > Paid Search
JOURNEY-00721,CUST-00721,2025-01-14 17:26:00,2025-01-22 11:30:00,Email,Email,Welcome Series,Welcome Series,4,3,0,0,0.0,186.07,,,Email > Paid Search > Organic Search > Email
JOURNEY-00722,CUST-00722,2025-02-28 07:25:00,2025-02-28 16:46:00,Display,Referral,Prospecting,Partner Website,2,2,0,0,0.0,9.35,,,Display > Referral
JOURNEY-00723,CUST-00723,2025-02-27 07:41:00,2025-03-06 13:42:00,Organic Search,Direct,Product Pages,Direct Visit,5,4,0,0,0.0,174.02,,,Organic Search > Paid Social > Organic Search > Display > Direct
JOURNEY-00724,CUST-00724,2025-04-20 23:09:00,2025-04-24 21:59:00,Paid Search,Email,Product Search,Newsletter,4,3,0,0,0.0,94.83,,,Paid Search > Email > Display > Email
JOURNEY-00725,CUST-00725,2025-02-26 17:57:00,2025-03-07 03:42:00,Direct,Email,Direct Visit,Promotional Email,5,5,0,0,0.0,201.75,,,Direct > Paid Search > Organic Search > Display > Email
JOURNEY-00726,CUST-00726,2025-03-27 18:16:00,2025-04-10 02:16:00,Organic Search,Email,Educational Content,Welcome Series,8,6,1,1,157.59,320.0,2025-04-10 02:16:00,13.33,Organic Search > Display > Organic Search > Display > Direct > Paid Social > Paid Search > Email
JOURNEY-00727,CUST-00727,2025-03-26 15:33:00,2025-04-05 01:16:00,Email,Display,Newsletter,Prospecting,5,4,0,0,0.0,225.72,,,Email > Paid Search > Organic Social > Paid Search > Display
JOURNEY-00728,CUST-00728,2025-04-14 23:08:00,2025-04-16 04:52:00,Paid Search,Organic Social,Brand Search,TikTok Organic,2,2,0,0,0.0,29.73,,,Paid Search > Organic Social
JOURNEY-00729,CUST-00729,2025-01-13 19:13:00,2025-01-20 20:17:00,Display,Organic Social,Banner Campaign,Instagram Organic,4,2,0,0,0.0,169.07,,,Display > Display > Organic Social > Organic Social
JOURNEY-00730,CUST-00730,2025-02-15 15:09:00,2025-02-19 20:20:00,Organic Search,Display,Product Pages,Retargeting,3,3,0,0,0.0,101.18,,,Organic Search > Organic Social > Display
JOURNEY-00731,CUST-00731,2025-01-18 09:14:00,2025-01-30 23:24:00,Referral,Organic Search,Customer Referral,SEO Blog,6,4,0,0,0.0,302.17,,,Referral > Display > Direct > Organic Search > Direct > Organic Search
JOURNEY-00732,CUST-00732,2025-06-11 07:31:00,2025-06-16 08:28:00,Paid Social,Paid Social,Facebook Ads,Instagram Ads,4,3,0,0,0.0,120.95,,,Paid Social > Referral > Organic Social > Paid Social
JOURNEY-00733,CUST-00733,2025-02-18 06:28:00,2025-02-18 06:28:00,Paid Search,Paid Search,Product Search,Product Search,1,1,0,0,0.0,0.0,,,Paid Search
JOURNEY-00734,CUST-00734,2025-01-03 09:44:00,2025-01-04 19:35:00,Email,Paid Social,Newsletter,LinkedIn Ads,2,2,0,0,0.0,33.85,,,Email > Paid Social
JOURNEY-00735,CUST-00735,2025-02-04 11:58:00,2025-02-08 06:29:00,Organic Search,Direct,SEO Blog,Direct Visit,3,3,1,1,167.2,90.52,2025-02-08 06:29:00,3.77,Organic Search > Email > Direct
JOURNEY-00736,CUST-00736,2025-01-27 13:43:00,2025-02-05 00:17:00,Email,Paid Social,Promotional Email,LinkedIn Ads,5,4,0,0,0.0,202.57,,,Email > Paid Search > Paid Social > Organic Search > Paid Social
JOURNEY-00737,CUST-00737,2025-01-29 17:30:00,2025-01-30 07:08:00,Paid Search,Organic Search,Product Search,SEO Blog,2,2,0,0,0.0,13.63,,,Paid Search > Organic Search
JOURNEY-00738,CUST-00738,2025-04-02 04:28:00,2025-04-12 13:36:00,Paid Social,Display,Facebook Ads,Banner Campaign,5,5,0,0,0.0,249.13,,,Paid Social > Referral > Paid Search > Email > Display
JOURNEY-00739,CUST-00739,2025-05-12 16:25:00,2025-05-17 19:26:00,Paid Search,Paid Search,Brand Search,Brand Search,4,2,0,0,0.0,123.02,,,Paid Search > Direct > Paid Search > Paid Search
JOURNEY-00740,CUST-00740,2025-03-18 05:59:00,2025-03-25 17:09:00,Paid Social,Paid Search,LinkedIn Ads,Brand Search,5,5,0,0,0.0,179.17,,,Paid Social > Display > Referral > Organic Search > Paid Search
JOURNEY-00741,CUST-00741,2025-02-26 12:12:00,2025-03-09 15:13:00,Organic Search,Direct,SEO Blog,Direct Visit,4,3,0,0,0.0,267.02,,,Organic Search > Direct > Paid Search > Direct
JOURNEY-00742,CUST-00742,2025-02-06 13:03:00,2025-02-08 20:43:00,Paid Search,Email,Product Search,Promotional Email,2,2,0,0,0.0,55.67,,,Paid Search > Email
JOURNEY-00743,CUST-00743,2025-03-20 18:49:00,2025-03-24 05:29:00,Email,Email,Newsletter,Welcome Series,3,2,0,0,0.0,82.67,,,Email > Paid Social > Email
JOURNEY-00744,CUST-00744,2025-04-09 05:49:00,2025-04-11 10:38:00,Direct,Organic Search,Direct Visit,Educational Content,2,2,0,0,0.0,52.82,,,Direct > Organic Search
JOURNEY-00745,CUST-00745,2025-02-01 18:52:00,2025-02-06 11:03:00,Display,Organic Search,Prospecting,SEO Blog,3,3,1,1,69.65,112.18,2025-02-06 11:03:00,4.67,Display > Organic Social > Organic Search
JOURNEY-00746,CUST-00746,2025-01-22 19:32:00,2025-01-23 16:10:00,Paid Search,Organic Social,Brand Search,Instagram Organic,3,3,0,0,0.0,20.63,,,Paid Search > Display > Organic Social
JOURNEY-00747,CUST-00747,2025-01-31 19:25:00,2025-02-03 15:54:00,Direct,Referral,Direct Visit,Customer Referral,3,3,0,0,0.0,68.48,,,Direct > Organic Search > Referral
JOURNEY-00748,CUST-00748,2025-03-18 19:27:00,2025-03-23 23:40:00,Email,Organic Search,Newsletter,Product Pages,4,3,1,1,61.06,124.22,2025-03-23 23:40:00,5.18,Email > Direct > Organic Search > Organic Search
JOURNEY-00749,CUST-00749,2025-01-20 21:20:00,2025-01-26 08:09:00,Paid Search,Paid Search,Competitor Search,Product Search,3,2,1,1,120.34,130.82,2025-01-26 08:09:00,5.45,Paid Search > Paid Social > Paid Search
JOURNEY-00750,CUST-00750,2025-06-25 09:57:00,2025-06-29 07:00:00,Display,Email,Banner Campaign,Welcome Series,2,2,0,0,0.0,93.05,,,Display > Email
JOURNEY-00751,CUST-00751,2025-04-19 06:29:00,2025-04-20 09:47:00,Paid Search,Email,Brand Search,Promotional Email,2,2,0,0,0.0,27.3,,,Paid Search > Email
JOURNEY-00752,CUST-00752,2025-06-19 00:46:00,2025-06-22 13:34:00,Referral,Email,Customer Referral,Welcome Series,3,3,0,0,0.0,84.8,,,Referral > Paid Search > Email
JOURNEY-00753,CUST-00753,2025-03-30 18:37:00,2025-04-06 11:55:00,Paid Social,Direct,Facebook Ads,Direct Visit,5,5,0,0,0.0,161.3,,,Paid Social > Display > Organic Search > Paid Search > Direct
JOURNEY-00754,CUST-00754,2025-01-02 17:08:00,2025-01-05 09:15:00,Display,Referral,Prospecting,Customer Referral,2,2,0,0,0.0,64.12,,,Display > Referral
JOURNEY-00755,CUST-00755,2025-03-16 23:03:00,2025-03-16 23:03:00,Paid Search,Paid Search,Product Search,Product Search,1,1,0,0,0.0,0.0,,,Paid Search
JOURNEY-00756,CUST-00756,2025-04-08 11:32:00,2025-04-11 14:44:00,Paid Social,Referral,LinkedIn Ads,Customer Referral,3,3,1,1,51.48,75.2,2025-04-11 14:44:00,3.13,Paid Social > Direct > Referral
JOURNEY-00757,CUST-00757,2025-04-17 22:02:00,2025-04-21 05:02:00,Organic Search,Paid Social,SEO Blog,LinkedIn Ads,2,2,0,0,0.0,79.0,,,Organic Search > Paid Social
JOURNEY-00758,CUST-00758,2025-02-03 10:57:00,2025-02-06 10:23:00,Paid Search,Organic Social,Brand Search,TikTok Organic,2,2,0,0,0.0,71.43,,,Paid Search > Organic Social
JOURNEY-00759,CUST-00759,2025-01-11 00:41:00,2025-01-19 19:37:00,Referral,Paid Social,Affiliate,Instagram Ads,6,4,0,0,0.0,210.93,,,Referral > Paid Search > Paid Social > Email > Paid Search > Paid Social
JOURNEY-00760,CUST-00760,2025-06-17 15:11:00,2025-06-24 17:42:00,Paid Search,Display,Brand Search,Banner Campaign,3,3,0,0,0.0,170.52,,,Paid Search > Organic Search > Display
JOURNEY-00761,CUST-00761,2025-06-06 07:24:00,2025-06-06 07:24:00,Referral,Referral,Customer Referral,Customer Referral,1,1,1,1,89.78,0.0,2025-06-06 07:24:00,0.0,Referral
JOURNEY-00762,CUST-00762,2025-02-16 17:54:00,2025-02-22 07:24:00,Display,Paid Social,Retargeting,Facebook Ads,4,4,0,0,0.0,133.5,,,Display > Organic Search > Organic Social > Paid Social
JOURNEY-00763,CUST-00763,2025-01-08 04:05:00,2025-01-14 21:52:00,Paid Social,Email,LinkedIn Ads,Promotional Email,4,2,0,0,0.0,161.78,,,Paid Social > Email > Email > Email
JOURNEY-00764,CUST-00764,2025-06-28 12:52:00,2025-07-05 17:51:00,Paid Search,Paid Social,Competitor Search,Instagram Ads,4,3,0,0,0.0,172.98,,,Paid Search > Display > Paid Search > Paid Social
JOURNEY-00765,CUST-00765,2025-01-18 12:51:00,2025-01-20 23:28:00,Paid Social,Organic Social,Facebook Ads,TikTok Organic,2,2,0,0,0.0,58.62,,,Paid Social > Organic Social
JOURNEY-00766,CUST-00766,2025-06-10 07:18:00,2025-06-21 01:04:00,Paid Search,Direct,Competitor Search,Direct Visit,6,4,0,0,0.0,257.77,,,Paid Search > Direct > Organic Search > Direct > Email > Direct
JOURNEY-00767,CUST-00767,2025-04-29 14:09:00,2025-05-10 17:30:00,Organic Search,Paid Social,Product Pages,Instagram Ads,7,5,1,1,176.38,267.35,2025-05-10 17:30:00,11.14,Organic Search > Email > Email > Paid Search > Referral > Paid Search > Paid Social
JOURNEY-00768,CUST-00768,2025-02-27 21:52:00,2025-02-28 05:37:00,Email,Paid Search,Welcome Series,Brand Search,2,2,1,1,97.02,7.75,2025-02-28 05:37:00,0.32,Email > Paid Search
JOURNEY-00769,CUST-00769,2025-03-03 05:16:00,2025-03-16 04:01:00,Paid Social,Organic Search,Instagram Ads,SEO Blog,8,4,0,0,0.0,310.75,,,Paid Social > Paid Search > Organic Search > Paid Search > Paid Social > Direct > Paid Social > Organic Search
JOURNEY-00770,CUST-00770,2025-03-03 23:43:00,2025-03-08 22:27:00,Referral,Organic Search,Customer Referral,SEO Blog,4,4,0,0,0.0,118.73,,,Referral > Display > Paid Search > Organic Search
JOURNEY-00771,CUST-00771,2025-05-02 11:06:00,2025-05-07 09:24:00,Organic Search,Organic Search,Educational Content,Educational Content,3,2,0,0,0.0,118.3,,,Organic Search > Referral > Organic Search
JOURNEY-00772,CUST-00772,2025-02-13 03:20:00,2025-02-20 10:44:00,Direct,Referral,Direct Visit,Affiliate,5,4,0,0,0.0,175.4,,,Direct > Paid Social > Paid Search > Direct > Referral
JOURNEY-00773,CUST-00773,2025-01-19 04:53:00,2025-01-23 20:39:00,Paid Search,Email,Product Search,Promotional Email,5,4,1,1,157.97,111.77,2025-01-23 20:39:00,4.66,Paid Search > Organic Social > Email > Organic Search > Email
JOURNEY-00774,CUST-00774,2025-02-07 16:39:00,2025-02-10 01:59:00,Display,Paid Search,Retargeting,Product Search,2,2,1,1,189.16,57.33,2025-02-10 01:59:00,2.39,Display > Paid Search
JOURNEY-00775,CUST-00775,2025-05-27 06:55:00,2025-06-01 23:55:00,Paid Social,Organic Search,Instagram Ads,Educational Content,3,3,1,1,114.84,137.0,2025-06-01 23:55:00,5.71,Paid Social > Direct > Organic Search
JOURNEY-00776,CUST-00776,2025-03-14 10:05:00,2025-03-17 01:01:00,Email,Organic Search,Promotional Email,Product Pages,3,3,0,0,0.0,62.93,,,Email > Referral > Organic Search
JOURNEY-00777,CUST-00777,2025-02-18 15:12:00,2025-02-25 10:58:00,Referral,Organic Social,Partner Website,Instagram Organic,4,4,0,0,0.0,163.77,,,Referral > Organic Search > Paid Search > Organic Social
JOURNEY-00778,CUST-00778,2025-03-08 04:59:00,2025-03-12 07:22:00,Organic Social,Display,LinkedIn Organic,Retargeting,3,3,0,0,0.0,98.38,,,Organic Social > Paid Social > Display
JOURNEY-00779,CUST-00779,2025-01-26 23:59:00,2025-01-27 07:02:00,Organic Search,Paid Social,SEO Blog,Instagram Ads,2,2,0,0,0.0,7.05,,,Organic Search > Paid Social
JOURNEY-00780,CUST-00780,2025-06-24 03:59:00,2025-06-27 08:16:00,Referral,Email,Affiliate,Promotional Email,2,2,1,1,58.83,76.28,2025-06-27 08:16:00,3.18,Referral > Email
JOURNEY-00781,CUST-00781,2025-02-18 09:59:00,2025-02-20 00:31:00,Organic Search,Paid Search,Educational Content,Competitor Search,2,2,0,0,0.0,38.53,,,Organic Search > Paid Search
JOURNEY-00782,CUST-00782,2025-05-30 22:39:00,2025-06-10 07:15:00,Email,Referral,Welcome Series,Partner Website,5,4,0,0,0.0,248.6,,,Email > Paid Social > Direct > Paid Social > Referral
JOURNEY-00783,CUST-00783,2025-06-24 10:12:00,2025-06-26 20:29:00,Organic Search,Email,SEO Blog,Promotional Email,2,2,1,1,177.75,58.28,2025-06-26 20:29:00,2.43,Organic Search > Email
JOURNEY-00784,CUST-00784,2025-06-15 19:04:00,2025-06-17 16:48:00,Direct,Organic Social,Direct Visit,TikTok Organic,4,4,0,0,0.0,45.73,,,Direct > Paid Search > Display > Organic Social
JOURNEY-00785,CUST-00785,2025-03-24 10:45:00,2025-03-26 22:11:00,Organic Search,Paid Social,Product Pages,Instagram Ads,3,3,0,0,0.0,59.43,,,Organic Search > Paid Search > Paid Social
JOURNEY-00786,CUST-00786,2025-02-11 23:27:00,2025-02-17 05:38:00,Display,Paid Search,Banner Campaign,Product Search,3,3,0,0,0.0,126.18,,,Display > Organic Search > Paid Search
JOURNEY-00787,CUST-00787,2025-01-22 18:34:00,2025-01-29 08:58:00,Direct,Referral,Direct Visit,Partner Website,5,4,1,1,205.2,158.4,2025-01-29 08:58:00,6.6,Direct > Organic Social > Display > Direct > Referral
JOURNEY-00788,CUST-00788,2025-05-10 07:23:00,2025-05-13 05:56:00,Organic Search,Display,Educational Content,Retargeting,3,3,1,1,76.46,70.55,2025-05-13 05:56:00,2.94,Organic Search > Paid Search > Display
JOURNEY-00789,CUST-00789,2025-01-12 14:31:00,2025-01-16 09:15:00,Paid Search,Referral,Competitor Search,Affiliate,2,2,1,1,230.61,90.73,2025-01-16 09:15:00,3.78,Paid Search > Referral
JOURNEY-00790,CUST-00790,2025-01-22 15:55:00,2025-01-27 13:26:00,Email,Organic Search,Welcome Series,Educational Content,4,3,0,0,0.0,117.52,,,Email > Paid Search > Email > Organic Search
JOURNEY-00791,CUST-00791,2025-04-21 08:56:00,2025-05-05 01:43:00,Email,Organic Social,Welcome Series,Instagram Organic,6,4,0,0,0.0,328.78,,,Email > Paid Social > Email > Organic Social > Display > Organic Social
JOURNEY-00792,CUST-00792,2025-03-14 07:17:00,2025-03-19 14:03:00,Email,Organic Search,Newsletter,Product Pages,3,2,0,0,0.0,126.77,,,Email > Email > Organic Search
JOURNEY-00793,CUST-00793,2025-02-26 14:13:00,2025-03-03 07:04:00,Direct,Referral,Direct Visit,Affiliate,4,4,0,0,0.0,112.85,,,Direct > Email > Paid Search > Referral
JOURNEY-00794,CUST-00794,2025-05-19 09:37:00,2025-05-21 06:42:00,Email,Display,Welcome Series,Prospecting,3,3,1,1,76.97,45.08,2025-05-21 06:42:00,1.88,Email > Organic Search > Display
JOURNEY-00795,CUST-00795,2025-06-17 16:21:00,2025-06-21 04:36:00,Organic Social,Direct,LinkedIn Organic,Direct Visit,2,2,0,0,0.0,84.25,,,Organic Social > Direct
JOURNEY-00796,CUST-00796,2025-05-23 16:07:00,2025-05-29 11:06:00,Email,Paid Search,Newsletter,Competitor Search,5,4,0,0,0.0,138.98,,,Email > Paid Social > Paid Search > Organic Search > Paid Search
JOURNEY-00797,CUST-00797,2025-06-21 04:21:00,2025-06-25 15:29:00,Organic Search,Paid Social,Educational Content,Instagram Ads,3,3,0,0,0.0,107.13,,,Organic Search > Organic Social > Paid Social
JOURNEY-00798,CUST-00798,2025-02-03 03:36:00,2025-02-09 13:31:00,Email,Organic Search,Welcome Series,Educational Content,5,5,0,0,0.0,153.92,,,Email > Referral > Paid Search > Direct > Organic Search
JOURNEY-00799,CUST-00799,2025-02-05 21:09:00,2025-02-16 07:03:00,Direct,Display,Direct Visit,Prospecting,6,5,0,0,0.0,249.9,,,Direct > Referral > Direct > Paid Social > Paid Search > Display
JOURNEY-00800,CUST-00800,2025-02-01 20:22:00,2025-02-02 07:22:00,Direct,Organic Social,Direct Visit,LinkedIn Organic,2,2,1,1,226.83,11.0,2025-02-02 07:22:00,0.46,Direct > Organic Social
JOURNEY-00801,CUST-00801,2025-06-22 09:32:00,2025-07-02 05:48:00,Email,Email,Welcome Series,Welcome Series,5,3,0,0,0.0,236.27,,,Email > Organic Social > Referral > Organic Social > Email
JOURNEY-00802,CUST-00802,2025-06-09 22:50:00,2025-06-12 17:34:00,Direct,Direct,Direct Visit,Direct Visit,3,2,0,0,0.0,66.73,,,Direct > Email > Direct
JOURNEY-00803,CUST-00803,2025-04-19 21:22:00,2025-04-21 09:27:00,Referral,Paid Social,Partner Website,Instagram Ads,3,3,0,0,0.0,36.08,,,Referral > Direct > Paid Social
JOURNEY-00804,CUST-00804,2025-01-05 10:56:00,2025-01-10 16:06:00,Direct,Organic Social,Direct Visit,Instagram Organic,3,3,0,0,0.0,125.17,,,Direct > Referral > Organic Social
JOURNEY-00805,CUST-00805,2025-01-05 13:50:00,2025-01-13 00:11:00,Paid Social,Organic Social,Facebook Ads,TikTok Organic,4,3,0,0,0.0,178.35,,,Paid Social > Organic Search > Paid Social > Organic Social
JOURNEY-00806,CUST-00806,2025-06-07 21:22:00,2025-06-22 06:50:00,Organic Search,Email,Educational Content,Promotional Email,8,5,1,1,114.42,345.47,2025-06-22 06:50:00,14.39,Organic Search > Paid Social > Referral > Email > Organic Search > Display > Paid Social > Email
JOURNEY-00807,CUST-00807,2025-05-23 07:22:00,2025-05-29 03:19:00,Direct,Paid Search,Direct Visit,Product Search,4,4,0,0,0.0,139.95,,,Direct > Display > Paid Social > Paid Search
JOURNEY-00808,CUST-00808,2025-01-07 13:46:00,2025-01-22 12:06:00,Paid Social,Paid Social,Facebook Ads,Facebook Ads,8,5,0,0,0.0,358.33,,,Paid Social > Organic Search > Paid Social > Organic Social > Email > Paid Social > Paid Search > Paid Social
JOURNEY-00809,CUST-00809,2025-02-13 04:23:00,2025-02-15 22:48:00,Email,Organic Search,Welcome Series,Product Pages,5,5,0,0,0.0,66.42,,,Email > Direct > Paid Social > Organic Social > Organic Search
JOURNEY-00810,CUST-00810,2025-03-03 20:06:00,2025-03-07 11:09:00,Referral,Paid Social,Customer Referral,Facebook Ads,4,4,0,0,0.0,87.05,,,Referral > Organic Social > Display > Paid Social
JOURNEY-00811,CUST-00811,2025-04-13 10:26:00,2025-04-24 12:42:00,Direct,Email,Direct Visit,Promotional Email,5,5,0,0,0.0,266.27,,,Direct > Paid Search > Paid Social > Referral > Email
JOURNEY-00812,CUST-00812,2025-06-24 05:17:00,2025-07-07 18:44:00,Organic Social,Organic Social,TikTok Organic,LinkedIn Organic,5,4,0,0,0.0,325.45,,,Organic Social > Referral > Paid Social > Paid Search > Organic Social
JOURNEY-00813,CUST-00813,2025-01-28 22:12:00,2025-02-02 19:15:00,Organic Social,Direct,TikTok Organic,Direct Visit,5,4,1,1,125.95,117.05,2025-02-02 19:15:00,4.88,Organic Social > Direct > Display > Email > Direct
JOURNEY-00814,CUST-00814,2025-03-07 10:32:00,2025-03-11 07:12:00,Referral,Paid Social,Affiliate,LinkedIn Ads,3,3,0,0,0.0,92.67,,,Referral > Direct > Paid Social
JOURNEY-00815,CUST-00815,2025-06-15 11:26:00,2025-06-18 21:33:00,Direct,Email,Direct Visit,Newsletter,3,3,1,1,77.17,82.12,2025-06-18 21:33:00,3.42,Direct > Organic Social > Email
JOURNEY-00816,CUST-00816,2025-01-08 10:06:00,2025-01-11 15:06:00,Organic Search,Display,Educational Content,Banner Campaign,2,2,1,1,163.75,77.0,2025-01-11 15:06:00,3.21,Organic Search > Display
JOURNEY-00817,CUST-00817,2025-03-24 17:04:00,2025-03-29 01:49:00,Email,Display,Welcome Series,Banner Campaign,4,4,0,0,0.0,104.75,,,Email > Organic Social > Referral > Display
JOURNEY-00818,CUST-00818,2025-05-06 17:12:00,2025-05-10 13:14:00,Organic Social,Paid Search,LinkedIn Organic,Product Search,4,3,0,0,0.0,92.03,,,Organic Social > Paid Search > Email > Paid Search
JOURNEY-00819,CUST-00819,2025-01-25 11:57:00,2025-01-29 05:44:00,Email,Organic Social,Newsletter,Instagram Organic,2,2,0,0,0.0,89.78,,,Email > Organic Social
JOURNEY-00820,CUST-00820,2025-05-06 04:14:00,2025-05-10 23:25:00,Paid Social,Paid Search,LinkedIn Ads,Competitor Search,3,3,0,0,0.0,115.18,,,Paid Social > Direct > Paid Search
JOURNEY-00821,CUST-00821,2025-05-05 07:10:00,2025-05-09 09:52:00,Direct,Email,Direct Visit,Promotional Email,4,4,1,1,106.31,98.7,2025-05-09 09:52:00,4.11,Direct > Paid Search > Organic Search > Email
JOURNEY-00822,CUST-00822,2025-02-24 15:00:00,2025-03-02 13:51:00,Direct,Display,Direct Visit,Prospecting,3,2,1,1,121.07,142.85,2025-03-02 13:51:00,5.95,Direct > Direct > Display
JOURNEY-00823,CUST-00823,2025-01-27 15:09:00,2025-01-28 17:09:00,Paid Search,Direct,Product Search,Direct Visit,2,2,0,0,0.0,26.0,,,Paid Search > Direct
JOURNEY-00824,CUST-00824,2025-06-07 05:10:00,2025-06-17 14:04:00,Paid Social,Email,LinkedIn Ads,Promotional Email,6,4,0,0,0.0,248.9,,,Paid Social > Organic Search > Email > Direct > Paid Social > Email
JOURNEY-00825,CUST-00825,2025-05-13 09:42:00,2025-05-19 19:51:00,Paid Search,Direct,Brand Search,Direct Visit,3,3,0,0,0.0,154.15,,,Paid Search > Paid Social > Direct
JOURNEY-00826,CUST-00826,2025-01-02 02:56:00,2025-01-04 17:20:00,Paid Search,Email,Competitor Search,Newsletter,2,2,0,0,0.0,62.4,,,Paid Search > Email
JOURNEY-00827,CUST-00827,2025-02-07 19:26:00,2025-02-15 05:13:00,Paid Search,Display,Competitor Search,Prospecting,4,4,0,0,0.0,177.78,,,Paid Search > Organic Search > Paid Social > Display
JOURNEY-00828,CUST-00828,2025-05-29 04:13:00,2025-06-05 00:32:00,Organic Search,Email,Product Pages,Newsletter,3,3,0,0,0.0,164.32,,,Organic Search > Display > Email
JOURNEY-00829,CUST-00829,2025-01-22 06:54:00,2025-01-23 22:09:00,Paid Social,Email,Facebook Ads,Welcome Series,2,2,0,0,0.0,39.25,,,Paid Social > Email
JOURNEY-00830,CUST-00830,2025-05-19 14:18:00,2025-05-20 05:42:00,Direct,Organic Search,Direct Visit,SEO Blog,2,2,1,1,108.66,15.4,2025-05-20 05:42:00,0.64,Direct > Organic Search
JOURNEY-00831,CUST-00831,2025-05-24 16:28:00,2025-05-25 19:48:00,Display,Email,Banner Campaign,Promotional Email,2,2,0,0,0.0,27.33,,,Display > Email
JOURNEY-00832,CUST-00832,2025-06-27 18:02:00,2025-06-30 21:07:00,Direct,Organic Search,Direct Visit,SEO Blog,3,3,0,0,0.0,75.08,,,Direct > Referral > Organic Search
JOURNEY-00833,CUST-00833,2025-01-19 15:37:00,2025-01-25 22:41:00,Direct,Email,Direct Visit,Promotional Email,6,4,0,0,0.0,151.07,,,Direct > Referral > Direct > Email > Organic Social > Email
JOURNEY-00834,CUST-00834,2025-02-18 02:43:00,2025-02-20 13:42:00,Organic Search,Direct,Product Pages,Direct Visit,2,2,0,0,0.0,58.98,,,Organic Search > Direct
JOURNEY-00835,CUST-00835,2025-06-29 13:43:00,2025-07-08 18:52:00,Paid Search,Organic Social,Product Search,Instagram Organic,6,4,0,0,0.0,221.15,,,Paid Search > Organic Search > Paid Search > Paid Social > Paid Search > Organic Social
JOURNEY-00836,CUST-00836,2025-04-30 04:13:00,2025-05-07 01:54:00,Paid Social,Organic Search,LinkedIn Ads,Educational Content,5,4,0,0,0.0,165.68,,,Paid Social > Organic Search > Email > Paid Search > Organic Search
JOURNEY-00837,CUST-00837,2025-06-16 15:11:00,2025-06-24 06:06:00,Organic Search,Email,Product Pages,Promotional Email,4,3,0,0,0.0,182.92,,,Organic Search > Email > Display > Email
JOURNEY-00838,CUST-00838,2025-03-20 19:22:00,2025-03-24 03:26:00,Paid Social,Paid Social,Instagram Ads,Instagram Ads,3,2,1,1,217.87,80.07,2025-03-24 03:26:00,3.34,Paid Social > Display > Paid Social
JOURNEY-00839,CUST-00839,2025-05-26 01:50:00,2025-05-31 09:17:00,Referral,Display,Customer Referral,Retargeting,4,4,0,0,0.0,127.45,,,Referral > Paid Search > Email > Display
JOURNEY-00840,CUST-00840,2025-06-16 19:26:00,2025-06-19 03:28:00,Email,Organic Search,Promotional Email,SEO Blog,5,4,0,0,0.0,56.03,,,Email > Paid Search > Organic Search > Direct > Organic Search
JOURNEY-00841,CUST-00841,2025-02-27 11:35:00,2025-03-04 11:51:00,Paid Search,Display,Competitor Search,Prospecting,3,3,1,1,114.03,120.27,2025-03-04 11:51:00,5.01,Paid Search > Email > Display
JOURNEY-00842,CUST-00842,2025-03-28 02:46:00,2025-04-06 08:15:00,Organic Search,Referral,Educational Content,Partner Website,5,4,0,0,0.0,221.48,,,Organic Search > Referral > Email > Paid Search > Referral
JOURNEY-00843,CUST-00843,2025-02-01 15:43:00,2025-02-06 22:16:00,Organic Social,Paid Social,Instagram Organic,LinkedIn Ads,4,4,0,0,0.0,126.55,,,Organic Social > Display > Paid Search > Paid Social
JOURNEY-00844,CUST-00844,2025-06-20 18:44:00,2025-06-25 14:55:00,Email,Display,Promotional Email,Retargeting,3,3,0,0,0.0,116.18,,,Email > Organic Search > Display
JOURNEY-00845,CUST-00845,2025-04-09 03:16:00,2025-04-21 20:36:00,Paid Social,Direct,LinkedIn Ads,Direct Visit,6,5,1,1,177.7,305.33,2025-04-21 20:36:00,12.72,Paid Social > Direct > Referral > Display > Organic Search > Direct
JOURNEY-00846,CUST-00846,2025-02-15 18:21:00,2025-02-17 06:29:00,Direct,Email,Direct Visit,Newsletter,3,3,0,0,0.0,36.13,,,Direct > Paid Search > Email
JOURNEY-00847,CUST-00847,2025-06-05 15:38:00,2025-06-17 07:02:00,Paid Social,Organic Search,Instagram Ads,Educational Content,7,6,1,1,344.73,279.4,2025-06-17 07:02:00,11.64,Paid Social > Paid Search > Referral > Organic Social > Paid Search > Display > Organic Search
JOURNEY-00848,CUST-00848,2025-01-09 09:26:00,2025-01-19 12:29:00,Direct,Direct,Direct Visit,Direct Visit,6,4,0,0,0.0,243.05,,,Direct > Paid Social > Email > Direct > Organic Search > Direct
JOURNEY-00849,CUST-00849,2025-03-21 21:41:00,2025-03-24 04:01:00,Organic Search,Organic Social,SEO Blog,Instagram Organic,3,3,0,0,0.0,54.33,,,Organic Search > Referral > Organic Social
JOURNEY-00850,CUST-00850,2025-02-25 13:26:00,2025-02-27 18:50:00,Paid Search,Email,Competitor Search,Promotional Email,2,2,0,0,0.0,53.4,,,Paid Search > Email
JOURNEY-00851,CUST-00851,2025-05-02 18:15:00,2025-05-09 23:35:00,Display,Email,Retargeting,Welcome Series,5,5,0,0,0.0,173.33,,,Display > Paid Search > Organic Search > Referral > Email
JOURNEY-00852,CUST-00852,2025-03-01 14:36:00,2025-03-01 14:36:00,Paid Social,Paid Social,LinkedIn Ads,LinkedIn Ads,1,1,1,1,55.94,0.0,2025-03-01 14:36:00,0.0,Paid Social
JOURNEY-00853,CUST-00853,2025-01-02 10:53:00,2025-01-09 07:30:00,Organic Search,Email,Product Pages,Promotional Email,3,3,0,0,0.0,164.62,,,Organic Search > Paid Social > Email
JOURNEY-00854,CUST-00854,2025-01-05 02:00:00,2025-01-11 14:23:00,Paid Social,Paid Social,LinkedIn Ads,LinkedIn Ads,4,2,0,0,0.0,156.38,,,Paid Social > Referral > Paid Social > Paid Social
JOURNEY-00855,CUST-00855,2025-05-21 06:47:00,2025-05-29 15:21:00,Paid Social,Referral,Instagram Ads,Affiliate,4,4,0,0,0.0,200.57,,,Paid Social > Paid Search > Organic Social > Referral
JOURNEY-00856,CUST-00856,2025-03-17 03:52:00,2025-03-17 11:00:00,Direct,Paid Social,Direct Visit,Facebook Ads,2,2,0,0,0.0,7.13,,,Direct > Paid Social
JOURNEY-00857,CUST-00857,2025-03-18 17:52:00,2025-03-27 12:52:00,Organic Social,Direct,TikTok Organic,Direct Visit,6,4,0,0,0.0,211.0,,,Organic Social > Direct > Organic Social > Paid Search > Display > Direct
JOURNEY-00858,CUST-00858,2025-06-07 17:51:00,2025-06-10 23:43:00,Paid Social,Paid Search,Facebook Ads,Brand Search,2,2,0,0,0.0,77.87,,,Paid Social > Paid Search
JOURNEY-00859,CUST-00859,2025-02-01 07:28:00,2025-02-10 17:36:00,Display,Paid Social,Banner Campaign,LinkedIn Ads,4,3,0,0,0.0,226.13,,,Display > Paid Social > Direct > Paid Social
JOURNEY-00860,CUST-00860,2025-02-27 14:21:00,2025-03-02 22:07:00,Paid Social,Organic Search,LinkedIn Ads,Educational Content,3,3,0,0,0.0,79.77,,,Paid Social > Paid Search > Organic Search
JOURNEY-00861,CUST-00861,2025-01-14 13:10:00,2025-01-17 13:04:00,Paid Search,Email,Competitor Search,Promotional Email,3,3,0,0,0.0,71.9,,,Paid Search > Paid Social > Email
JOURNEY-00862,CUST-00862,2025-03-01 07:30:00,2025-03-08 12:02:00,Organic Social,Email,LinkedIn Organic,Welcome Series,4,3,0,0,0.0,172.53,,,Organic Social > Paid Search > Organic Social > Email
JOURNEY-00863,CUST-00863,2025-04-13 19:22:00,2025-04-18 20:27:00,Organic Social,Organic Search,LinkedIn Organic,Educational Content,4,3,0,0,0.0,121.08,,,Organic Social > Organic Search > Display > Organic Search
JOURNEY-00864,CUST-00864,2025-02-06 15:14:00,2025-02-15 09:14:00,Display,Paid Social,Prospecting,Facebook Ads,5,5,1,1,164.57,210.0,2025-02-15 09:14:00,8.75,Display > Paid Search > Organic Social > Email > Paid Social
JOURNEY-00865,CUST-00865,2025-02-19 19:34:00,2025-02-25 19:13:00,Organic Social,Paid Search,TikTok Organic,Product Search,3,3,1,1,203.11,143.65,2025-02-25 19:13:00,5.99,Organic Social > Referral > Paid Search
JOURNEY-00866,CUST-00866,2025-05-06 05:00:00,2025-05-06 05:00:00,Paid Social,Paid Social,LinkedIn Ads,LinkedIn Ads,1,1,0,0,0.0,0.0,,,Paid Social
JOURNEY-00867,CUST-00867,2025-02-10 10:28:00,2025-02-10 10:28:00,Paid Search,Paid Search,Product Search,Product Search,1,1,0,0,0.0,0.0,,,Paid Search
JOURNEY-00868,CUST-00868,2025-02-18 23:09:00,2025-02-20 16:39:00,Organic Search,Referral,Educational Content,Affiliate,3,3,0,0,0.0,41.5,,,Organic Search > Email > Referral
JOURNEY-00869,CUST-00869,2025-02-12 04:03:00,2025-02-14 11:49:00,Paid Search,Paid Social,Product Search,Instagram Ads,3,3,0,0,0.0,55.77,,,Paid Search > Email > Paid Social
JOURNEY-00870,CUST-00870,2025-01-28 19:40:00,2025-02-02 18:09:00,Email,Paid Social,Promotional Email,LinkedIn Ads,3,3,1,1,53.58,118.48,2025-02-02 18:09:00,4.94,Email > Direct > Paid Social
JOURNEY-00871,CUST-00871,2025-02-28 10:09:00,2025-03-06 09:58:00,Email,Email,Welcome Series,Welcome Series,4,3,0,0,0.0,143.82,,,Email > Paid Search > Paid Social > Email
JOURNEY-00872,CUST-00872,2025-02-23 18:32:00,2025-02-28 05:26:00,Organic Social,Email,Instagram Organic,Promotional Email,4,3,0,0,0.0,106.9,,,Organic Social > Paid Search > Email > Email
JOURNEY-00873,CUST-00873,2025-06-09 05:54:00,2025-06-10 10:44:00,Email,Organic Social,Welcome Series,LinkedIn Organic,2,2,0,0,0.0,28.83,,,Email > Organic Social
JOURNEY-00874,CUST-00874,2025-02-12 18:48:00,2025-02-19 09:45:00,Referral,Organic Search,Affiliate,Educational Content,7,4,1,1,72.5,158.95,2025-02-19 09:45:00,6.62,Referral > Organic Search > Paid Search > Organic Search > Display > Paid Search > Organic Search
JOURNEY-00875,CUST-00875,2025-05-15 22:17:00,2025-05-28 13:00:00,Organic Search,Referral,Educational Content,Affiliate,5,4,0,0,0.0,302.72,,,Organic Search > Paid Search > Direct > Paid Search > Referral
JOURNEY-00876,CUST-00876,2025-06-26 05:13:00,2025-06-29 03:44:00,Email,Referral,Welcome Series,Affiliate,3,3,0,0,0.0,70.52,,,Email > Paid Social > Referral
JOURNEY-00877,CUST-00877,2025-03-16 18:27:00,2025-03-18 03:25:00,Paid Search,Display,Product Search,Banner Campaign,2,2,0,0,0.0,32.97,,,Paid Search > Display
JOURNEY-00878,CUST-00878,2025-02-25 13:58:00,2025-03-01 08:58:00,Referral,Email,Affiliate,Welcome Series,2,2,1,1,88.52,91.0,2025-03-01 08:58:00,3.79,Referral > Email
JOURNEY-00879,CUST-00879,2025-04-22 16:09:00,2025-05-02 05:58:00,Organic Social,Organic Social,Instagram Organic,Instagram Organic,5,3,0,0,0.0,229.82,,,Organic Social > Direct > Paid Social > Paid Social > Organic Social
JOURNEY-00880,CUST-00880,2025-06-05 07:31:00,2025-06-16 02:46:00,Referral,Direct,Affiliate,Direct Visit,7,5,1,1,152.48,259.25,2025-06-16 02:46:00,10.8,Referral > Paid Search > Direct > Organic Search > Display > Organic Search > Direct
JOURNEY-00881,CUST-00881,2025-04-17 07:11:00,2025-04-24 09:36:00,Paid Search,Direct,Product Search,Direct Visit,4,4,1,1,79.12,170.42,2025-04-24 09:36:00,7.1,Paid Search > Display > Organic Social > Direct
JOURNEY-00882,CUST-00882,2025-06-27 15:27:00,2025-07-04 00:13:00,Organic Social,Paid Social,Instagram Organic,Facebook Ads,4,3,0,0,0.0,152.77,,,Organic Social > Paid Search > Organic Social > Paid Social
JOURNEY-00883,CUST-00883,2025-02-09 23:56:00,2025-02-20 18:49:00,Email,Organic Social,Newsletter,TikTok Organic,5,4,0,0,0.0,258.88,,,Email > Organic Search > Direct > Organic Search > Organic Social
JOURNEY-00884,CUST-00884,2025-02-04 19:15:00,2025-02-09 10:51:00,Direct,Organic Search,Direct Visit,SEO Blog,5,3,0,0,0.0,111.6,,,Direct > Paid Search > Organic Search > Paid Search > Organic Search
JOURNEY-00885,CUST-00885,2025-02-08 13:49:00,2025-02-12 04:33:00,Paid Search,Email,Brand Search,Welcome Series,2,2,0,0,0.0,86.73,,,Paid Search > Email
JOURNEY-00886,CUST-00886,2025-01-27 07:28:00,2025-02-04 09:23:00,Paid Search,Paid Social,Product Search,Instagram Ads,4,4,0,0,0.0,193.92,,,Paid Search > Email > Direct > Paid Social
JOURNEY-00887,CUST-00887,2025-03-29 06:15:00,2025-04-01 05:40:00,Organic Social,Display,TikTok Organic,Prospecting,3,3,1,1,249.29,71.42,2025-04-01 05:40:00,2.98,Organic Social > Organic Search > Display
JOURNEY-00888,CUST-00888,2025-06-12 22:53:00,2025-06-24 12:59:00,Paid Search,Direct,Competitor Search,Direct Visit,5,3,0,0,0.0,278.1,,,Paid Search > Email > Paid Search > Email > Direct
JOURNEY-00889,CUST-00889,2025-05-06 04:03:00,2025-05-16 09:35:00,Direct,Organic Social,Direct Visit,Instagram Organic,6,3,0,0,0.0,245.53,,,Direct > Paid Search > Direct > Organic Social > Direct > Organic Social
JOURNEY-00890,CUST-00890,2025-01-09 04:12:00,2025-01-11 16:45:00,Email,Paid Search,Welcome Series,Brand Search,2,2,0,0,0.0,60.55,,,Email > Paid Search
JOURNEY-00891,CUST-00891,2025-05-11 13:18:00,2025-05-14 23:45:00,Email,Paid Search,Newsletter,Competitor Search,3,2,0,0,0.0,82.45,,,Email > Paid Search > Paid Search
JOURNEY-00892,CUST-00892,2025-06-03 12:56:00,2025-06-10 06:19:00,Organic Social,Paid Social,Instagram Organic,Instagram Ads,3,3,0,0,0.0,161.38,,,Organic Social > Paid Search > Paid Social
JOURNEY-00893,CUST-00893,2025-04-18 17:15:00,2025-04-22 15:12:00,Organic Social,Display,Instagram Organic,Retargeting,4,4,0,0,0.0,93.95,,,Organic Social > Paid Social > Email > Display
JOURNEY-00894,CUST-00894,2025-02-14 11:24:00,2025-02-15 02:39:00,Paid Social,Paid Search,Instagram Ads,Competitor Search,2,2,0,0,0.0,15.25,,,Paid Social > Paid Search
JOURNEY-00895,CUST-00895,2025-04-22 20:49:00,2025-04-28 20:55:00,Paid Search,Organic Search,Brand Search,Educational Content,3,3,0,0,0.0,144.1,,,Paid Search > Email > Organic Search
JOURNEY-00896,CUST-00896,2025-06-12 07:12:00,2025-06-17 17:46:00,Paid Search,Organic Search,Competitor Search,Educational Content,5,4,0,0,0.0,130.57,,,Paid Search > Email > Paid Social > Paid Search > Organic Search
JOURNEY-00897,CUST-00897,2025-06-09 03:40:00,2025-06-12 06:11:00,Display,Email,Prospecting,Welcome Series,3,3,0,0,0.0,74.52,,,Display > Direct > Email
JOURNEY-00898,CUST-00898,2025-06-18 09:36:00,2025-06-23 22:43:00,Direct,Paid Search,Direct Visit,Brand Search,3,3,0,0,0.0,133.12,,,Direct > Organic Search > Paid Search
JOURNEY-00899,CUST-00899,2025-01-24 20:56:00,2025-02-04 10:45:00,Direct,Direct,Direct Visit,Direct Visit,5,4,0,0,0.0,253.82,,,Direct > Organic Search > Paid Social > Email > Direct
JOURNEY-00900,CUST-00900,2025-04-26 04:22:00,2025-05-04 07:15:00,Email,Referral,Newsletter,Partner Website,5,5,0,0,0.0,194.88,,,Email > Paid Social > Organic Search > Paid Search > Referral
JOURNEY-00901,CUST-00901,2025-03-30 20:59:00,2025-04-02 12:30:00,Email,Paid Search,Newsletter,Brand Search,3,3,0,0,0.0,63.52,,,Email > Direct > Paid Search
JOURNEY-00902,CUST-00902,2025-06-28 05:35:00,2025-06-28 08:55:00,Organic Social,Organic Search,LinkedIn Organic,SEO Blog,2,2,0,0,0.0,3.33,,,Organic Social > Organic Search
JOURNEY-00903,CUST-00903,2025-05-27 16:29:00,2025-06-10 10:25:00,Email,Paid Social,Welcome Series,LinkedIn Ads,6,5,0,0,0.0,329.93,,,Email > Paid Search > Direct > Email > Organic Social > Paid Social
JOURNEY-00904,CUST-00904,2025-05-24 17:08:00,2025-05-26 14:44:00,Organic Search,Organic Social,Educational Content,TikTok Organic,2,2,0,0,0.0,45.6,,,Organic Search > Organic Social
JOURNEY-00905,CUST-00905,2025-03-20 14:47:00,2025-03-20 18:58:00,Organic Search,Direct,SEO Blog,Direct Visit,2,2,0,0,0.0,4.18,,,Organic Search > Direct
JOURNEY-00906,CUST-00906,2025-01-24 14:55:00,2025-02-04 02:02:00,Organic Search,Organic Search,Product Pages,SEO Blog,6,5,1,1,61.09,251.12,2025-02-04 02:02:00,10.46,Organic Search > Paid Social > Paid Search > Direct > Referral > Organic Search
JOURNEY-00907,CUST-00907,2025-01-18 16:23:00,2025-01-18 16:23:00,Direct,Direct,Direct Visit,Direct Visit,1,1,0,0,0.0,0.0,,,Direct
JOURNEY-00908,CUST-00908,2025-06-09 23:44:00,2025-06-12 14:58:00,Direct,Direct,Direct Visit,Direct Visit,2,1,0,0,0.0,63.23,,,Direct > Direct
JOURNEY-00909,CUST-00909,2025-01-06 17:57:00,2025-01-13 06:22:00,Paid Search,Display,Brand Search,Prospecting,6,5,0,0,0.0,156.42,,,Paid Search > Paid Social > Email > Organic Search > Display > Display
JOURNEY-00910,CUST-00910,2025-02-28 19:22:00,2025-03-08 12:09:00,Paid Search,Email,Brand Search,Promotional Email,6,4,0,0,0.0,184.78,,,Paid Search > Direct > Paid Search > Display > Paid Search > Email
JOURNEY-00911,CUST-00911,2025-06-24 15:00:00,2025-06-28 16:26:00,Email,Organic Search,Welcome Series,Product Pages,3,2,1,1,138.07,97.43,2025-06-28 16:26:00,4.06,Email > Organic Search > Organic Search
JOURNEY-00912,CUST-00912,2025-03-16 02:07:00,2025-03-22 17:53:00,Organic Social,Referral,LinkedIn Organic,Partner Website,5,5,0,0,0.0,159.77,,,Organic Social > Email > Direct > Organic Search > Referral
JOURNEY-00913,CUST-00913,2025-03-26 18:58:00,2025-03-26 18:58:00,Paid Search,Paid Search,Brand Search,Brand Search,1,1,0,0,0.0,0.0,,,Paid Search
JOURNEY-00914,CUST-00914,2025-05-08 21:43:00,2025-05-09 19:03:00,Organic Social,Paid Search,LinkedIn Organic,Brand Search,2,2,0,0,0.0,21.33,,,Organic Social > Paid Search
JOURNEY-00915,CUST-00915,2025-04-05 10:41:00,2025-04-15 06:32:00,Paid Social,Direct,Facebook Ads,Direct Visit,5,4,0,0,0.0,235.85,,,Paid Social > Organic Search > Paid Search > Organic Search > Direct
JOURNEY-00916,CUST-00916,2025-01-01 16:57:00,2025-01-09 06:38:00,Direct,Direct,Direct Visit,Direct Visit,6,4,0,0,0.0,181.68,,,Direct > Display > Direct > Organic Social > Paid Social > Direct
JOURNEY-00917,CUST-00917,2025-02-18 06:43:00,2025-02-26 07:10:00,Paid Social,Direct,Facebook Ads,Direct Visit,5,3,0,0,0.0,192.45,,,Paid Social > Direct > Email > Paid Social > Direct
JOURNEY-00918,CUST-00918,2025-01-30 13:02:00,2025-02-02 05:07:00,Paid Social,Organic Social,Instagram Ads,Instagram Organic,2,2,0,0,0.0,64.08,,,Paid Social > Organic Social
JOURNEY-00919,CUST-00919,2025-06-12 04:04:00,2025-06-13 13:22:00,Email,Referral,Promotional Email,Customer Referral,2,2,0,0,0.0,33.3,,,Email > Referral
JOURNEY-00920,CUST-00920,2025-01-02 22:58:00,2025-01-04 05:30:00,Paid Search,Paid Search,Product Search,Brand Search,2,1,0,0,0.0,30.53,,,Paid Search > Paid Search
JOURNEY-00921,CUST-00921,2025-03-27 14:21:00,2025-04-04 02:30:00,Paid Search,Display,Brand Search,Banner Campaign,5,4,0,0,0.0,180.15,,,Paid Search > Display > Referral > Direct > Display
JOURNEY-00922,CUST-00922,2025-06-21 03:18:00,2025-06-25 17:19:00,Paid Social,Direct,LinkedIn Ads,Direct Visit,4,4,0,0,0.0,110.02,,,Paid Social > Organic Social > Paid Search > Direct
JOURNEY-00923,CUST-00923,2025-04-10 23:05:00,2025-04-16 23:41:00,Organic Search,Organic Search,Product Pages,SEO Blog,4,2,1,1,122.0,144.6,2025-04-16 23:41:00,6.02,Organic Search > Organic Search > Paid Search > Organic Search
JOURNEY-00924,CUST-00924,2025-03-28 01:22:00,2025-03-30 17:40:00,Referral,Direct,Partner Website,Direct Visit,3,3,0,0,0.0,64.3,,,Referral > Organic Search > Direct
JOURNEY-00925,CUST-00925,2025-05-14 20:02:00,2025-05-25 21:01:00,Paid Search,Paid Search,Competitor Search,Competitor Search,6,5,1,1,87.19,264.98,2025-05-25 21:01:00,11.04,Paid Search > Organic Search > Email > Referral > Direct > Paid Search
JOURNEY-00926,CUST-00926,2025-04-13 16:44:00,2025-04-21 14:45:00,Organic Social,Display,LinkedIn Organic,Banner Campaign,4,4,0,0,0.0,190.02,,,Organic Social > Organic Search > Paid Search > Display
JOURNEY-00927,CUST-00927,2025-06-27 20:38:00,2025-07-07 19:02:00,Paid Social,Paid Search,Instagram Ads,Competitor Search,6,4,0,0,0.0,238.4,,,Paid Social > Direct > Paid Search > Referral > Paid Social > Paid Search
JOURNEY-00928,CUST-00928,2025-01-07 04:31:00,2025-01-07 04:31:00,Email,Email,Welcome Series,Welcome Series,1,1,1,1,240.49,0.0,2025-01-07 04:31:00,0.0,Email
JOURNEY-00929,CUST-00929,2025-04-27 21:53:00,2025-04-27 21:53:00,Paid Search,Paid Search,Competitor Search,Competitor Search,1,1,0,0,0.0,0.0,,,Paid Search
JOURNEY-00930,CUST-00930,2025-04-26 23:12:00,2025-05-04 10:20:00,Paid Search,Paid Search,Competitor Search,Competitor Search,4,3,1,1,68.24,179.13,2025-05-04 10:20:00,7.46,Paid Search > Email > Organic Search > Paid Search
JOURNEY-00931,CUST-00931,2025-05-02 08:30:00,2025-05-05 00:15:00,Paid Social,Organic Search,LinkedIn Ads,Product Pages,2,2,0,0,0.0,63.75,,,Paid Social > Organic Search
JOURNEY-00932,CUST-00932,2025-03-18 16:53:00,2025-03-24 19:00:00,Paid Social,Paid Social,Facebook Ads,Instagram Ads,4,3,0,0,0.0,146.12,,,Paid Social > Direct > Email > Paid Social
JOURNEY-00933,CUST-00933,2025-05-10 19:13:00,2025-05-15 04:55:00,Organic Search,Organic Social,Product Pages,LinkedIn Organic,4,4,0,0,0.0,105.7,,,Organic Search > Email > Paid Search > Organic Social
JOURNEY-00934,CUST-00934,2025-05-15 08:06:00,2025-05-16 07:49:00,Organic Social,Organic Search,TikTok Organic,SEO Blog,3,3,1,1,309.37,23.72,2025-05-16 07:49:00,0.99,Organic Social > Email > Organic Search
JOURNEY-00935,CUST-00935,2025-01-04 10:45:00,2025-01-13 18:29:00,Paid Social,Organic Search,Facebook Ads,SEO Blog,4,4,0,0,0.0,223.73,,,Paid Social > Organic Social > Direct > Organic Search
JOURNEY-00936,CUST-00936,2025-02-19 10:18:00,2025-02-26 18:43:00,Paid Search,Paid Search,Product Search,Brand Search,6,5,0,0,0.0,176.42,,,Paid Search > Paid Social > Direct > Organic Search > Referral > Paid Search
JOURNEY-00937,CUST-00937,2025-04-15 03:29:00,2025-04-25 12:51:00,Organic Search,Paid Social,Educational Content,LinkedIn Ads,5,3,1,1,125.33,249.37,2025-04-25 12:51:00,10.39,Organic Search > Paid Social > Paid Social > Display > Paid Social
JOURNEY-00938,CUST-00938,2025-04-20 08:07:00,2025-04-23 20:59:00,Paid Search,Display,Product Search,Prospecting,3,2,0,0,0.0,84.87,,,Paid Search > Paid Search > Display
JOURNEY-00939,CUST-00939,2025-06-15 09:49:00,2025-06-24 18:10:00,Organic Search,Paid Search,SEO Blog,Competitor Search,4,4,1,1,106.34,224.35,2025-06-24 18:10:00,9.35,Organic Search > Email > Paid Social > Paid Search
JOURNEY-00940,CUST-00940,2025-05-31 03:07:00,2025-06-05 15:58:00,Organic Search,Email,SEO Blog,Welcome Series,3,3,0,0,0.0,132.85,,,Organic Search > Display > Email
JOURNEY-00941,CUST-00941,2025-05-09 19:05:00,2025-05-20 10:47:00,Organic Social,Direct,LinkedIn Organic,Direct Visit,6,5,0,0,0.0,255.7,,,Organic Social > Organic Search > Direct > Referral > Email > Direct
JOURNEY-00942,CUST-00942,2025-06-01 22:47:00,2025-06-03 21:08:00,Organic Search,Email,Product Pages,Newsletter,3,2,1,1,150.99,46.35,2025-06-03 21:08:00,1.93,Organic Search > Organic Search > Email
JOURNEY-00943,CUST-00943,2025-04-16 05:48:00,2025-04-19 17:12:00,Paid Search,Paid Search,Brand Search,Product Search,4,3,1,1,54.61,83.4,2025-04-19 17:12:00,3.48,Paid Search > Organic Social > Paid Social > Paid Search
JOURNEY-00944,CUST-00944,2025-05-30 23:30:00,2025-06-01 23:48:00,Paid Social,Direct,Facebook Ads,Direct Visit,2,2,0,0,0.0,48.3,,,Paid Social > Direct
JOURNEY-00945,CUST-00945,2025-02-26 14:16:00,2025-03-01 19:14:00,Direct,Paid Search,Direct Visit,Product Search,3,3,1,1,152.85,76.97,2025-03-01 19:14:00,3.21,Direct > Display > Paid Search
JOURNEY-00946,CUST-00946,2025-01-12 20:54:00,2025-01-18 20:13:00,Paid Search,Email,Product Search,Welcome Series,4,3,1,1,160.97,143.32,2025-01-18 20:13:00,5.97,Paid Search > Email > Display > Email
JOURNEY-00947,CUST-00947,2025-02-26 17:03:00,2025-02-28 07:20:00,Display,Paid Social,Banner Campaign,LinkedIn Ads,2,2,0,0,0.0,38.28,,,Display > Paid Social
JOURNEY-00948,CUST-00948,2025-02-10 09:50:00,2025-02-14 02:02:00,Email,Organic Search,Promotional Email,SEO Blog,3,2,1,1,291.7,88.2,2025-02-14 02:02:00,3.68,Email > Organic Search > Organic Search
JOURNEY-00949,CUST-00949,2025-06-03 14:39:00,2025-06-07 02:46:00,Paid Social,Referral,LinkedIn Ads,Customer Referral,2,2,0,0,0.0,84.12,,,Paid Social > Referral
JOURNEY-00950,CUST-00950,2025-04-15 16:39:00,2025-04-21 14:12:00,Organic Social,Paid Search,Instagram Organic,Competitor Search,4,2,1,1,104.35,141.55,2025-04-21 14:12:00,5.9,Organic Social > Paid Search > Paid Search > Paid Search
JOURNEY-00951,CUST-00951,2025-03-19 14:42:00,2025-03-26 15:34:00,Organic Search,Organic Search,SEO Blog,SEO Blog,4,3,0,0,0.0,168.87,,,Organic Search > Referral > Direct > Organic Search
JOURNEY-00952,CUST-00952,2025-03-20 05:06:00,2025-03-28 05:18:00,Display,Email,Retargeting,Promotional Email,4,3,0,0,0.0,192.2,,,Display > Email > Paid Social > Email
JOURNEY-00953,CUST-00953,2025-04-28 14:00:00,2025-05-04 10:43:00,Display,Organic Search,Prospecting,SEO Blog,3,3,0,0,0.0,140.72,,,Display > Direct > Organic Search
JOURNEY-00954,CUST-00954,2025-01-27 14:11:00,2025-01-28 00:06:00,Display,Direct,Prospecting,Direct Visit,2,2,0,0,0.0,9.92,,,Display > Direct
JOURNEY-00955,CUST-00955,2025-04-28 11:38:00,2025-05-04 09:25:00,Organic Social,Organic Social,TikTok Organic,Instagram Organic,3,2,0,0,0.0,141.78,,,Organic Social > Paid Search > Organic Social
JOURNEY-00956,CUST-00956,2025-04-24 06:09:00,2025-04-28 00:14:00,Referral,Direct,Partner Website,Direct Visit,3,3,1,1,122.99,90.08,2025-04-28 00:14:00,3.75,Referral > Paid Social > Direct
JOURNEY-00957,CUST-00957,2025-06-15 13:56:00,2025-07-06 14:16:00,Direct,Organic Social,Direct Visit,LinkedIn Organic,8,4,0,0,0.0,504.33,,,Direct > Email > Organic Social > Organic Search > Organic Social > Organic Search > Email > Organic Social
JOURNEY-00958,CUST-00958,2025-05-18 00:21:00,2025-05-27 03:33:00,Referral,Email,Partner Website,Newsletter,5,5,1,1,149.4,219.2,2025-05-27 03:33:00,9.13,Referral > Paid Search > Organic Search > Organic Social > Email
JOURNEY-00959,CUST-00959,2025-05-31 17:53:00,2025-06-05 06:31:00,Direct,Email,Direct Visit,Promotional Email,4,4,0,0,0.0,108.63,,,Direct > Organic Social > Paid Search > Email
JOURNEY-00960,CUST-00960,2025-03-02 13:34:00,2025-03-13 00:24:00,Paid Search,Referral,Competitor Search,Partner Website,7,5,0,0,0.0,250.83,,,Paid Search > Display > Email > Organic Search > Display > Paid Search > Referral
JOURNEY-00961,CUST-00961,2025-01-11 15:44:00,2025-01-14 19:32:00,Paid Social,Organic Search,LinkedIn Ads,SEO Blog,2,2,0,0,0.0,75.8,,,Paid Social > Organic Search
JOURNEY-00962,CUST-00962,2025-05-25 06:52:00,2025-05-25 14:32:00,Paid Social,Paid Social,Facebook Ads,LinkedIn Ads,2,1,0,0,0.0,7.67,,,Paid Social > Paid Social
JOURNEY-00963,CUST-00963,2025-06-18 16:13:00,2025-06-22 19:31:00,Organic Search,Paid Search,SEO Blog,Competitor Search,4,3,0,0,0.0,99.3,,,Organic Search > Email > Organic Search > Paid Search
JOURNEY-00964,CUST-00964,2025-01-29 13:04:00,2025-02-02 06:12:00,Display,Referral,Retargeting,Affiliate,2,2,0,0,0.0,89.13,,,Display > Referral
JOURNEY-00965,CUST-00965,2025-02-10 10:59:00,2025-02-17 04:41:00,Paid Social,Organic Search,LinkedIn Ads,SEO Blog,4,3,0,0,0.0,161.7,,,Paid Social > Display > Paid Social > Organic Search
JOURNEY-00966,CUST-00966,2025-01-30 11:09:00,2025-02-15 10:59:00,Direct,Referral,Direct Visit,Customer Referral,7,6,0,0,0.0,383.83,,,Direct > Paid Search > Paid Social > Email > Organic Social > Email > Referral
JOURNEY-00967,CUST-00967,2025-05-10 11:16:00,2025-05-14 22:14:00,Paid Search,Email,Competitor Search,Promotional Email,3,3,0,0,0.0,106.97,,,Paid Search > Direct > Email
JOURNEY-00968,CUST-00968,2025-03-12 00:58:00,2025-03-17 23:03:00,Paid Search,Referral,Brand Search,Partner Website,5,4,0,0,0.0,142.08,,,Paid Search > Paid Search > Display > Direct > Referral
JOURNEY-00969,CUST-00969,2025-02-02 22:51:00,2025-02-08 22:06:00,Organic Search,Paid Search,Educational Content,Competitor Search,4,4,1,1,318.51,143.25,2025-02-08 22:06:00,5.97,Organic Search > Email > Organic Social > Paid Search
JOURNEY-00970,CUST-00970,2025-01-30 18:45:00,2025-02-02 21:08:00,Paid Social,Organic Search,LinkedIn Ads,SEO Blog,3,3,0,0,0.0,74.38,,,Paid Social > Email > Organic Search
JOURNEY-00971,CUST-00971,2025-06-14 22:33:00,2025-06-23 03:30:00,Organic Social,Direct,LinkedIn Organic,Direct Visit,4,4,1,1,140.24,196.95,2025-06-23 03:30:00,8.21,Organic Social > Organic Search > Display > Direct
JOURNEY-00972,CUST-00972,2025-01-18 01:30:00,2025-01-20 01:03:00,Organic Search,Display,Product Pages,Banner Campaign,2,2,0,0,0.0,47.55,,,Organic Search > Display
JOURNEY-00973,CUST-00973,2025-01-13 19:50:00,2025-01-19 12:49:00,Direct,Organic Search,Direct Visit,SEO Blog,4,3,1,1,72.55,136.98,2025-01-19 12:49:00,5.71,Direct > Organic Search > Paid Social > Organic Search
JOURNEY-00974,CUST-00974,2025-04-20 10:38:00,2025-04-25 05:38:00,Direct,Organic Search,Direct Visit,Educational Content,4,4,0,0,0.0,115.0,,,Direct > Paid Social > Organic Social > Organic Search
JOURNEY-00975,CUST-00975,2025-01-07 20:46:00,2025-01-13 02:54:00,Paid Search,Organic Social,Competitor Search,TikTok Organic,5,3,0,0,0.0,126.13,,,Paid Search > Organic Social > Direct > Paid Search > Organic Social
JOURNEY-00976,CUST-00976,2025-05-21 03:56:00,2025-05-24 17:32:00,Organic Search,Paid Search,SEO Blog,Product Search,4,4,0,0,0.0,85.6,,,Organic Search > Display > Paid Social > Paid Search
JOURNEY-00977,CUST-00977,2025-01-19 12:06:00,2025-01-20 17:20:00,Email,Direct,Welcome Series,Direct Visit,2,2,0,0,0.0,29.23,,,Email > Direct
JOURNEY-00978,CUST-00978,2025-04-18 15:22:00,2025-04-20 03:49:00,Direct,Paid Social,Direct Visit,LinkedIn Ads,2,2,0,0,0.0,36.45,,,Direct > Paid Social
JOURNEY-00979,CUST-00979,2025-05-18 17:53:00,2025-05-23 20:40:00,Paid Search,Paid Search,Competitor Search,Competitor Search,4,3,0,0,0.0,122.78,,,Paid Search > Organic Search > Display > Paid Search
JOURNEY-00980,CUST-00980,2025-06-05 13:33:00,2025-06-10 22:31:00,Organic Social,Paid Search,Instagram Organic,Competitor Search,4,4,1,1,131.15,128.97,2025-06-10 22:31:00,5.37,Organic Social > Organic Search > Direct > Paid Search
JOURNEY-00981,CUST-00981,2025-03-12 05:39:00,2025-03-15 19:58:00,Paid Search,Organic Search,Brand Search,Educational Content,2,2,0,0,0.0,86.32,,,Paid Search > Organic Search
JOURNEY-00982,CUST-00982,2025-03-15 12:40:00,2025-03-25 11:14:00,Referral,Organic Search,Affiliate,Educational Content,5,5,1,1,109.69,238.57,2025-03-25 11:14:00,9.94,Referral > Paid Search > Organic Social > Display > Organic Search
JOURNEY-00983,CUST-00983,2025-05-06 17:06:00,2025-05-06 17:06:00,Organic Search,Organic Search,Product Pages,Product Pages,1,1,1,1,63.39,0.0,2025-05-06 17:06:00,0.0,Organic Search
JOURNEY-00984,CUST-00984,2025-06-18 19:45:00,2025-06-21 17:23:00,Paid Search,Organic Search,Brand Search,SEO Blog,2,2,0,0,0.0,69.63,,,Paid Search > Organic Search
JOURNEY-00985,CUST-00985,2025-06-06 01:29:00,2025-06-10 14:13:00,Organic Search,Email,Product Pages,Welcome Series,3,3,0,0,0.0,108.73,,,Organic Search > Paid Social > Email
JOURNEY-00986,CUST-00986,2025-01-01 03:28:00,2025-01-05 16:27:00,Paid Social,Paid Search,Facebook Ads,Product Search,3,3,0,0,0.0,108.98,,,Paid Social > Email > Paid Search
JOURNEY-00987,CUST-00987,2025-06-17 00:54:00,2025-06-17 00:54:00,Paid Search,Paid Search,Product Search,Product Search,1,1,0,0,0.0,0.0,,,Paid Search
JOURNEY-00988,CUST-00988,2025-05-03 13:59:00,2025-05-08 13:07:00,Organic Search,Direct,SEO Blog,Direct Visit,3,3,0,0,0.0,119.13,,,Organic Search > Paid Search > Direct
JOURNEY-00989,CUST-00989,2025-05-25 04:44:00,2025-06-11 10:35:00,Direct,Paid Search,Direct Visit,Product Search,8,5,0,0,0.0,413.85,,,Direct > Paid Social > Direct > Email > Organic Search > Paid Social > Direct > Paid Search
JOURNEY-00990,CUST-00990,2025-06-09 05:11:00,2025-06-13 18:34:00,Paid Search,Email,Product Search,Newsletter,3,3,0,0,0.0,109.38,,,Paid Search > Paid Social > Email
JOURNEY-00991,CUST-00991,2025-03-14 04:57:00,2025-03-31 15:15:00,Display,Paid Social,Retargeting,LinkedIn Ads,8,7,0,0,0.0,418.3,,,Display > Paid Search > Direct > Paid Search > Email > Organic Search > Organic Social > Paid Social
JOURNEY-00992,CUST-00992,2025-02-09 13:34:00,2025-02-10 20:06:00,Paid Search,Display,Competitor Search,Prospecting,3,3,1,1,244.97,30.53,2025-02-10 20:06:00,1.27,Paid Search > Referral > Display
JOURNEY-00993,CUST-00993,2025-04-22 05:32:00,2025-05-04 05:14:00,Paid Social,Organic Social,Facebook Ads,LinkedIn Organic,6,5,0,0,0.0,287.7,,,Paid Social > Paid Search > Referral > Paid Search > Email > Organic Social
JOURNEY-00994,CUST-00994,2025-02-20 07:52:00,2025-02-24 20:46:00,Paid Search,Email,Competitor Search,Welcome Series,3,3,0,0,0.0,108.9,,,Paid Search > Paid Social > Email
JOURNEY-00995,CUST-00995,2025-03-04 18:56:00,2025-03-04 18:56:00,Paid Search,Paid Search,Brand Search,Brand Search,1,1,0,0,0.0,0.0,,,Paid Search
JOURNEY-00996,CUST-00996,2025-06-15 23:48:00,2025-06-19 17:44:00,Organic Search,Organic Search,Educational Content,SEO Blog,3,2,0,0,0.0,89.93,,,Organic Search > Direct > Organic Search
JOURNEY-00997,CUST-00997,2025-05-03 15:47:00,2025-05-09 03:47:00,Email,Paid Social,Promotional Email,Facebook Ads,4,3,1,1,100.36,132.0,2025-05-09 03:47:00,5.5,Email > Organic Social > Email > Paid Social
JOURNEY-00998,CUST-00998,2025-05-13 10:30:00,2025-05-13 23:20:00,Organic Search,Direct,SEO Blog,Direct Visit,2,2,0,0,0.0,12.83,,,Organic Search > Direct
JOURNEY-00999,CUST-00999,2025-03-23 14:20:00,2025-03-24 00:46:00,Email,Email,Promotional Email,Welcome Series,2,1,1,1,195.8,10.43,2025-03-24 00:46:00,0.43,Email > Email
JOURNEY-01000,CUST-01000,2025-04-26 13:30:00,2025-05-02 11:46:00,Paid Social,Paid Social,Instagram Ads,LinkedIn Ads,3,2,0,0,0.0,142.27,,,Paid Social > Referral > Paid Social
JOURNEY-01001,CUST-01001,2025-02-04 04:32:00,2025-02-09 07:13:00,Paid Search,Paid Search,Brand Search,Product Search,4,3,0,0,0.0,122.68,,,Paid Search > Display > Email > Paid Search
JOURNEY-01002,CUST-01002,2025-02-04 10:08:00,2025-02-10 18:08:00,Paid Social,Paid Search,Facebook Ads,Brand Search,3,2,1,1,117.38,152.0,2025-02-10 18:08:00,6.33,Paid Social > Paid Social > Paid Search
JOURNEY-01003,CUST-01003,2025-06-08 01:29:00,2025-06-14 13:30:00,Paid Search,Paid Social,Competitor Search,Facebook Ads,3,3,1,1,202.46,156.02,2025-06-14 13:30:00,6.5,Paid Search > Email > Paid Social
JOURNEY-01004,CUST-01004,2025-04-22 00:20:00,2025-04-24 15:06:00,Paid Search,Display,Brand Search,Prospecting,3,3,1,1,231.2,62.77,2025-04-24 15:06:00,2.62,Paid Search > Direct > Display
JOURNEY-01005,CUST-01005,2025-05-30 22:05:00,2025-06-03 11:09:00,Paid Social,Email,Instagram Ads,Newsletter,2,2,1,1,87.82,85.07,2025-06-03 11:09:00,3.54,Paid Social > Email
JOURNEY-01006,CUST-01006,2025-04-02 09:02:00,2025-04-05 08:47:00,Organic Social,Email,Instagram Organic,Welcome Series,3,3,0,0,0.0,71.75,,,Organic Social > Organic Search > Email
JOURNEY-01007,CUST-01007,2025-01-13 20:49:00,2025-01-30 01:32:00,Paid Search,Display,Brand Search,Prospecting,8,5,0,0,0.0,388.72,,,Paid Search > Direct > Direct > Email > Paid Search > Organic Search > Direct > Display
JOURNEY-01008,CUST-01008,2025-03-11 17:21:00,2025-03-11 17:21:00,Organic Search,Organic Search,Educational Content,Educational Content,1,1,0,0,0.0,0.0,,,Organic Search
JOURNEY-01009,CUST-01009,2025-05-13 23:27:00,2025-05-15 23:24:00,Organic Social,Email,TikTok Organic,Welcome Series,2,2,0,0,0.0,47.95,,,Organic Social > Email
JOURNEY-01010,CUST-01010,2025-02-02 22:21:00,2025-02-11 14:45:00,Paid Social,Organic Search,Facebook Ads,SEO Blog,5,4,0,0,0.0,208.4,,,Paid Social > Direct > Organic Social > Paid Social > Organic Search
JOURNEY-01011,CUST-01011,2025-05-24 15:01:00,2025-06-02 07:13:00,Referral,Organic Search,Partner Website,Product Pages,4,4,0,0,0.0,208.2,,,Referral > Paid Social > Email > Organic Search
JOURNEY-01012,CUST-01012,2025-05-04 16:10:00,2025-05-05 23:22:00,Email,Organic Search,Welcome Series,SEO Blog,2,2,0,0,0.0,31.2,,,Email > Organic Search
JOURNEY-01013,CUST-01013,2025-06-23 00:46:00,2025-06-25 16:42:00,Paid Search,Direct,Competitor Search,Direct Visit,3,2,1,1,57.46,63.93,2025-06-25 16:42:00,2.66,Paid Search > Direct > Direct
JOURNEY-01014,CUST-01014,2025-01-30 07:27:00,2025-02-09 10:35:00,Paid Social,Paid Social,LinkedIn Ads,LinkedIn Ads,6,4,0,0,0.0,243.13,,,Paid Social > Direct > Organic Search > Paid Social > Referral > Paid Social
JOURNEY-01015,CUST-01015,2025-06-13 05:34:00,2025-06-16 22:48:00,Organic Search,Organic Search,Educational Content,SEO Blog,4,3,0,0,0.0,89.23,,,Organic Search > Paid Search > Paid Social > Organic Search
JOURNEY-01016,CUST-01016,2025-04-08 07:35:00,2025-04-08 07:35:00,Email,Email,Welcome Series,Welcome Series,1,1,0,0,0.0,0.0,,,Email
JOURNEY-01017,CUST-01017,2025-01-23 18:22:00,2025-01-25 18:21:00,Referral,Paid Social,Partner Website,Instagram Ads,2,2,0,0,0.0,47.98,,,Referral > Paid Social
JOURNEY-01018,CUST-01018,2025-02-01 15:25:00,2025-02-09 11:59:00,Referral,Organic Social,Partner Website,TikTok Organic,5,4,0,0,0.0,188.57,,,Referral > Organic Social > Email > Organic Search > Organic Social
JOURNEY-01019,CUST-01019,2025-05-04 01:37:00,2025-05-06 01:48:00,Referral,Paid Search,Partner Website,Brand Search,2,2,0,0,0.0,48.18,,,Referral > Paid Search
JOURNEY-01020,CUST-01020,2025-03-28 02:58:00,2025-04-05 23:34:00,Paid Social,Organic Search,Facebook Ads,Product Pages,6,4,0,0,0.0,212.6,,,Paid Social > Email > Organic Search > Organic Search > Display > Organic Search
JOURNEY-01021,CUST-01021,2025-05-19 15:05:00,2025-05-23 07:19:00,Paid Search,Organic Social,Product Search,TikTok Organic,4,3,0,0,0.0,88.23,,,Paid Search > Direct > Paid Search > Organic Social
JOURNEY-01022,CUST-01022,2025-06-02 19:57:00,2025-06-06 15:07:00,Organic Search,Paid Search,Educational Content,Competitor Search,2,2,0,0,0.0,91.17,,,Organic Search > Paid Search
JOURNEY-01023,CUST-01023,2025-04-25 18:50:00,2025-05-03 16:28:00,Email,Direct,Welcome Series,Direct Visit,4,3,0,0,0.0,189.63,,,Email > Email > Display > Direct
JOURNEY-01024,CUST-01024,2025-05-19 22:40:00,2025-05-23 09:50:00,Direct,Paid Social,Direct Visit,Instagram Ads,3,2,0,0,0.0,83.17,,,Direct > Paid Social > Paid Social
JOURNEY-01025,CUST-01025,2025-01-15 09:38:00,2025-01-16 13:29:00,Paid Social,Organic Social,Facebook Ads,Instagram Organic,3,3,1,1,114.09,27.85,2025-01-16 13:29:00,1.16,Paid Social > Display > Organic Social
JOURNEY-01026,CUST-01026,2025-02-13 05:26:00,2025-02-17 00:24:00,Direct,Email,Direct Visit,Newsletter,3,3,0,0,0.0,90.97,,,Direct > Organic Search > Email
JOURNEY-01027,CUST-01027,2025-03-25 01:12:00,2025-04-01 04:14:00,Email,Direct,Promotional Email,Direct Visit,5,4,0,0,0.0,171.03,,,Email > Organic Search > Direct > Referral > Direct
JOURNEY-01028,CUST-01028,2025-06-01 04:38:00,2025-06-06 10:23:00,Organic Search,Email,Educational Content,Newsletter,4,3,0,0,0.0,125.75,,,Organic Search > Paid Search > Organic Search > Email
JOURNEY-01029,CUST-01029,2025-05-18 14:07:00,2025-05-18 22:00:00,Display,Referral,Retargeting,Partner Website,2,2,0,0,0.0,7.88,,,Display > Referral
JOURNEY-01030,CUST-01030,2025-06-20 16:18:00,2025-07-07 03:03:00,Direct,Organic Search,Direct Visit,SEO Blog,6,5,0,0,0.0,394.75,,,Direct > Organic Social > Paid Search > Email > Email > Organic Search
JOURNEY-01031,CUST-01031,2025-06-18 12:12:00,2025-06-21 02:13:00,Organic Social,Direct,TikTok Organic,Direct Visit,2,2,0,0,0.0,62.02,,,Organic Social > Direct
JOURNEY-01032,CUST-01032,2025-05-31 10:33:00,2025-06-01 07:16:00,Referral,Email,Customer Referral,Newsletter,2,2,1,1,55.8,20.72,2025-06-01 07:16:00,0.86,Referral > Email
JOURNEY-01033,CUST-01033,2025-05-11 00:23:00,2025-05-23 17:14:00,Paid Social,Direct,LinkedIn Ads,Direct Visit,6,5,0,0,0.0,304.85,,,Paid Social > Referral > Paid Social > Organic Social > Organic Search > Direct
JOURNEY-01034,CUST-01034,2025-03-13 02:32:00,2025-03-15 17:50:00,Display,Paid Social,Banner Campaign,Facebook Ads,2,2,0,0,0.0,63.3,,,Display > Paid Social
JOURNEY-01035,CUST-01035,2025-04-18 10:40:00,2025-04-22 10:00:00,Referral,Email,Partner Website,Welcome Series,2,2,0,0,0.0,95.33,,,Referral > Email
JOURNEY-01036,CUST-01036,2025-02-11 06:22:00,2025-02-13 08:07:00,Email,Display,Welcome Series,Prospecting,2,2,0,0,0.0,49.75,,,Email > Display
JOURNEY-01037,CUST-01037,2025-05-24 23:04:00,2025-05-27 14:14:00,Organic Social,Paid Search,TikTok Organic,Product Search,2,2,1,1,202.5,63.17,2025-05-27 14:14:00,2.63,Organic Social > Paid Search
JOURNEY-01038,CUST-01038,2025-02-24 04:57:00,2025-03-03 16:44:00,Paid Search,Referral,Brand Search,Affiliate,4,3,0,0,0.0,179.78,,,Paid Search > Referral > Organic Search > Referral
JOURNEY-01039,CUST-01039,2025-05-22 00:34:00,2025-06-04 18:12:00,Email,Paid Social,Promotional Email,Facebook Ads,8,5,1,1,171.26,329.63,2025-06-04 18:12:00,13.73,Email > Referral > Display > Email > Display > Direct > Referral > Paid Social
JOURNEY-01040,CUST-01040,2025-03-23 01:57:00,2025-03-26 23:03:00,Paid Search,Referral,Competitor Search,Customer Referral,2,2,0,0,0.0,93.1,,,Paid Search > Referral
JOURNEY-01041,CUST-01041,2025-01-03 05:01:00,2025-01-08 14:39:00,Paid Search,Organic Search,Product Search,Product Pages,3,3,0,0,0.0,129.63,,,Paid Search > Display > Organic Search
JOURNEY-01042,CUST-01042,2025-02-12 04:47:00,2025-02-19 19:46:00,Paid Search,Display,Brand Search,Retargeting,4,3,1,1,58.21,182.98,2025-02-19 19:46:00,7.62,Paid Search > Paid Social > Paid Search > Display
JOURNEY-01043,CUST-01043,2025-02-09 11:48:00,2025-02-09 11:48:00,Paid Search,Paid Search,Product Search,Product Search,1,1,0,0,0.0,0.0,,,Paid Search
JOURNEY-01044,CUST-01044,2025-05-09 04:09:00,2025-05-15 03:53:00,Organic Search,Organic Social,Product Pages,TikTok Organic,4,3,0,0,0.0,143.73,,,Organic Search > Direct > Organic Search > Organic Social
JOURNEY-01045,CUST-01045,2025-02-17 16:12:00,2025-02-21 05:36:00,Direct,Paid Social,Direct Visit,Facebook Ads,3,3,0,0,0.0,85.4,,,Direct > Paid Search > Paid Social
JOURNEY-01046,CUST-01046,2025-02-17 09:26:00,2025-02-24 11:01:00,Referral,Organic Search,Affiliate,SEO Blog,5,5,0,0,0.0,169.58,,,Referral > Paid Search > Direct > Paid Social > Organic Search
JOURNEY-01047,CUST-01047,2025-05-22 05:58:00,2025-06-02 11:54:00,Organic Search,Display,SEO Blog,Prospecting,5,4,1,1,69.84,269.93,2025-06-02 11:54:00,11.25,Organic Search > Email > Organic Search > Paid Search > Display
JOURNEY-01048,CUST-01048,2025-06-23 18:02:00,2025-06-25 04:09:00,Direct,Organic Search,Direct Visit,Educational Content,2,2,0,0,0.0,34.12,,,Direct > Organic Search
JOURNEY-01049,CUST-01049,2025-05-02 14:25:00,2025-05-08 12:06:00,Organic Search,Paid Search,Educational Content,Competitor Search,4,4,0,0,0.0,141.68,,,Organic Search > Email > Display > Paid Search
JOURNEY-01050,CUST-01050,2025-02-13 10:36:00,2025-02-17 09:54:00,Paid Search,Email,Product Search,Welcome Series,2,2,1,1,118.56,95.3,2025-02-17 09:54:00,3.97,Paid Search > Email
JOURNEY-01051,CUST-01051,2025-05-28 00:20:00,2025-06-03 15:02:00,Email,Referral,Newsletter,Customer Referral,4,4,1,1,154.05,158.7,2025-06-03 15:02:00,6.61,Email > Paid Social > Direct > Referral
JOURNEY-01052,CUST-01052,2025-01-05 05:16:00,2025-01-06 18:10:00,Paid Social,Referral,LinkedIn Ads,Partner Website,2,2,0,0,0.0,36.9,,,Paid Social > Referral
JOURNEY-01053,CUST-01053,2025-03-21 22:03:00,2025-03-23 18:19:00,Organic Search,Display,Educational Content,Prospecting,2,2,0,0,0.0,44.27,,,Organic Search > Display
JOURNEY-01054,CUST-01054,2025-04-14 00:11:00,2025-04-16 22:05:00,Organic Search,Referral,Product Pages,Affiliate,3,3,1,1,148.41,69.9,2025-04-16 22:05:00,2.91,Organic Search > Display > Referral
JOURNEY-01055,CUST-01055,2025-04-11 14:51:00,2025-04-19 04:32:00,Email,Direct,Promotional Email,Direct Visit,6,4,1,1,83.41,181.68,2025-04-19 04:32:00,7.57,Email > Paid Search > Direct > Organic Search > Paid Search > Direct
JOURNEY-01056,CUST-01056,2025-06-13 13:23:00,2025-06-21 21:43:00,Organic Search,Organic Search,Product Pages,SEO Blog,5,4,1,1,56.32,200.33,2025-06-21 21:43:00,8.35,Organic Search > Organic Social > Display > Paid Social > Organic Search
JOURNEY-01057,CUST-01057,2025-01-21 00:52:00,2025-01-27 14:04:00,Organic Search,Direct,Product Pages,Direct Visit,5,5,1,1,102.79,157.2,2025-01-27 14:04:00,6.55,Organic Search > Email > Paid Search > Paid Social > Direct
JOURNEY-01058,CUST-01058,2025-05-13 23:24:00,2025-05-18 10:48:00,Organic Social,Paid Social,TikTok Organic,LinkedIn Ads,4,4,0,0,0.0,107.4,,,Organic Social > Direct > Organic Search > Paid Social
JOURNEY-01059,CUST-01059,2025-02-23 07:04:00,2025-03-01 12:56:00,Paid Search,Referral,Product Search,Customer Referral,3,3,1,1,437.31,149.87,2025-03-01 12:56:00,6.24,Paid Search > Direct > Referral
JOURNEY-01060,CUST-01060,2025-04-30 19:48:00,2025-05-18 00:20:00,Organic Search,Referral,Product Pages,Affiliate,7,5,0,0,0.0,412.53,,,Organic Search > Display > Email > Organic Search > Paid Search > Display > Referral
JOURNEY-01061,CUST-01061,2025-04-20 14:54:00,2025-04-25 20:29:00,Organic Search,Direct,Product Pages,Direct Visit,5,3,0,0,0.0,125.58,,,Organic Search > Organic Search > Display > Organic Search > Direct
JOURNEY-01062,CUST-01062,2025-05-14 03:36:00,2025-05-15 15:52:00,Direct,Organic Search,Direct Visit,Product Pages,2,2,0,0,0.0,36.27,,,Direct > Organic Search
JOURNEY-01063,CUST-01063,2025-01-31 13:46:00,2025-02-13 00:04:00,Paid Search,Email,Brand Search,Promotional Email,8,4,1,1,274.51,298.3,2025-02-13 00:04:00,12.43,Paid Search > Email > Paid Social > Referral > Paid Search > Referral > Paid Search > Email
JOURNEY-01064,CUST-01064,2025-02-22 00:11:00,2025-02-27 20:12:00,Email,Organic Search,Newsletter,Product Pages,4,4,0,0,0.0,140.02,,,Email > Referral > Display > Organic Search
JOURNEY-01065,CUST-01065,2025-06-02 20:16:00,2025-06-04 20:50:00,Organic Social,Email,TikTok Organic,Promotional Email,3,3,0,0,0.0,48.57,,,Organic Social > Direct > Email
JOURNEY-01066,CUST-01066,2025-01-29 02:30:00,2025-02-05 19:18:00,Direct,Display,Direct Visit,Banner Campaign,4,4,0,0,0.0,184.8,,,Direct > Organic Search > Paid Search > Display
JOURNEY-01067,CUST-01067,2025-02-20 21:56:00,2025-02-27 06:48:00,Organic Search,Organic Social,Product Pages,LinkedIn Organic,4,3,0,0,0.0,152.87,,,Organic Search > Paid Search > Organic Social > Organic Social
JOURNEY-01068,CUST-01068,2025-02-15 03:13:00,2025-02-16 09:55:00,Display,Referral,Banner Campaign,Partner Website,2,2,0,0,0.0,30.7,,,Display > Referral
JOURNEY-01069,CUST-01069,2025-05-07 04:53:00,2025-05-15 07:09:00,Direct,Organic Search,Direct Visit,Product Pages,4,4,0,0,0.0,194.27,,,Direct > Referral > Paid Search > Organic Search
JOURNEY-01070,CUST-01070,2025-06-14 06:21:00,2025-06-14 10:21:00,Organic Search,Referral,SEO Blog,Partner Website,2,2,0,0,0.0,4.0,,,Organic Search > Referral
JOURNEY-01071,CUST-01071,2025-02-10 05:07:00,2025-02-10 08:38:00,Paid Search,Display,Product Search,Prospecting,2,2,0,0,0.0,3.52,,,Paid Search > Display
JOURNEY-01072,CUST-01072,2025-02-08 22:32:00,2025-02-18 18:54:00,Email,Paid Search,Newsletter,Product Search,5,3,1,1,42.83,236.37,2025-02-18 18:54:00,9.85,Email > Paid Social > Paid Search > Paid Social > Paid Search
JOURNEY-01073,CUST-01073,2025-06-15 19:21:00,2025-06-21 04:24:00,Direct,Paid Search,Direct Visit,Competitor Search,4,3,1,1,167.07,129.05,2025-06-21 04:24:00,5.38,Direct > Organic Search > Organic Search > Paid Search
JOURNEY-01074,CUST-01074,2025-05-17 13:54:00,2025-05-20 19:14:00,Email,Paid Search,Promotional Email,Product Search,2,2,0,0,0.0,77.33,,,Email > Paid Search
JOURNEY-01075,CUST-01075,2025-05-28 14:50:00,2025-05-30 20:22:00,Email,Direct,Newsletter,Direct Visit,3,3,0,0,0.0,53.53,,,Email > Paid Social > Direct
JOURNEY-01076,CUST-01076,2025-01-13 19:31:00,2025-01-13 19:31:00,Email,Email,Promotional Email,Promotional Email,1,1,0,0,0.0,0.0,,,Email
JOURNEY-01077,CUST-01077,2025-03-17 02:17:00,2025-03-25 17:10:00,Paid Social,Email,LinkedIn Ads,Newsletter,6,3,0,0,0.0,206.88,,,Paid Social > Email > Display > Display > Paid Social > Email
JOURNEY-01078,CUST-01078,2025-02-26 13:06:00,2025-03-01 22:24:00,Paid Search,Paid Social,Brand Search,LinkedIn Ads,3,3,0,0,0.0,81.3,,,Paid Search > Organic Social > Paid Social
JOURNEY-01079,CUST-01079,2025-04-30 14:21:00,2025-05-06 04:12:00,Paid Search,Display,Competitor Search,Prospecting,4,4,0,0,0.0,133.85,,,Paid Search > Direct > Paid Social > Display
JOURNEY-01080,CUST-01080,2025-06-01 05:22:00,2025-06-01 05:22:00,Organic Social,Organic Social,Instagram Organic,Instagram Organic,1,1,1,1,73.47,0.0,2025-06-01 05:22:00,0.0,Organic Social
JOURNEY-01081,CUST-01081,2025-02-11 08:43:00,2025-02-14 23:56:00,Paid Search,Direct,Competitor Search,Direct Visit,3,3,1,1,143.54,87.22,2025-02-14 23:56:00,3.63,Paid Search > Organic Social > Direct
JOURNEY-01082,CUST-01082,2025-04-19 07:40:00,2025-05-01 03:10:00,Paid Search,Paid Search,Product Search,Competitor Search,6,4,0,0,0.0,283.5,,,Paid Search > Direct > Organic Search > Direct > Paid Social > Paid Search
JOURNEY-01083,CUST-01083,2025-04-11 16:28:00,2025-04-13 23:57:00,Paid Search,Organic Search,Product Search,SEO Blog,2,2,0,0,0.0,55.48,,,Paid Search > Organic Search
JOURNEY-01084,CUST-01084,2025-06-24 20:26:00,2025-06-26 08:41:00,Paid Search,Paid Search,Brand Search,Product Search,3,2,0,0,0.0,36.25,,,Paid Search > Organic Search > Paid Search
JOURNEY-01085,CUST-01085,2025-03-17 02:00:00,2025-03-17 02:00:00,Referral,Referral,Affiliate,Affiliate,1,1,0,0,0.0,0.0,,,Referral
JOURNEY-01086,CUST-01086,2025-01-13 20:32:00,2025-01-15 12:33:00,Organic Social,Email,LinkedIn Organic,Newsletter,2,2,0,0,0.0,40.02,,,Organic Social > Email
JOURNEY-01087,CUST-01087,2025-04-19 23:38:00,2025-04-24 21:47:00,Organic Search,Display,Educational Content,Banner Campaign,3,3,0,0,0.0,118.15,,,Organic Search > Email > Display
JOURNEY-01088,CUST-01088,2025-04-14 14:44:00,2025-04-20 09:07:00,Organic Search,Referral,SEO Blog,Affiliate,3,2,0,0,0.0,138.38,,,Organic Search > Organic Search > Referral
JOURNEY-01089,CUST-01089,2025-04-13 19:22:00,2025-04-13 19:22:00,Display,Display,Prospecting,Prospecting,1,1,0,0,0.0,0.0,,,Display
JOURNEY-01090,CUST-01090,2025-03-02 14:21:00,2025-03-08 15:54:00,Organic Social,Paid Social,LinkedIn Organic,LinkedIn Ads,4,4,0,0,0.0,145.55,,,Organic Social > Organic Search > Display > Paid Social
JOURNEY-01091,CUST-01091,2025-04-20 20:32:00,2025-04-20 20:32:00,Organic Social,Organic Social,LinkedIn Organic,LinkedIn Organic,1,1,0,0,0.0,0.0,,,Organic Social
JOURNEY-01092,CUST-01092,2025-03-02 13:41:00,2025-03-13 15:23:00,Organic Social,Organic Social,Instagram Organic,Instagram Organic,5,4,0,0,0.0,265.7,,,Organic Social > Display > Direct > Paid Social > Organic Social
JOURNEY-01093,CUST-01093,2025-03-08 14:28:00,2025-03-11 10:42:00,Organic Search,Referral,Product Pages,Partner Website,3,3,0,0,0.0,68.23,,,Organic Search > Organic Social > Referral
JOURNEY-01094,CUST-01094,2025-05-20 06:04:00,2025-05-20 06:04:00,Paid Social,Paid Social,Instagram Ads,Instagram Ads,1,1,0,0,0.0,0.0,,,Paid Social
JOURNEY-01095,CUST-01095,2025-05-02 02:26:00,2025-05-02 02:26:00,Organic Social,Organic Social,TikTok Organic,TikTok Organic,1,1,0,0,0.0,0.0,,,Organic Social
JOURNEY-01096,CUST-01096,2025-01-28 15:32:00,2025-01-29 18:12:00,Paid Search,Organic Search,Product Search,Educational Content,2,2,0,0,0.0,26.67,,,Paid Search > Organic Search
JOURNEY-01097,CUST-01097,2025-02-23 18:07:00,2025-02-28 05:14:00,Referral,Paid Social,Partner Website,LinkedIn Ads,3,3,0,0,0.0,107.12,,,Referral > Paid Search > Paid Social
JOURNEY-01098,CUST-01098,2025-02-14 19:41:00,2025-02-20 09:54:00,Email,Organic Search,Promotional Email,Product Pages,3,3,0,0,0.0,134.22,,,Email > Direct > Organic Search
JOURNEY-01099,CUST-01099,2025-05-09 15:59:00,2025-05-16 16:23:00,Direct,Referral,Direct Visit,Customer Referral,3,3,1,1,61.87,168.4,2025-05-16 16:23:00,7.02,Direct > Email > Referral
JOURNEY-01100,CUST-01100,2025-05-06 16:18:00,2025-05-21 10:14:00,Direct,Email,Direct Visit,Welcome Series,7,5,0,0,0.0,353.93,,,Direct > Organic Search > Display > Paid Search > Display > Organic Search > Email
JOURNEY-01101,CUST-01101,2025-02-23 15:45:00,2025-03-05 03:07:00,Display,Direct,Prospecting,Direct Visit,5,5,0,0,0.0,227.37,,,Display > Paid Search > Referral > Organic Search > Direct
JOURNEY-01102,CUST-01102,2025-02-11 11:34:00,2025-02-15 09:25:00,Paid Search,Display,Brand Search,Prospecting,3,3,1,1,283.7,93.85,2025-02-15 09:25:00,3.91,Paid Search > Paid Social > Display
JOURNEY-01103,CUST-01103,2025-05-03 06:07:00,2025-05-11 19:16:00,Paid Search,Email,Product Search,Promotional Email,7,5,0,0,0.0,205.15,,,Paid Search > Email > Display > Paid Search > Organic Social > Organic Search > Email
JOURNEY-01104,CUST-01104,2025-01-06 07:44:00,2025-01-06 07:44:00,Organic Search,Organic Search,Product Pages,Product Pages,1,1,0,0,0.0,0.0,,,Organic Search
JOURNEY-01105,CUST-01105,2025-01-02 08:27:00,2025-01-09 23:07:00,Display,Referral,Prospecting,Affiliate,4,3,0,0,0.0,182.67,,,Display > Organic Search > Organic Search > Referral
JOURNEY-01106,CUST-01106,2025-02-22 21:30:00,2025-02-26 19:16:00,Direct,Direct,Direct Visit,Direct Visit,3,2,0,0,0.0,93.77,,,Direct > Display > Direct
JOURNEY-01107,CUST-01107,2025-01-26 18:30:00,2025-01-29 17:06:00,Paid Social,Paid Search,Facebook Ads,Product Search,2,2,0,0,0.0,70.6,,,Paid Social > Paid Search
JOURNEY-01108,CUST-01108,2025-02-25 00:54:00,2025-03-07 11:21:00,Paid Search,Organic Social,Brand Search,TikTok Organic,5,5,0,0,0.0,250.45,,,Paid Search > Organic Search > Direct > Email > Organic Social
JOURNEY-01109,CUST-01109,2025-04-01 19:44:00,2025-04-06 10:07:00,Organic Search,Organic Search,Educational Content,SEO Blog,4,3,0,0,0.0,110.38,,,Organic Search > Paid Search > Display > Organic Search
JOURNEY-01110,CUST-01110,2025-04-20 02:14:00,2025-04-22 03:11:00,Direct,Display,Direct Visit,Prospecting,2,2,0,0,0.0,48.95,,,Direct > Display
JOURNEY-01111,CUST-01111,2025-05-17 23:56:00,2025-05-22 16:45:00,Email,Paid Search,Welcome Series,Competitor Search,3,3,0,0,0.0,112.82,,,Email > Referral > Paid Search
JOURNEY-01112,CUST-01112,2025-03-24 09:27:00,2025-03-25 04:40:00,Paid Social,Display,Instagram Ads,Retargeting,3,2,0,0,0.0,19.22,,,Paid Social > Paid Social > Display
JOURNEY-01113,CUST-01113,2025-05-19 00:37:00,2025-05-26 16:38:00,Referral,Organic Social,Partner Website,LinkedIn Organic,4,4,0,0,0.0,184.02,,,Referral > Display > Paid Search > Organic Social
JOURNEY-01114,CUST-01114,2025-06-07 19:44:00,2025-06-10 09:31:00,Paid Social,Organic Search,Facebook Ads,Product Pages,3,3,0,0,0.0,61.78,,,Paid Social > Direct > Organic Search
JOURNEY-01115,CUST-01115,2025-04-26 21:01:00,2025-04-27 12:00:00,Paid Search,Paid Social,Product Search,Instagram Ads,2,2,0,0,0.0,14.98,,,Paid Search > Paid Social
JOURNEY-01116,CUST-01116,2025-04-21 17:50:00,2025-04-22 17:06:00,Organic Social,Direct,Instagram Organic,Direct Visit,4,3,0,0,0.0,23.27,,,Organic Social > Direct > Paid Social > Direct
JOURNEY-01117,CUST-01117,2025-06-24 04:46:00,2025-07-04 00:12:00,Paid Social,Referral,Instagram Ads,Affiliate,4,4,0,0,0.0,235.43,,,Paid Social > Paid Search > Organic Search > Referral
JOURNEY-01118,CUST-01118,2025-03-23 21:47:00,2025-03-28 13:23:00,Referral,Paid Social,Partner Website,LinkedIn Ads,3,3,0,0,0.0,111.6,,,Referral > Organic Search > Paid Social
JOURNEY-01119,CUST-01119,2025-04-30 13:41:00,2025-04-30 13:41:00,Direct,Direct,Direct Visit,Direct Visit,1,1,0,0,0.0,0.0,,,Direct
JOURNEY-01120,CUST-01120,2025-06-26 02:19:00,2025-06-29 20:24:00,Organic Search,Referral,Educational Content,Customer Referral,3,3,0,0,0.0,90.08,,,Organic Search > Paid Social > Referral
JOURNEY-01121,CUST-01121,2025-02-05 10:29:00,2025-02-05 10:29:00,Referral,Referral,Affiliate,Affiliate,1,1,0,0,0.0,0.0,,,Referral
JOURNEY-01122,CUST-01122,2025-02-04 01:43:00,2025-02-12 16:14:00,Direct,Paid Search,Direct Visit,Brand Search,5,4,0,0,0.0,206.52,,,Direct > Display > Display > Organic Search > Paid Search
JOURNEY-01123,CUST-01123,2025-02-09 13:35:00,2025-02-09 13:35:00,Organic Search,Organic Search,SEO Blog,SEO Blog,1,1,0,0,0.0,0.0,,,Organic Search
JOURNEY-01124,CUST-01124,2025-02-21 01:42:00,2025-02-26 18:38:00,Paid Search,Paid Search,Competitor Search,Competitor Search,3,2,0,0,0.0,136.93,,,Paid Search > Organic Social > Paid Search
JOURNEY-01125,CUST-01125,2025-02-06 17:23:00,2025-02-10 05:53:00,Paid Search,Paid Social,Product Search,Facebook Ads,4,3,1,1,99.99,84.5,2025-02-10 05:53:00,3.52,Paid Search > Paid Social > Organic Search > Paid Social
JOURNEY-01126,CUST-01126,2025-06-29 13:14:00,2025-07-04 18:44:00,Organic Social,Direct,TikTok Organic,Direct Visit,4,3,0,0,0.0,125.5,,,Organic Social > Paid Social > Paid Social > Direct
JOURNEY-01127,CUST-01127,2025-01-28 08:16:00,2025-02-03 08:27:00,Direct,Organic Search,Direct Visit,SEO Blog,3,3,0,0,0.0,144.18,,,Direct > Paid Social > Organic Search
JOURNEY-01128,CUST-01128,2025-02-14 03:23:00,2025-02-27 05:47:00,Referral,Organic Social,Customer Referral,TikTok Organic,7,6,1,1,104.78,314.4,2025-02-27 05:47:00,13.1,Referral > Email > Referral > Paid Social > Display > Organic Search > Organic Social
JOURNEY-01129,CUST-01129,2025-04-24 07:29:00,2025-04-29 21:23:00,Organic Search,Paid Social,Educational Content,Facebook Ads,5,4,0,0,0.0,133.9,,,Organic Search > Display > Paid Search > Organic Search > Paid Social
JOURNEY-01130,CUST-01130,2025-01-20 11:46:00,2025-01-20 22:28:00,Paid Search,Organic Social,Product Search,Instagram Organic,2,2,0,0,0.0,10.7,,,Paid Search > Organic Social
JOURNEY-01131,CUST-01131,2025-04-01 13:04:00,2025-04-02 21:58:00,Email,Display,Newsletter,Banner Campaign,3,3,0,0,0.0,32.9,,,Email > Paid Search > Display
JOURNEY-01132,CUST-01132,2025-03-01 04:36:00,2025-03-04 11:47:00,Organic Search,Paid Search,Product Pages,Competitor Search,2,2,0,0,0.0,79.18,,,Organic Search > Paid Search
JOURNEY-01133,CUST-01133,2025-03-16 05:54:00,2025-03-25 15:20:00,Email,Display,Newsletter,Banner Campaign,4,4,0,0,0.0,225.43,,,Email > Organic Search > Paid Search > Display
JOURNEY-01134,CUST-01134,2025-03-03 17:12:00,2025-03-05 00:51:00,Organic Search,Organic Social,SEO Blog,Instagram Organic,3,3,0,0,0.0,31.65,,,Organic Search > Email > Organic Social
JOURNEY-01135,CUST-01135,2025-06-12 06:15:00,2025-06-14 12:16:00,Email,Organic Social,Promotional Email,LinkedIn Organic,2,2,0,0,0.0,54.02,,,Email > Organic Social
JOURNEY-01136,CUST-01136,2025-03-02 04:21:00,2025-03-12 09:28:00,Organic Social,Paid Social,Instagram Organic,LinkedIn Ads,5,5,0,0,0.0,245.12,,,Organic Social > Email > Paid Search > Organic Search > Paid Social
JOURNEY-01137,CUST-01137,2025-03-10 15:00:00,2025-03-12 06:36:00,Paid Search,Referral,Competitor Search,Customer Referral,2,2,1,1,259.41,39.6,2025-03-12 06:36:00,1.65,Paid Search > Referral
JOURNEY-01138,CUST-01138,2025-02-12 21:42:00,2025-02-21 04:02:00,Paid Search,Organic Social,Competitor Search,LinkedIn Organic,4,3,0,0,0.0,198.33,,,Paid Search > Display > Paid Search > Organic Social
JOURNEY-01139,CUST-01139,2025-03-25 19:58:00,2025-04-01 19:13:00,Email,Paid Search,Welcome Series,Competitor Search,3,3,0,0,0.0,167.25,,,Email > Direct > Paid Search
JOURNEY-01140,CUST-01140,2025-02-24 05:16:00,2025-03-06 21:24:00,Direct,Organic Search,Direct Visit,SEO Blog,5,3,0,0,0.0,256.13,,,Direct > Direct > Paid Social > Direct > Organic Search
JOURNEY-01141,CUST-01141,2025-02-18 12:39:00,2025-02-23 19:58:00,Direct,Referral,Direct Visit,Customer Referral,4,4,1,1,99.94,127.32,2025-02-23 19:58:00,5.3,Direct > Display > Paid Social > Referral
JOURNEY-01142,CUST-01142,2025-05-17 02:44:00,2025-05-20 18:38:00,Paid Search,Organic Search,Brand Search,Educational Content,3,3,1,1,209.28,87.9,2025-05-20 18:38:00,3.66,Paid Search > Organic Social > Organic Search
JOURNEY-01143,CUST-01143,2025-04-19 06:59:00,2025-04-30 22:06:00,Paid Social,Organic Social,Instagram Ads,LinkedIn Organic,6,5,1,1,331.88,279.12,2025-04-30 22:06:00,11.63,Paid Social > Direct > Organic Search > Email > Direct > Organic Social
JOURNEY-01144,CUST-01144,2025-01-14 05:37:00,2025-01-19 21:24:00,Email,Email,Newsletter,Promotional Email,3,2,0,0,0.0,135.78,,,Email > Organic Social > Email
JOURNEY-01145,CUST-01145,2025-06-26 20:23:00,2025-06-29 11:02:00,Direct,Email,Direct Visit,Newsletter,2,2,1,1,92.02,62.65,2025-06-29 11:02:00,2.61,Direct > Email
JOURNEY-01146,CUST-01146,2025-05-02 02:59:00,2025-05-11 22:25:00,Display,Paid Search,Prospecting,Brand Search,5,4,0,0,0.0,235.43,,,Display > Direct > Paid Search > Organic Search > Paid Search
JOURNEY-01147,CUST-01147,2025-01-29 17:46:00,2025-02-05 21:17:00,Email,Email,Welcome Series,Welcome Series,5,3,0,0,0.0,171.52,,,Email > Organic Search > Paid Search > Email > Email
JOURNEY-01148,CUST-01148,2025-06-12 17:12:00,2025-06-17 07:25:00,Paid Search,Email,Competitor Search,Newsletter,5,3,0,0,0.0,110.22,,,Paid Search > Paid Social > Email > Paid Social > Email
JOURNEY-01149,CUST-01149,2025-02-17 20:45:00,2025-02-27 16:48:00,Paid Social,Paid Search,Instagram Ads,Brand Search,5,4,0,0,0.0,236.05,,,Paid Social > Paid Search > Display > Organic Search > Paid Search
JOURNEY-01150,CUST-01150,2025-05-31 14:43:00,2025-06-04 05:21:00,Paid Search,Organic Search,Competitor Search,SEO Blog,2,2,0,0,0.0,86.63,,,Paid Search > Organic Search
JOURNEY-01151,CUST-01151,2025-05-28 14:53:00,2025-05-29 05:55:00,Direct,Email,Direct Visit,Promotional Email,2,2,0,0,0.0,15.03,,,Direct > Email
JOURNEY-01152,CUST-01152,2025-01-01 08:02:00,2025-01-04 06:02:00,Organic Search,Paid Search,SEO Blog,Product Search,5,4,0,0,0.0,70.0,,,Organic Search > Direct > Organic Search > Paid Social > Paid Search
JOURNEY-01153,CUST-01153,2025-05-24 08:13:00,2025-05-25 02:03:00,Display,Paid Social,Banner Campaign,LinkedIn Ads,2,2,1,1,93.27,17.83,2025-05-25 02:03:00,0.74,Display > Paid Social
JOURNEY-01154,CUST-01154,2025-02-22 20:58:00,2025-02-25 04:36:00,Organic Search,Direct,SEO Blog,Direct Visit,2,2,0,0,0.0,55.63,,,Organic Search > Direct
JOURNEY-01155,CUST-01155,2025-05-04 21:54:00,2025-05-04 21:54:00,Paid Social,Paid Social,LinkedIn Ads,LinkedIn Ads,1,1,0,0,0.0,0.0,,,Paid Social
JOURNEY-01156,CUST-01156,2025-03-15 20:24:00,2025-03-19 06:50:00,Paid Search,Organic Search,Brand Search,Product Pages,3,3,0,0,0.0,82.43,,,Paid Search > Referral > Organic Search
JOURNEY-01157,CUST-01157,2025-01-08 18:44:00,2025-01-16 20:24:00,Organic Search,Email,Educational Content,Newsletter,4,3,0,0,0.0,193.67,,,Organic Search > Paid Search > Organic Search > Email
JOURNEY-01158,CUST-01158,2025-05-21 02:05:00,2025-06-04 18:38:00,Organic Search,Paid Social,Educational Content,Facebook Ads,7,6,0,0,0.0,352.55,,,Organic Search > Direct > Organic Search > Paid Search > Organic Social > Display > Paid Social
JOURNEY-01159,CUST-01159,2025-01-26 22:06:00,2025-02-01 10:58:00,Paid Social,Organic Search,LinkedIn Ads,Educational Content,4,3,0,0,0.0,132.87,,,Paid Social > Email > Paid Social > Organic Search
JOURNEY-01160,CUST-01160,2025-06-22 18:08:00,2025-06-29 16:41:00,Organic Social,Direct,LinkedIn Organic,Direct Visit,4,4,0,0,0.0,166.55,,,Organic Social > Organic Search > Email > Direct
JOURNEY-01161,CUST-01161,2025-04-02 18:47:00,2025-04-02 18:47:00,Referral,Referral,Partner Website,Partner Website,1,1,0,0,0.0,0.0,,,Referral
JOURNEY-01162,CUST-01162,2025-05-27 02:43:00,2025-06-04 00:53:00,Email,Email,Promotional Email,Welcome Series,4,3,0,0,0.0,190.17,,,Email > Organic Social > Organic Search > Email
JOURNEY-01163,CUST-01163,2025-05-11 14:25:00,2025-05-13 23:15:00,Paid Social,Organic Search,Facebook Ads,Educational Content,3,3,1,1,115.6,56.83,2025-05-13 23:15:00,2.37,Paid Social > Direct > Organic Search
JOURNEY-01164,CUST-01164,2025-02-26 20:54:00,2025-03-01 16:30:00,Direct,Paid Search,Direct Visit,Product Search,2,2,0,0,0.0,67.6,,,Direct > Paid Search
JOURNEY-01165,CUST-01165,2025-02-15 04:19:00,2025-02-15 21:09:00,Paid Search,Paid Social,Competitor Search,Instagram Ads,2,2,0,0,0.0,16.83,,,Paid Search > Paid Social
JOURNEY-01166,CUST-01166,2025-01-12 08:38:00,2025-01-15 12:59:00,Organic Search,Referral,Educational Content,Customer Referral,2,2,0,0,0.0,76.35,,,Organic Search > Referral
JOURNEY-01167,CUST-01167,2025-05-08 01:04:00,2025-05-09 12:00:00,Organic Search,Direct,SEO Blog,Direct Visit,2,2,0,0,0.0,34.93,,,Organic Search > Direct
JOURNEY-01168,CUST-01168,2025-06-28 05:39:00,2025-07-10 01:31:00,Organic Search,Paid Social,Educational Content,LinkedIn Ads,5,4,0,0,0.0,283.87,,,Organic Search > Paid Search > Paid Social > Organic Social > Paid Social
JOURNEY-01169,CUST-01169,2025-04-16 19:23:00,2025-04-18 06:29:00,Paid Search,Organic Search,Competitor Search,SEO Blog,2,2,0,0,0.0,35.1,,,Paid Search > Organic Search
JOURNEY-01170,CUST-01170,2025-04-24 14:22:00,2025-05-02 01:39:00,Display,Organic Search,Prospecting,SEO Blog,3,3,0,0,0.0,179.28,,,Display > Direct > Organic Search
JOURNEY-01171,CUST-01171,2025-01-11 01:53:00,2025-01-17 19:23:00,Organic Search,Organic Search,SEO Blog,Product Pages,3,2,0,0,0.0,161.5,,,Organic Search > Direct > Organic Search
JOURNEY-01172,CUST-01172,2025-02-21 08:57:00,2025-02-23 06:51:00,Paid Social,Email,Instagram Ads,Welcome Series,2,2,1,1,78.77,45.9,2025-02-23 06:51:00,1.91,Paid Social > Email
JOURNEY-01173,CUST-01173,2025-03-16 20:22:00,2025-03-26 06:44:00,Direct,Organic Social,Direct Visit,Instagram Organic,6,5,0,0,0.0,226.37,,,Direct > Referral > Paid Search > Paid Social > Organic Social > Organic Social
JOURNEY-01174,CUST-01174,2025-02-09 02:38:00,2025-02-19 16:32:00,Direct,Organic Search,Direct Visit,Educational Content,6,4,0,0,0.0,253.9,,,Direct > Organic Search > Display > Referral > Direct > Organic Search
JOURNEY-01175,CUST-01175,2025-06-08 10:01:00,2025-06-19 11:23:00,Direct,Paid Social,Direct Visit,Instagram Ads,6,4,1,1,170.58,265.37,2025-06-19 11:23:00,11.06,Direct > Email > Paid Social > Email > Organic Search > Paid Social
JOURNEY-01176,CUST-01176,2025-05-20 17:42:00,2025-05-28 13:56:00,Display,Direct,Retargeting,Direct Visit,3,3,1,1,482.12,188.23,2025-05-28 13:56:00,7.84,Display > Organic Search > Direct
JOURNEY-01177,CUST-01177,2025-05-15 01:52:00,2025-05-20 19:55:00,Referral,Email,Partner Website,Welcome Series,5,4,0,0,0.0,138.05,,,Referral > Direct > Direct > Organic Search > Email
JOURNEY-01178,CUST-01178,2025-02-17 02:00:00,2025-02-18 08:19:00,Display,Email,Banner Campaign,Newsletter,2,2,1,1,182.77,30.32,2025-02-18 08:19:00,1.26,Display > Email
JOURNEY-01179,CUST-01179,2025-02-04 04:09:00,2025-02-11 05:47:00,Direct,Direct,Direct Visit,Direct Visit,4,3,1,1,273.01,169.63,2025-02-11 05:47:00,7.07,Direct > Referral > Email > Direct
JOURNEY-01180,CUST-01180,2025-05-10 10:47:00,2025-05-14 21:31:00,Organic Social,Organic Social,TikTok Organic,TikTok Organic,3,2,1,1,212.01,106.73,2025-05-14 21:31:00,4.45,Organic Social > Paid Social > Organic Social
JOURNEY-01181,CUST-01181,2025-01-15 12:49:00,2025-01-24 06:29:00,Organic Social,Paid Search,TikTok Organic,Competitor Search,4,3,0,0,0.0,209.67,,,Organic Social > Paid Search > Email > Paid Search
JOURNEY-01182,CUST-01182,2025-01-25 09:28:00,2025-01-31 15:08:00,Display,Email,Prospecting,Welcome Series,5,5,1,1,122.0,149.67,2025-01-31 15:08:00,6.24,Display > Organic Search > Paid Search > Paid Social > Email
JOURNEY-01183,CUST-01183,2025-03-19 13:46:00,2025-03-27 00:08:00,Organic Social,Paid Social,LinkedIn Organic,LinkedIn Ads,6,5,0,0,0.0,178.37,,,Organic Social > Email > Direct > Paid Search > Direct > Paid Social
JOURNEY-01184,CUST-01184,2025-03-23 16:40:00,2025-03-28 22:59:00,Paid Search,Email,Product Search,Welcome Series,4,4,0,0,0.0,126.32,,,Paid Search > Organic Search > Direct > Email
JOURNEY-01185,CUST-01185,2025-02-01 23:00:00,2025-02-04 03:52:00,Organic Social,Paid Search,TikTok Organic,Product Search,3,3,0,0,0.0,52.87,,,Organic Social > Referral > Paid Search
JOURNEY-01186,CUST-01186,2025-06-15 02:55:00,2025-06-22 17:46:00,Organic Search,Direct,Educational Content,Direct Visit,5,4,0,0,0.0,182.85,,,Organic Search > Paid Social > Organic Social > Organic Search > Direct
JOURNEY-01187,CUST-01187,2025-05-01 01:44:00,2025-05-07 05:03:00,Organic Social,Paid Social,Instagram Organic,Facebook Ads,4,4,0,0,0.0,147.32,,,Organic Social > Display > Paid Search > Paid Social
JOURNEY-01188,CUST-01188,2025-06-22 14:36:00,2025-07-03 08:11:00,Referral,Paid Social,Partner Website,Facebook Ads,7,5,0,0,0.0,257.58,,,Referral > Email > Paid Search > Direct > Email > Direct > Paid Social
JOURNEY-01189,CUST-01189,2025-05-01 06:22:00,2025-05-12 23:26:00,Email,Direct,Newsletter,Direct Visit,6,6,1,1,132.5,281.07,2025-05-12 23:26:00,11.71,Email > Paid Social > Display > Organic Search > Organic Social > Direct
JOURNEY-01190,CUST-01190,2025-04-06 02:28:00,2025-04-09 19:22:00,Organic Search,Paid Search,Educational Content,Product Search,3,3,0,0,0.0,88.9,,,Organic Search > Direct > Paid Search
JOURNEY-01191,CUST-01191,2025-01-15 16:47:00,2025-01-24 03:43:00,Email,Organic Search,Welcome Series,Educational Content,7,5,0,0,0.0,202.93,,,Email > Organic Social > Direct > Paid Social > Email > Paid Social > Organic Search
JOURNEY-01192,CUST-01192,2025-05-19 04:18:00,2025-05-27 11:37:00,Direct,Direct,Direct Visit,Direct Visit,5,4,0,0,0.0,199.32,,,Direct > Paid Search > Paid Social > Email > Direct
JOURNEY-01193,CUST-01193,2025-02-26 03:46:00,2025-03-06 22:55:00,Paid Search,Direct,Product Search,Direct Visit,5,5,0,0,0.0,211.15,,,Paid Search > Display > Referral > Organic Social > Direct
JOURNEY-01194,CUST-01194,2025-02-21 08:12:00,2025-03-02 04:59:00,Paid Search,Organic Search,Competitor Search,Educational Content,6,4,1,1,105.07,212.78,2025-03-02 04:59:00,8.87,Paid Search > Organic Search > Paid Social > Referral > Paid Search > Organic Search
JOURNEY-01195,CUST-01195,2025-01-15 15:28:00,2025-01-25 23:18:00,Paid Social,Email,Instagram Ads,Promotional Email,4,3,0,0,0.0,247.83,,,Paid Social > Organic Search > Paid Social > Email
JOURNEY-01196,CUST-01196,2025-04-23 15:44:00,2025-04-25 02:22:00,Organic Search,Referral,Educational Content,Customer Referral,3,3,0,0,0.0,34.63,,,Organic Search > Paid Search > Referral
JOURNEY-01197,CUST-01197,2025-05-23 14:11:00,2025-05-25 08:05:00,Paid Social,Paid Search,Facebook Ads,Competitor Search,3,3,0,0,0.0,41.9,,,Paid Social > Email > Paid Search
JOURNEY-01198,CUST-01198,2025-03-25 22:58:00,2025-04-11 08:02:00,Email,Direct,Promotional Email,Direct Visit,7,5,0,0,0.0,393.07,,,Email > Organic Search > Referral > Organic Social > Direct > Email > Direct
JOURNEY-01199,CUST-01199,2025-04-04 01:43:00,2025-04-05 07:11:00,Email,Organic Social,Newsletter,LinkedIn Organic,2,2,0,0,0.0,29.47,,,Email > Organic Social
JOURNEY-01200,CUST-01200,2025-01-29 14:20:00,2025-01-31 22:13:00,Display,Paid Social,Prospecting,LinkedIn Ads,5,5,0,0,0.0,55.88,,,Display > Direct > Email > Referral > Paid Social
JOURNEY-01201,CUST-01201,2025-03-09 23:43:00,2025-03-14 23:30:00,Display,Paid Social,Retargeting,LinkedIn Ads,5,5,0,0,0.0,119.78,,,Display > Referral > Email > Organic Search > Paid Social
JOURNEY-01202,CUST-01202,2025-02-28 12:31:00,2025-03-08 11:38:00,Paid Social,Referral,LinkedIn Ads,Customer Referral,4,4,0,0,0.0,191.12,,,Paid Social > Display > Organic Social > Referral
JOURNEY-01203,CUST-01203,2025-02-20 18:15:00,2025-02-27 21:51:00,Paid Social,Email,LinkedIn Ads,Newsletter,5,4,1,1,84.52,171.6,2025-02-27 21:51:00,7.15,Paid Social > Email > Paid Search > Organic Search > Email
JOURNEY-01204,CUST-01204,2025-05-26 03:56:00,2025-05-29 01:21:00,Email,Paid Search,Welcome Series,Product Search,3,3,0,0,0.0,69.42,,,Email > Direct > Paid Search
JOURNEY-01205,CUST-01205,2025-01-21 08:52:00,2025-01-28 15:29:00,Email,Organic Search,Promotional Email,Educational Content,4,2,0,0,0.0,174.62,,,Email > Organic Search > Email > Organic Search
JOURNEY-01206,CUST-01206,2025-06-29 10:24:00,2025-07-01 05:33:00,Paid Search,Paid Search,Brand Search,Product Search,3,2,0,0,0.0,43.15,,,Paid Search > Display > Paid Search
JOURNEY-01207,CUST-01207,2025-05-26 11:26:00,2025-06-01 00:15:00,Organic Search,Paid Search,SEO Blog,Competitor Search,3,3,0,0,0.0,132.82,,,Organic Search > Display > Paid Search
JOURNEY-01208,CUST-01208,2025-03-06 19:20:00,2025-03-09 14:28:00,Organic Search,Email,Product Pages,Welcome Series,2,2,0,0,0.0,67.13,,,Organic Search > Email
JOURNEY-01209,CUST-01209,2025-06-15 18:04:00,2025-06-28 07:01:00,Paid Social,Organic Search,Facebook Ads,Product Pages,7,6,0,0,0.0,300.95,,,Paid Social > Email > Paid Search > Email > Direct > Display > Organic Search
JOURNEY-01210,CUST-01210,2025-05-05 22:15:00,2025-05-10 09:06:00,Referral,Organic Social,Affiliate,TikTok Organic,4,3,1,1,117.86,106.85,2025-05-10 09:06:00,4.45,Referral > Paid Search > Referral > Organic Social
JOURNEY-01211,CUST-01211,2025-06-14 20:27:00,2025-06-17 02:41:00,Organic Search,Organic Social,Educational Content,TikTok Organic,3,3,0,0,0.0,54.23,,,Organic Search > Referral > Organic Social
JOURNEY-01212,CUST-01212,2025-04-07 20:41:00,2025-04-11 05:29:00,Organic Search,Paid Search,Product Pages,Product Search,3,3,0,0,0.0,80.8,,,Organic Search > Paid Social > Paid Search
JOURNEY-01213,CUST-01213,2025-01-13 09:30:00,2025-01-17 11:02:00,Organic Search,Paid Search,SEO Blog,Brand Search,4,3,1,1,64.2,97.53,2025-01-17 11:02:00,4.06,Organic Search > Paid Search > Paid Social > Paid Search
JOURNEY-01214,CUST-01214,2025-06-02 13:52:00,2025-06-05 15:39:00,Direct,Paid Social,Direct Visit,Instagram Ads,2,2,0,0,0.0,73.78,,,Direct > Paid Social
JOURNEY-01215,CUST-01215,2025-05-06 01:25:00,2025-05-12 21:28:00,Paid Search,Paid Social,Competitor Search,LinkedIn Ads,4,3,1,1,67.07,164.05,2025-05-12 21:28:00,6.84,Paid Search > Paid Social > Organic Social > Paid Social
JOURNEY-01216,CUST-01216,2025-06-20 21:17:00,2025-06-24 15:48:00,Organic Social,Paid Social,LinkedIn Organic,LinkedIn Ads,4,3,0,0,0.0,90.52,,,Organic Social > Referral > Organic Social > Paid Social
JOURNEY-01217,CUST-01217,2025-03-16 01:22:00,2025-03-16 01:22:00,Email,Email,Newsletter,Newsletter,1,1,0,0,0.0,0.0,,,Email
JOURNEY-01218,CUST-01218,2025-02-17 09:13:00,2025-02-22 20:20:00,Direct,Organic Search,Direct Visit,SEO Blog,3,3,0,0,0.0,131.12,,,Direct > Organic Social > Organic Search
JOURNEY-01219,CUST-01219,2025-06-08 08:50:00,2025-06-08 08:50:00,Display,Display,Banner Campaign,Banner Campaign,1,1,0,0,0.0,0.0,,,Display
JOURNEY-01220,CUST-01220,2025-03-30 01:25:00,2025-04-06 03:24:00,Display,Organic Search,Retargeting,Product Pages,5,4,0,0,0.0,169.98,,,Display > Organic Social > Display > Paid Social > Organic Search
JOURNEY-01221,CUST-01221,2025-02-06 09:13:00,2025-02-20 08:18:00,Paid Search,Paid Search,Brand Search,Competitor Search,6,3,0,0,0.0,335.08,,,Paid Search > Email > Organic Social > Email > Paid Search > Paid Search
JOURNEY-01222,CUST-01222,2025-06-14 09:28:00,2025-06-20 06:19:00,Direct,Organic Social,Direct Visit,TikTok Organic,3,3,0,0,0.0,140.85,,,Direct > Paid Search > Organic Social
JOURNEY-01223,CUST-01223,2025-03-09 18:46:00,2025-03-22 06:14:00,Paid Search,Organic Search,Product Search,Educational Content,5,3,0,0,0.0,299.47,,,Paid Search > Organic Search > Paid Social > Paid Search > Organic Search
JOURNEY-01224,CUST-01224,2025-03-15 02:24:00,2025-03-21 16:11:00,Direct,Paid Search,Direct Visit,Competitor Search,8,6,0,0,0.0,157.78,,,Direct > Direct > Organic Social > Organic Search > Referral > Organic Search > Email > Paid Search
JOURNEY-01225,CUST-01225,2025-04-16 12:41:00,2025-04-23 03:00:00,Paid Search,Paid Social,Brand Search,Instagram Ads,3,3,0,0,0.0,158.32,,,Paid Search > Email > Paid Social
JOURNEY-01226,CUST-01226,2025-01-24 04:51:00,2025-01-30 18:37:00,Referral,Paid Social,Customer Referral,Facebook Ads,4,3,0,0,0.0,157.77,,,Referral > Referral > Paid Search > Paid Social
JOURNEY-01227,CUST-01227,2025-01-17 05:35:00,2025-01-18 09:47:00,Email,Organic Social,Promotional Email,LinkedIn Organic,3,3,1,1,83.82,28.2,2025-01-18 09:47:00,1.18,Email > Display > Organic Social
JOURNEY-01228,CUST-01228,2025-02-12 13:24:00,2025-02-19 05:04:00,Email,Paid Search,Promotional Email,Product Search,4,4,0,0,0.0,159.67,,,Email > Referral > Paid Social > Paid Search
JOURNEY-01229,CUST-01229,2025-05-27 23:53:00,2025-06-07 11:20:00,Email,Organic Search,Promotional Email,Product Pages,7,6,0,0,0.0,251.45,,,Email > Paid Social > Referral > Email > Organic Social > Direct > Organic Search
JOURNEY-01230,CUST-01230,2025-04-13 23:42:00,2025-04-14 10:49:00,Direct,Paid Search,Direct Visit,Competitor Search,2,2,1,1,118.98,11.12,2025-04-14 10:49:00,0.46,Direct > Paid Search
JOURNEY-01231,CUST-01231,2025-05-01 18:19:00,2025-05-04 22:54:00,Display,Email,Retargeting,Promotional Email,3,3,0,0,0.0,76.58,,,Display > Organic Social > Email
JOURNEY-01232,CUST-01232,2025-02-16 04:05:00,2025-02-23 10:51:00,Paid Social,Paid Social,Facebook Ads,Facebook Ads,4,3,1,1,177.14,174.77,2025-02-23 10:51:00,7.28,Paid Social > Referral > Direct > Paid Social
JOURNEY-01233,CUST-01233,2025-04-04 01:53:00,2025-04-12 07:11:00,Paid Social,Organic Search,Instagram Ads,SEO Blog,4,3,0,0,0.0,197.3,,,Paid Social > Paid Social > Direct > Organic Search
JOURNEY-01234,CUST-01234,2025-04-08 07:28:00,2025-04-15 22:01:00,Email,Referral,Promotional Email,Customer Referral,3,3,1,1,72.66,182.55,2025-04-15 22:01:00,7.61,Email > Organic Search > Referral
JOURNEY-01235,CUST-01235,2025-04-06 11:46:00,2025-04-09 11:07:00,Email,Organic Search,Promotional Email,Product Pages,2,2,1,1,205.86,71.35,2025-04-09 11:07:00,2.97,Email > Organic Search
JOURNEY-01236,CUST-01236,2025-03-25 02:31:00,2025-03-29 09:05:00,Referral,Organic Social,Partner Website,Instagram Organic,3,3,0,0,0.0,102.57,,,Referral > Paid Search > Organic Social
JOURNEY-01237,CUST-01237,2025-03-05 15:36:00,2025-03-08 03:46:00,Paid Social,Direct,LinkedIn Ads,Direct Visit,2,2,0,0,0.0,60.17,,,Paid Social > Direct
JOURNEY-01238,CUST-01238,2025-01-28 08:02:00,2025-02-02 19:13:00,Organic Search,Direct,Product Pages,Direct Visit,4,4,0,0,0.0,131.18,,,Organic Search > Paid Search > Paid Social > Direct
JOURNEY-01239,CUST-01239,2025-05-15 11:11:00,2025-05-25 17:49:00,Referral,Email,Customer Referral,Welcome Series,6,5,0,0,0.0,246.63,,,Referral > Paid Social > Display > Organic Search > Organic Search > Email
JOURNEY-01240,CUST-01240,2025-04-15 03:27:00,2025-04-23 09:13:00,Organic Social,Organic Search,TikTok Organic,SEO Blog,4,4,0,0,0.0,197.77,,,Organic Social > Direct > Paid Social > Organic Search
JOURNEY-01241,CUST-01241,2025-05-30 18:01:00,2025-06-03 06:28:00,Paid Search,Direct,Brand Search,Direct Visit,3,2,0,0,0.0,84.45,,,Paid Search > Paid Search > Direct
JOURNEY-01242,CUST-01242,2025-01-22 15:49:00,2025-02-04 21:01:00,Direct,Organic Search,Direct Visit,Educational Content,7,5,1,1,165.85,317.2,2025-02-04 21:01:00,13.22,Direct > Paid Social > Organic Social > Referral > Organic Search > Direct > Organic Search
JOURNEY-01243,CUST-01243,2025-06-11 20:51:00,2025-06-19 11:05:00,Paid Social,Paid Social,Instagram Ads,Instagram Ads,5,4,0,0,0.0,182.23,,,Paid Social > Referral > Direct > Organic Social > Paid Social
JOURNEY-01244,CUST-01244,2025-05-21 08:29:00,2025-05-25 09:52:00,Organic Social,Referral,Instagram Organic,Partner Website,3,3,1,1,158.06,97.38,2025-05-25 09:52:00,4.06,Organic Social > Organic Search > Referral
JOURNEY-01245,CUST-01245,2025-02-03 09:33:00,2025-02-03 09:33:00,Paid Search,Paid Search,Competitor Search,Competitor Search,1,1,0,0,0.0,0.0,,,Paid Search
JOURNEY-01246,CUST-01246,2025-01-27 04:00:00,2025-01-27 04:00:00,Email,Email,Welcome Series,Welcome Series,1,1,0,0,0.0,0.0,,,Email
JOURNEY-01247,CUST-01247,2025-01-09 02:29:00,2025-01-15 04:14:00,Organic Social,Organic Social,LinkedIn Organic,Instagram Organic,3,2,0,0,0.0,145.75,,,Organic Social > Referral > Organic Social
JOURNEY-01248,CUST-01248,2025-05-16 08:16:00,2025-05-17 02:05:00,Direct,Email,Direct Visit,Welcome Series,2,2,1,1,154.07,17.82,2025-05-17 02:05:00,0.74,Direct > Email
JOURNEY-01249,CUST-01249,2025-06-15 21:12:00,2025-06-26 16:22:00,Email,Organic Search,Welcome Series,Product Pages,5,4,0,0,0.0,259.17,,,Email > Paid Search > Referral > Email > Organic Search
JOURNEY-01250,CUST-01250,2025-05-14 14:53:00,2025-05-20 14:40:00,Email,Paid Search,Welcome Series,Competitor Search,4,4,0,0,0.0,143.78,,,Email > Paid Social > Direct > Paid Search
JOURNEY-01251,CUST-01251,2025-05-25 08:27:00,2025-06-01 18:12:00,Paid Search,Paid Search,Brand Search,Brand Search,4,3,0,0,0.0,177.75,,,Paid Search > Organic Social > Email > Paid Search
JOURNEY-01252,CUST-01252,2025-06-22 19:39:00,2025-06-26 17:09:00,Organic Social,Paid Search,LinkedIn Organic,Brand Search,2,2,0,0,0.0,93.5,,,Organic Social > Paid Search
JOURNEY-01253,CUST-01253,2025-05-03 03:48:00,2025-05-12 04:28:00,Paid Search,Email,Product Search,Newsletter,4,3,0,0,0.0,216.67,,,Paid Search > Organic Search > Paid Search > Email
JOURNEY-01254,CUST-01254,2025-05-12 22:49:00,2025-05-15 11:58:00,Paid Search,Email,Brand Search,Newsletter,2,2,0,0,0.0,61.15,,,Paid Search > Email
JOURNEY-01255,CUST-01255,2025-05-10 11:34:00,2025-05-12 18:48:00,Organic Search,Organic Search,Product Pages,Educational Content,3,2,0,0,0.0,55.23,,,Organic Search > Email > Organic Search
JOURNEY-01256,CUST-01256,2025-05-27 20:01:00,2025-05-31 17:24:00,Organic Search,Organic Social,Product Pages,Instagram Organic,2,2,0,0,0.0,93.38,,,Organic Search > Organic Social
JOURNEY-01257,CUST-01257,2025-05-29 03:09:00,2025-05-29 03:09:00,Paid Search,Paid Search,Product Search,Product Search,1,1,1,1,174.91,0.0,2025-05-29 03:09:00,0.0,Paid Search
JOURNEY-01258,CUST-01258,2025-05-03 23:33:00,2025-05-03 23:33:00,Organic Search,Organic Search,Product Pages,Product Pages,1,1,0,0,0.0,0.0,,,Organic Search
JOURNEY-01259,CUST-01259,2025-01-14 07:21:00,2025-01-19 18:43:00,Email,Email,Welcome Series,Newsletter,3,2,0,0,0.0,131.37,,,Email > Organic Social > Email
JOURNEY-01260,CUST-01260,2025-04-21 05:52:00,2025-04-25 05:15:00,Paid Social,Organic Search,LinkedIn Ads,SEO Blog,3,3,0,0,0.0,95.38,,,Paid Social > Paid Search > Organic Search
JOURNEY-01261,CUST-01261,2025-06-11 10:49:00,2025-06-19 07:29:00,Email,Paid Social,Newsletter,LinkedIn Ads,5,3,0,0,0.0,188.67,,,Email > Direct > Paid Social > Direct > Paid Social
JOURNEY-01262,CUST-01262,2025-02-19 22:55:00,2025-02-28 14:37:00,Email,Paid Social,Promotional Email,Facebook Ads,4,4,0,0,0.0,207.7,,,Email > Display > Organic Search > Paid Social
JOURNEY-01263,CUST-01263,2025-03-15 00:43:00,2025-04-06 09:15:00,Paid Search,Organic Search,Brand Search,SEO Blog,8,5,0,0,0.0,536.53,,,Paid Search > Referral > Organic Search > Paid Social > Organic Social > Organic Search > Paid Search > Organic Search
JOURNEY-01264,CUST-01264,2025-06-23 07:02:00,2025-07-01 09:58:00,Organic Search,Display,Educational Content,Retargeting,4,4,0,0,0.0,194.93,,,Organic Search > Organic Social > Direct > Display
JOURNEY-01265,CUST-01265,2025-01-08 03:56:00,2025-01-14 04:20:00,Paid Search,Organic Search,Brand Search,Educational Content,5,4,0,0,0.0,144.4,,,Paid Search > Direct > Paid Search > Display > Organic Search
JOURNEY-01266,CUST-01266,2025-06-01 06:00:00,2025-06-06 16:26:00,Organic Search,Paid Search,SEO Blog,Product Search,4,3,0,0,0.0,130.43,,,Organic Search > Paid Search > Email > Paid Search
JOURNEY-01267,CUST-01267,2025-05-25 00:22:00,2025-05-28 16:03:00,Referral,Organic Search,Affiliate,Educational Content,3,3,0,0,0.0,87.68,,,Referral > Paid Search > Organic Search
JOURNEY-01268,CUST-01268,2025-06-26 15:22:00,2025-06-28 10:07:00,Organic Search,Organic Search,Educational Content,Educational Content,3,2,1,1,148.94,42.75,2025-06-28 10:07:00,1.78,Organic Search > Paid Search > Organic Search
JOURNEY-01269,CUST-01269,2025-01-20 19:32:00,2025-01-22 01:12:00,Email,Referral,Newsletter,Customer Referral,3,3,1,1,52.73,29.67,2025-01-22 01:12:00,1.24,Email > Paid Search > Referral
JOURNEY-01270,CUST-01270,2025-04-12 15:11:00,2025-04-18 02:26:00,Paid Search,Organic Search,Brand Search,Product Pages,3,3,0,0,0.0,131.25,,,Paid Search > Paid Social > Organic Search
JOURNEY-01271,CUST-01271,2025-04-06 03:02:00,2025-04-09 23:25:00,Paid Search,Paid Search,Product Search,Brand Search,4,3,1,1,83.35,92.38,2025-04-09 23:25:00,3.85,Paid Search > Organic Social > Email > Paid Search
JOURNEY-01272,CUST-01272,2025-04-29 03:06:00,2025-05-07 17:49:00,Organic Social,Email,LinkedIn Organic,Promotional Email,5,4,0,0,0.0,206.72,,,Organic Social > Direct > Email > Display > Email
JOURNEY-01273,CUST-01273,2025-02-07 23:05:00,2025-02-11 01:01:00,Direct,Paid Social,Direct Visit,Facebook Ads,2,2,0,0,0.0,73.93,,,Direct > Paid Social
JOURNEY-01274,CUST-01274,2025-01-30 00:34:00,2025-01-30 00:34:00,Paid Search,Paid Search,Competitor Search,Competitor Search,1,1,0,0,0.0,0.0,,,Paid Search
JOURNEY-01275,CUST-01275,2025-05-16 19:43:00,2025-05-20 17:36:00,Organic Search,Referral,Educational Content,Customer Referral,3,3,1,1,88.47,93.88,2025-05-20 17:36:00,3.91,Organic Search > Paid Social > Referral
JOURNEY-01276,CUST-01276,2025-05-25 19:04:00,2025-06-03 23:50:00,Organic Search,Email,Educational Content,Welcome Series,7,5,0,0,0.0,220.77,,,Organic Search > Email > Referral > Organic Search > Display > Paid Search > Email
JOURNEY-01277,CUST-01277,2025-06-12 20:08:00,2025-06-12 20:08:00,Referral,Referral,Affiliate,Affiliate,1,1,0,0,0.0,0.0,,,Referral
JOURNEY-01278,CUST-01278,2025-04-16 08:40:00,2025-04-23 06:14:00,Referral,Organic Search,Customer Referral,SEO Blog,4,3,0,0,0.0,165.57,,,Referral > Organic Search > Email > Organic Search
JOURNEY-01279,CUST-01279,2025-03-17 20:07:00,2025-03-21 23:08:00,Paid Social,Paid Social,Instagram Ads,Facebook Ads,3,2,0,0,0.0,99.02,,,Paid Social > Organic Search > Paid Social
JOURNEY-01280,CUST-01280,2025-02-16 10:31:00,2025-02-22 23:28:00,Email,Referral,Promotional Email,Partner Website,3,3,0,0,0.0,156.95,,,Email > Paid Search > Referral
JOURNEY-01281,CUST-01281,2025-05-10 17:31:00,2025-05-15 03:57:00,Email,Paid Social,Promotional Email,Instagram Ads,3,3,0,0,0.0,106.43,,,Email > Organic Social > Paid Social
JOURNEY-01282,CUST-01282,2025-05-28 06:02:00,2025-06-05 20:28:00,Paid Search,Email,Competitor Search,Welcome Series,5,3,0,0,0.0,206.43,,,Paid Search > Email > Paid Social > Paid Search > Email
JOURNEY-01283,CUST-01283,2025-02-20 20:24:00,2025-02-24 06:19:00,Paid Search,Direct,Brand Search,Direct Visit,2,2,0,0,0.0,81.92,,,Paid Search > Direct
JOURNEY-01284,CUST-01284,2025-02-10 20:13:00,2025-02-15 06:09:00,Paid Social,Organic Social,Instagram Ads,LinkedIn Organic,3,3,1,1,254.86,105.93,2025-02-15 06:09:00,4.41,Paid Social > Paid Search > Organic Social
JOURNEY-01285,CUST-01285,2025-04-26 23:02:00,2025-05-01 12:27:00,Paid Search,Paid Social,Brand Search,LinkedIn Ads,4,3,0,0,0.0,109.42,,,Paid Search > Email > Paid Search > Paid Social
JOURNEY-01286,CUST-01286,2025-05-24 02:47:00,2025-05-30 09:55:00,Display,Paid Search,Prospecting,Competitor Search,4,3,0,0,0.0,151.13,,,Display > Display > Email > Paid Search
JOURNEY-01287,CUST-01287,2025-04-07 06:23:00,2025-04-10 06:13:00,Display,Paid Social,Banner Campaign,Facebook Ads,2,2,0,0,0.0,71.83,,,Display > Paid Social
JOURNEY-01288,CUST-01288,2025-01-26 15:19:00,2025-02-03 17:02:00,Organic Search,Direct,Product Pages,Direct Visit,4,4,0,0,0.0,193.72,,,Organic Search > Paid Social > Paid Search > Direct
JOURNEY-01289,CUST-01289,2025-02-12 19:20:00,2025-02-16 01:42:00,Email,Display,Newsletter,Retargeting,3,3,0,0,0.0,78.37,,,Email > Organic Search > Display
JOURNEY-01290,CUST-01290,2025-06-04 20:40:00,2025-06-05 11:41:00,Display,Organic Social,Prospecting,LinkedIn Organic,2,2,0,0,0.0,15.02,,,Display > Organic Social
JOURNEY-01291,CUST-01291,2025-02-26 13:07:00,2025-03-07 14:34:00,Email,Organic Search,Promotional Email,Educational Content,6,5,0,0,0.0,217.45,,,Email > Paid Search > Organic Social > Organic Search > Direct > Organic Search
JOURNEY-01292,CUST-01292,2025-05-28 05:04:00,2025-06-07 22:04:00,Organic Social,Paid Search,TikTok Organic,Competitor Search,5,4,1,1,80.75,257.0,2025-06-07 22:04:00,10.71,Organic Social > Paid Search > Email > Paid Social > Paid Search
JOURNEY-01293,CUST-01293,2025-04-02 18:26:00,2025-04-04 16:59:00,Referral,Display,Affiliate,Retargeting,2,2,0,0,0.0,46.55,,,Referral > Display
JOURNEY-01294,CUST-01294,2025-05-07 03:47:00,2025-05-08 02:13:00,Organic Search,Paid Search,SEO Blog,Product Search,2,2,0,0,0.0,22.43,,,Organic Search > Paid Search
JOURNEY-01295,CUST-01295,2025-02-05 02:32:00,2025-02-11 11:30:00,Organic Search,Organic Social,SEO Blog,LinkedIn Organic,3,3,0,0,0.0,152.97,,,Organic Search > Paid Social > Organic Social
JOURNEY-01296,CUST-01296,2025-04-01 23:09:00,2025-04-06 15:56:00,Referral,Email,Partner Website,Promotional Email,3,3,0,0,0.0,112.78,,,Referral > Organic Search > Email
JOURNEY-01297,CUST-01297,2025-05-25 09:52:00,2025-05-30 23:54:00,Organic Social,Email,TikTok Organic,Newsletter,4,4,0,0,0.0,134.03,,,Organic Social > Referral > Paid Social > Email
JOURNEY-01298,CUST-01298,2025-06-03 12:33:00,2025-06-07 04:54:00,Paid Social,Display,LinkedIn Ads,Retargeting,4,4,0,0,0.0,88.35,,,Paid Social > Direct > Paid Search > Display
JOURNEY-01299,CUST-01299,2025-01-25 15:42:00,2025-02-02 02:58:00,Direct,Paid Search,Direct Visit,Product Search,4,4,0,0,0.0,179.27,,,Direct > Organic Social > Organic Search > Paid Search
JOURNEY-01300,CUST-01300,2025-04-22 17:15:00,2025-04-28 18:35:00,Organic Social,Paid Social,Instagram Organic,Facebook Ads,3,3,0,0,0.0,145.33,,,Organic Social > Direct > Paid Social
JOURNEY-01301,CUST-01301,2025-06-03 04:00:00,2025-06-10 21:39:00,Paid Search,Paid Social,Brand Search,LinkedIn Ads,4,3,0,0,0.0,185.65,,,Paid Search > Paid Social > Email > Paid Social
JOURNEY-01302,CUST-01302,2025-02-17 13:13:00,2025-02-21 08:32:00,Referral,Paid Social,Partner Website,Facebook Ads,3,3,0,0,0.0,91.32,,,Referral > Organic Social > Paid Social
JOURNEY-01303,CUST-01303,2025-06-24 06:28:00,2025-07-04 16:23:00,Organic Social,Paid Search,Instagram Organic,Product Search,5,4,0,0,0.0,249.92,,,Organic Social > Paid Social > Email > Organic Social > Paid Search
JOURNEY-01304,CUST-01304,2025-05-05 05:06:00,2025-05-09 04:48:00,Direct,Organic Search,Direct Visit,Product Pages,3,3,0,0,0.0,95.7,,,Direct > Email > Organic Search
JOURNEY-01305,CUST-01305,2025-02-07 17:38:00,2025-02-17 19:38:00,Email,Display,Welcome Series,Retargeting,6,6,0,0,0.0,242.0,,,Email > Direct > Paid Social > Paid Search > Organic Social > Display
JOURNEY-01306,CUST-01306,2025-01-10 01:00:00,2025-01-16 23:01:00,Organic Social,Email,Instagram Organic,Newsletter,4,4,0,0,0.0,166.02,,,Organic Social > Organic Search > Direct > Email
JOURNEY-01307,CUST-01307,2025-03-26 23:06:00,2025-04-01 23:50:00,Referral,Organic Search,Affiliate,SEO Blog,3,3,0,0,0.0,144.73,,,Referral > Email > Organic Search
JOURNEY-01308,CUST-01308,2025-05-10 07:48:00,2025-05-19 18:57:00,Paid Search,Organic Search,Competitor Search,Product Pages,7,5,1,1,68.16,227.15,2025-05-19 18:57:00,9.46,Paid Search > Organic Search > Direct > Paid Social > Organic Social > Direct > Organic Search
JOURNEY-01309,CUST-01309,2025-03-31 11:48:00,2025-04-02 03:29:00,Paid Social,Email,Facebook Ads,Newsletter,2,2,0,0,0.0,39.68,,,Paid Social > Email
JOURNEY-01310,CUST-01310,2025-02-22 21:19:00,2025-02-26 09:14:00,Paid Search,Direct,Competitor Search,Direct Visit,2,2,1,1,232.43,83.92,2025-02-26 09:14:00,3.5,Paid Search > Direct
JOURNEY-01311,CUST-01311,2025-03-14 17:25:00,2025-03-21 00:22:00,Organic Social,Paid Social,TikTok Organic,LinkedIn Ads,5,5,0,0,0.0,150.95,,,Organic Social > Paid Search > Referral > Email > Paid Social
JOURNEY-01312,CUST-01312,2025-03-26 20:46:00,2025-04-02 22:08:00,Organic Social,Direct,LinkedIn Organic,Direct Visit,6,6,0,0,0.0,169.37,,,Organic Social > Email > Display > Organic Search > Paid Social > Direct
JOURNEY-01313,CUST-01313,2025-04-30 02:57:00,2025-05-04 16:03:00,Direct,Email,Direct Visit,Welcome Series,4,3,0,0,0.0,109.1,,,Direct > Email > Referral > Email
JOURNEY-01314,CUST-01314,2025-04-20 18:08:00,2025-04-20 18:08:00,Paid Search,Paid Search,Product Search,Product Search,1,1,0,0,0.0,0.0,,,Paid Search
JOURNEY-01315,CUST-01315,2025-02-21 06:00:00,2025-02-23 05:55:00,Paid Search,Display,Brand Search,Banner Campaign,3,3,0,0,0.0,47.92,,,Paid Search > Direct > Display
JOURNEY-01316,CUST-01316,2025-05-29 10:09:00,2025-06-01 13:26:00,Email,Organic Social,Newsletter,LinkedIn Organic,2,2,0,0,0.0,75.28,,,Email > Organic Social
JOURNEY-01317,CUST-01317,2025-06-15 17:59:00,2025-06-16 12:43:00,Organic Search,Display,Product Pages,Prospecting,3,3,1,1,147.92,18.73,2025-06-16 12:43:00,0.78,Organic Search > Direct > Display
JOURNEY-01318,CUST-01318,2025-01-12 16:49:00,2025-01-17 12:05:00,Display,Organic Search,Prospecting,Educational Content,3,3,0,0,0.0,115.27,,,Display > Direct > Organic Search
JOURNEY-01319,CUST-01319,2025-04-01 03:39:00,2025-04-08 08:51:00,Paid Social,Display,LinkedIn Ads,Retargeting,4,4,1,1,107.27,173.2,2025-04-08 08:51:00,7.22,Paid Social > Email > Referral > Display
JOURNEY-01320,CUST-01320,2025-06-27 12:22:00,2025-07-03 02:22:00,Paid Social,Paid Social,LinkedIn Ads,Instagram Ads,4,3,0,0,0.0,134.0,,,Paid Social > Paid Search > Organic Search > Paid Social
JOURNEY-01321,CUST-01321,2025-06-28 03:16:00,2025-07-05 00:29:00,Display,Organic Social,Prospecting,TikTok Organic,4,3,1,1,78.2,165.22,2025-07-05 00:29:00,6.88,Display > Display > Paid Search > Organic Social
JOURNEY-01322,CUST-01322,2025-06-20 22:10:00,2025-06-23 02:24:00,Direct,Organic Search,Direct Visit,Product Pages,2,2,1,1,391.5,52.23,2025-06-23 02:24:00,2.18,Direct > Organic Search
JOURNEY-01323,CUST-01323,2025-02-27 12:48:00,2025-03-01 15:55:00,Display,Email,Prospecting,Promotional Email,2,2,0,0,0.0,51.12,,,Display > Email
JOURNEY-01324,CUST-01324,2025-03-24 17:35:00,2025-03-26 14:57:00,Paid Social,Organic Social,Facebook Ads,Instagram Organic,2,2,0,0,0.0,45.37,,,Paid Social > Organic Social
JOURNEY-01325,CUST-01325,2025-05-17 01:52:00,2025-05-20 03:00:00,Display,Organic Social,Retargeting,TikTok Organic,4,4,0,0,0.0,73.13,,,Display > Referral > Paid Search > Organic Social
JOURNEY-01326,CUST-01326,2025-05-17 17:10:00,2025-05-17 17:10:00,Organic Social,Organic Social,TikTok Organic,TikTok Organic,1,1,0,0,0.0,0.0,,,Organic Social
JOURNEY-01327,CUST-01327,2025-03-09 08:21:00,2025-03-13 14:41:00,Referral,Organic Search,Customer Referral,Educational Content,3,3,0,0,0.0,102.33,,,Referral > Organic Social > Organic Search
JOURNEY-01328,CUST-01328,2025-05-31 11:51:00,2025-06-05 18:52:00,Paid Search,Referral,Brand Search,Affiliate,4,4,0,0,0.0,127.02,,,Paid Search > Paid Social > Organic Search > Referral
JOURNEY-01329,CUST-01329,2025-05-31 04:26:00,2025-06-07 21:23:00,Referral,Organic Search,Affiliate,Product Pages,5,3,1,1,198.76,184.95,2025-06-07 21:23:00,7.71,Referral > Organic Search > Direct > Direct > Organic Search
JOURNEY-01330,CUST-01330,2025-05-05 02:49:00,2025-05-09 15:59:00,Display,Email,Banner Campaign,Promotional Email,3,3,0,0,0.0,109.17,,,Display > Direct > Email
JOURNEY-01331,CUST-01331,2025-04-05 00:58:00,2025-04-14 05:25:00,Paid Search,Display,Product Search,Prospecting,5,4,0,0,0.0,220.45,,,Paid Search > Display > Paid Social > Direct > Display
JOURNEY-01332,CUST-01332,2025-06-21 06:51:00,2025-06-29 13:46:00,Display,Paid Social,Prospecting,Facebook Ads,5,5,0,0,0.0,198.92,,,Display > Referral > Organic Search > Email > Paid Social
JOURNEY-01333,CUST-01333,2025-03-04 01:28:00,2025-03-09 05:49:00,Direct,Direct,Direct Visit,Direct Visit,3,2,0,0,0.0,124.35,,,Direct > Organic Search > Direct
JOURNEY-01334,CUST-01334,2025-04-15 06:43:00,2025-04-17 05:05:00,Organic Search,Email,Product Pages,Newsletter,2,2,0,0,0.0,46.37,,,Organic Search > Email
JOURNEY-01335,CUST-01335,2025-01-08 00:09:00,2025-01-13 22:52:00,Paid Social,Direct,Facebook Ads,Direct Visit,3,2,1,1,99.43,142.72,2025-01-13 22:52:00,5.95,Paid Social > Paid Social > Direct
JOURNEY-01336,CUST-01336,2025-04-06 11:46:00,2025-04-11 02:23:00,Referral,Paid Search,Affiliate,Brand Search,3,3,0,0,0.0,110.62,,,Referral > Email > Paid Search
JOURNEY-01337,CUST-01337,2025-01-13 03:00:00,2025-01-17 04:13:00,Referral,Email,Partner Website,Welcome Series,3,3,0,0,0.0,97.22,,,Referral > Paid Search > Email
JOURNEY-01338,CUST-01338,2025-06-16 00:06:00,2025-06-21 13:03:00,Organic Social,Organic Social,LinkedIn Organic,TikTok Organic,5,2,0,0,0.0,132.95,,,Organic Social > Paid Social > Organic Social > Organic Social > Organic Social
JOURNEY-01339,CUST-01339,2025-02-27 18:45:00,2025-03-05 10:15:00,Paid Search,Email,Brand Search,Newsletter,3,3,0,0,0.0,135.5,,,Paid Search > Paid Social > Email
JOURNEY-01340,CUST-01340,2025-01-04 04:36:00,2025-01-05 21:40:00,Direct,Display,Direct Visit,Prospecting,4,3,0,0,0.0,41.07,,,Direct > Display > Paid Social > Display
JOURNEY-01341,CUST-01341,2025-01-02 05:01:00,2025-01-07 16:14:00,Paid Social,Paid Search,Instagram Ads,Brand Search,4,3,0,0,0.0,131.22,,,Paid Social > Paid Search > Referral > Paid Search
JOURNEY-01342,CUST-01342,2025-05-19 08:27:00,2025-05-25 16:40:00,Paid Social,Organic Social,Instagram Ads,Instagram Organic,3,3,0,0,0.0,152.22,,,Paid Social > Email > Organic Social
JOURNEY-01343,CUST-01343,2025-05-14 23:54:00,2025-05-18 21:17:00,Display,Paid Social,Retargeting,LinkedIn Ads,4,3,0,0,0.0,93.38,,,Display > Paid Social > Referral > Paid Social
JOURNEY-01344,CUST-01344,2025-02-06 05:50:00,2025-02-07 10:23:00,Paid Search,Direct,Competitor Search,Direct Visit,2,2,0,0,0.0,28.55,,,Paid Search > Direct
JOURNEY-01345,CUST-01345,2025-04-06 13:53:00,2025-04-11 11:16:00,Organic Search,Direct,Product Pages,Direct Visit,3,3,1,1,142.29,117.38,2025-04-11 11:16:00,4.89,Organic Search > Paid Search > Direct
JOURNEY-01346,CUST-01346,2025-05-24 09:41:00,2025-05-24 09:41:00,Display,Display,Banner Campaign,Banner Campaign,1,1,0,0,0.0,0.0,,,Display
JOURNEY-01347,CUST-01347,2025-06-12 02:39:00,2025-06-25 05:08:00,Paid Social,Email,Instagram Ads,Welcome Series,6,4,1,1,104.92,314.48,2025-06-25 05:08:00,13.1,Paid Social > Paid Search > Organic Social > Email > Organic Social > Email
JOURNEY-01348,CUST-01348,2025-01-05 04:08:00,2025-01-18 21:14:00,Email,Email,Promotional Email,Promotional Email,8,5,0,0,0.0,329.1,,,Email > Organic Social > Organic Search > Organic Search > Direct > Paid Search > Organic Social > Email
JOURNEY-01349,CUST-01349,2025-05-01 03:18:00,2025-05-03 10:19:00,Organic Social,Paid Social,TikTok Organic,LinkedIn Ads,3,3,0,0,0.0,55.02,,,Organic Social > Paid Search > Paid Social
JOURNEY-01350,CUST-01350,2025-02-13 22:32:00,2025-02-18 19:09:00,Referral,Email,Affiliate,Newsletter,3,3,0,0,0.0,116.62,,,Referral > Organic Search > Email
JOURNEY-01351,CUST-01351,2025-02-22 05:17:00,2025-02-23 04:10:00,Email,Display,Promotional Email,Banner Campaign,2,2,0,0,0.0,22.88,,,Email > Display
JOURNEY-01352,CUST-01352,2025-02-15 04:04:00,2025-02-24 16:36:00,Organic Search,Paid Search,SEO Blog,Competitor Search,5,5,1,1,279.59,228.53,2025-02-24 16:36:00,9.52,Organic Search > Organic Social > Paid Social > Direct > Paid Search
JOURNEY-01353,CUST-01353,2025-04-16 09:58:00,2025-04-16 09:58:00,Direct,Direct,Direct Visit,Direct Visit,1,1,1,1,48.57,0.0,2025-04-16 09:58:00,0.0,Direct
JOURNEY-01354,CUST-01354,2025-05-12 00:42:00,2025-05-17 09:53:00,Referral,Email,Partner Website,Promotional Email,3,2,1,1,166.25,129.18,2025-05-17 09:53:00,5.38,Referral > Email > Email
JOURNEY-01355,CUST-01355,2025-04-30 12:00:00,2025-05-03 13:05:00,Email,Organic Social,Newsletter,Instagram Organic,2,2,0,0,0.0,73.08,,,Email > Organic Social
JOURNEY-01356,CUST-01356,2025-05-07 07:11:00,2025-05-16 00:42:00,Organic Search,Email,Product Pages,Newsletter,4,4,0,0,0.0,209.52,,,Organic Search > Direct > Paid Search > Email
JOURNEY-01357,CUST-01357,2025-05-13 13:33:00,2025-05-16 16:17:00,Display,Organic Search,Prospecting,Educational Content,3,3,0,0,0.0,74.73,,,Display > Email > Organic Search
JOURNEY-01358,CUST-01358,2025-02-07 05:04:00,2025-02-21 17:26:00,Paid Search,Organic Search,Competitor Search,SEO Blog,7,4,0,0,0.0,348.37,,,Paid Search > Direct > Organic Search > Organic Social > Organic Social > Direct > Organic Search
JOURNEY-01359,CUST-01359,2025-01-13 03:31:00,2025-01-24 05:57:00,Email,Paid Social,Promotional Email,Instagram Ads,4,4,0,0,0.0,266.43,,,Email > Organic Search > Paid Search > Paid Social
JOURNEY-01360,CUST-01360,2025-05-22 05:37:00,2025-05-25 21:46:00,Paid Social,Paid Search,LinkedIn Ads,Product Search,5,4,1,1,36.89,88.15,2025-05-25 21:46:00,3.67,Paid Social > Organic Search > Paid Social > Direct > Paid Search
JOURNEY-01361,CUST-01361,2025-02-07 02:04:00,2025-02-12 04:19:00,Referral,Paid Social,Customer Referral,LinkedIn Ads,5,4,0,0,0.0,122.25,,,Referral > Paid Search > Email > Paid Search > Paid Social
JOURNEY-01362,CUST-01362,2025-05-24 19:57:00,2025-05-24 19:57:00,Paid Search,Paid Search,Brand Search,Brand Search,1,1,0,0,0.0,0.0,,,Paid Search
JOURNEY-01363,CUST-01363,2025-01-03 02:44:00,2025-01-05 12:22:00,Organic Search,Email,SEO Blog,Newsletter,2,2,0,0,0.0,57.63,,,Organic Search > Email
JOURNEY-01364,CUST-01364,2025-06-18 01:05:00,2025-06-22 01:35:00,Paid Social,Paid Social,Instagram Ads,Instagram Ads,5,4,0,0,0.0,96.5,,,Paid Social > Organic Search > Paid Search > Email > Paid Social
JOURNEY-01365,CUST-01365,2025-05-27 11:30:00,2025-06-02 04:48:00,Paid Social,Paid Social,Instagram Ads,Facebook Ads,3,2,0,0,0.0,137.3,,,Paid Social > Paid Search > Paid Social
JOURNEY-01366,CUST-01366,2025-03-14 06:53:00,2025-03-23 09:26:00,Organic Social,Organic Social,TikTok Organic,LinkedIn Organic,5,4,0,0,0.0,218.55,,,Organic Social > Display > Direct > Organic Search > Organic Social
JOURNEY-01367,CUST-01367,2025-03-23 00:31:00,2025-03-27 00:56:00,Organic Search,Paid Social,Product Pages,Facebook Ads,3,3,0,0,0.0,96.42,,,Organic Search > Organic Social > Paid Social
JOURNEY-01368,CUST-01368,2025-01-12 18:45:00,2025-01-21 19:42:00,Referral,Direct,Affiliate,Direct Visit,4,3,0,0,0.0,216.95,,,Referral > Paid Social > Direct > Direct
JOURNEY-01369,CUST-01369,2025-02-23 10:57:00,2025-02-27 00:44:00,Organic Social,Direct,TikTok Organic,Direct Visit,3,3,0,0,0.0,85.78,,,Organic Social > Display > Direct
JOURNEY-01370,CUST-01370,2025-05-02 15:21:00,2025-05-04 02:52:00,Email,Paid Social,Newsletter,Facebook Ads,4,4,0,0,0.0,35.52,,,Email > Referral > Paid Search > Paid Social
JOURNEY-01371,CUST-01371,2025-03-11 13:34:00,2025-03-16 15:22:00,Organic Search,Organic Social,Product Pages,TikTok Organic,3,3,0,0,0.0,121.8,,,Organic Search > Paid Search > Organic Social
JOURNEY-01372,CUST-01372,2025-03-23 14:09:00,2025-03-28 21:49:00,Referral,Direct,Partner Website,Direct Visit,3,3,1,1,143.1,127.67,2025-03-28 21:49:00,5.32,Referral > Paid Search > Direct
JOURNEY-01373,CUST-01373,2025-06-18 03:36:00,2025-06-22 23:42:00,Display,Email,Banner Campaign,Newsletter,3,2,0,0,0.0,116.1,,,Display > Email > Email
JOURNEY-01374,CUST-01374,2025-02-25 10:10:00,2025-03-02 08:32:00,Organic Search,Paid Search,Educational Content,Competitor Search,3,3,0,0,0.0,118.37,,,Organic Search > Paid Social > Paid Search
JOURNEY-01375,CUST-01375,2025-02-04 02:15:00,2025-02-08 11:04:00,Direct,Organic Search,Direct Visit,Product Pages,4,3,0,0,0.0,104.82,,,Direct > Organic Search > Organic Social > Organic Search
JOURNEY-01376,CUST-01376,2025-05-16 01:48:00,2025-05-21 05:08:00,Referral,Paid Social,Partner Website,Instagram Ads,3,3,0,0,0.0,123.33,,,Referral > Organic Search > Paid Social
JOURNEY-01377,CUST-01377,2025-01-13 09:59:00,2025-01-14 10:07:00,Paid Social,Paid Search,Instagram Ads,Brand Search,2,2,0,0,0.0,24.13,,,Paid Social > Paid Search
JOURNEY-01378,CUST-01378,2025-01-18 17:31:00,2025-01-21 18:43:00,Organic Search,Display,SEO Blog,Prospecting,2,2,0,0,0.0,73.2,,,Organic Search > Display
JOURNEY-01379,CUST-01379,2025-01-02 19:45:00,2025-01-07 03:49:00,Paid Search,Display,Competitor Search,Retargeting,3,3,0,0,0.0,104.07,,,Paid Search > Email > Display
JOURNEY-01380,CUST-01380,2025-01-13 14:08:00,2025-01-20 20:23:00,Organic Search,Paid Social,Educational Content,Instagram Ads,4,4,0,0,0.0,174.25,,,Organic Search > Direct > Email > Paid Social
JOURNEY-01381,CUST-01381,2025-04-09 22:40:00,2025-04-14 18:59:00,Paid Search,Referral,Competitor Search,Affiliate,4,3,1,1,177.22,116.32,2025-04-14 18:59:00,4.85,Paid Search > Paid Social > Paid Search > Referral
JOURNEY-01382,CUST-01382,2025-01-15 03:39:00,2025-01-16 21:32:00,Organic Search,Paid Search,SEO Blog,Brand Search,3,3,0,0,0.0,41.88,,,Organic Search > Direct > Paid Search
JOURNEY-01383,CUST-01383,2025-05-24 08:41:00,2025-06-07 01:11:00,Organic Search,Paid Search,SEO Blog,Brand Search,6,3,0,0,0.0,328.5,,,Organic Search > Email > Organic Search > Email > Organic Search > Paid Search
JOURNEY-01384,CUST-01384,2025-03-23 09:13:00,2025-03-27 12:00:00,Organic Social,Organic Search,TikTok Organic,Product Pages,3,3,1,1,95.34,98.78,2025-03-27 12:00:00,4.12,Organic Social > Paid Search > Organic Search
JOURNEY-01385,CUST-01385,2025-05-04 02:01:00,2025-05-06 04:21:00,Email,Direct,Promotional Email,Direct Visit,2,2,1,1,103.34,50.33,2025-05-06 04:21:00,2.1,Email > Direct
JOURNEY-01386,CUST-01386,2025-05-16 03:29:00,2025-05-22 02:57:00,Organic Social,Direct,LinkedIn Organic,Direct Visit,5,4,0,0,0.0,143.47,,,Organic Social > Paid Social > Paid Search > Paid Search > Direct
JOURNEY-01387,CUST-01387,2025-03-10 23:38:00,2025-03-10 23:38:00,Paid Search,Paid Search,Product Search,Product Search,1,1,0,0,0.0,0.0,,,Paid Search
JOURNEY-01388,CUST-01388,2025-05-25 20:05:00,2025-05-29 06:02:00,Email,Paid Social,Newsletter,Instagram Ads,4,4,0,0,0.0,81.95,,,Email > Paid Search > Organic Social > Paid Social
JOURNEY-01389,CUST-01389,2025-02-09 15:11:00,2025-02-11 19:55:00,Referral,Organic Social,Partner Website,LinkedIn Organic,2,2,0,0,0.0,52.73,,,Referral > Organic Social
JOURNEY-01390,CUST-01390,2025-04-01 09:12:00,2025-04-09 17:04:00,Paid Search,Email,Product Search,Welcome Series,4,4,0,0,0.0,199.87,,,Paid Search > Display > Referral > Email
JOURNEY-01391,CUST-01391,2025-03-03 05:11:00,2025-03-12 07:59:00,Display,Direct,Retargeting,Direct Visit,7,6,1,1,75.74,218.8,2025-03-12 07:59:00,9.12,Display > Paid Search > Organic Search > Paid Social > Organic Search > Email > Direct
JOURNEY-01392,CUST-01392,2025-02-21 23:39:00,2025-03-08 09:01:00,Direct,Email,Direct Visit,Newsletter,7,6,0,0,0.0,345.37,,,Direct > Display > Paid Search > Display > Organic Search > Paid Social > Email
JOURNEY-01393,CUST-01393,2025-04-02 22:03:00,2025-04-09 14:28:00,Paid Search,Email,Competitor Search,Newsletter,3,3,0,0,0.0,160.42,,,Paid Search > Organic Social > Email
JOURNEY-01394,CUST-01394,2025-06-21 21:35:00,2025-06-29 20:19:00,Email,Paid Search,Welcome Series,Brand Search,4,4,0,0,0.0,190.73,,,Email > Referral > Display > Paid Search
JOURNEY-01395,CUST-01395,2025-03-10 02:43:00,2025-03-15 16:39:00,Paid Search,Organic Social,Competitor Search,TikTok Organic,3,3,1,1,95.18,133.93,2025-03-15 16:39:00,5.58,Paid Search > Paid Social > Organic Social
JOURNEY-01396,CUST-01396,2025-01-07 03:02:00,2025-01-09 17:02:00,Direct,Paid Social,Direct Visit,Facebook Ads,2,2,0,0,0.0,62.0,,,Direct > Paid Social
JOURNEY-01397,CUST-01397,2025-05-16 01:08:00,2025-05-16 11:22:00,Email,Organic Search,Welcome Series,Educational Content,2,2,1,1,85.73,10.23,2025-05-16 11:22:00,0.43,Email > Organic Search
JOURNEY-01398,CUST-01398,2025-01-14 23:33:00,2025-01-25 19:49:00,Email,Paid Social,Welcome Series,LinkedIn Ads,5,4,0,0,0.0,260.27,,,Email > Referral > Direct > Referral > Paid Social
JOURNEY-01399,CUST-01399,2025-01-25 02:43:00,2025-01-31 16:45:00,Paid Search,Organic Search,Brand Search,Educational Content,3,3,1,1,80.1,158.03,2025-01-31 16:45:00,6.58,Paid Search > Paid Social > Organic Search
JOURNEY-01400,CUST-01400,2025-06-22 23:43:00,2025-06-29 15:57:00,Referral,Email,Customer Referral,Welcome Series,3,3,0,0,0.0,160.23,,,Referral > Display > Email
JOURNEY-01401,CUST-01401,2025-01-17 19:54:00,2025-01-17 19:54:00,Paid Social,Paid Social,Instagram Ads,Instagram Ads,1,1,0,0,0.0,0.0,,,Paid Social
JOURNEY-01402,CUST-01402,2025-01-27 23:44:00,2025-02-04 22:48:00,Referral,Paid Social,Affiliate,Facebook Ads,5,4,0,0,0.0,191.07,,,Referral > Organic Search > Direct > Organic Search > Paid Social
JOURNEY-01403,CUST-01403,2025-01-07 10:42:00,2025-01-13 02:47:00,Email,Referral,Welcome Series,Customer Referral,3,3,0,0,0.0,136.08,,,Email > Paid Social > Referral
JOURNEY-01404,CUST-01404,2025-02-10 18:25:00,2025-02-23 01:03:00,Paid Search,Email,Competitor Search,Welcome Series,8,6,1,1,132.04,294.63,2025-02-23 01:03:00,12.28,Paid Search > Paid Social > Referral > Direct > Email > Paid Social > Organic Search > Email
JOURNEY-01405,CUST-01405,2025-05-09 01:20:00,2025-05-13 18:49:00,Paid Search,Display,Competitor Search,Prospecting,3,3,1,1,96.56,113.48,2025-05-13 18:49:00,4.73,Paid Search > Direct > Display
JOURNEY-01406,CUST-01406,2025-04-19 20:35:00,2025-04-22 09:15:00,Email,Paid Search,Newsletter,Competitor Search,2,2,0,0,0.0,60.67,,,Email > Paid Search
JOURNEY-01407,CUST-01407,2025-02-17 08:41:00,2025-02-19 11:23:00,Organic Search,Referral,SEO Blog,Partner Website,2,2,0,0,0.0,50.7,,,Organic Search > Referral
JOURNEY-01408,CUST-01408,2025-05-11 12:01:00,2025-05-17 04:22:00,Organic Search,Paid Search,Product Pages,Competitor Search,3,3,0,0,0.0,136.35,,,Organic Search > Organic Social > Paid Search
JOURNEY-01409,CUST-01409,2025-03-30 21:33:00,2025-04-03 01:12:00,Paid Social,Paid Search,Facebook Ads,Product Search,2,2,0,0,0.0,75.65,,,Paid Social > Paid Search
JOURNEY-01410,CUST-01410,2025-05-03 06:58:00,2025-05-06 16:59:00,Paid Social,Organic Social,LinkedIn Ads,Instagram Organic,3,3,1,1,245.69,82.02,2025-05-06 16:59:00,3.42,Paid Social > Email > Organic Social
JOURNEY-01411,CUST-01411,2025-01-16 16:53:00,2025-01-23 20:45:00,Organic Social,Paid Search,LinkedIn Organic,Competitor Search,4,4,0,0,0.0,171.87,,,Organic Social > Referral > Paid Social > Paid Search
JOURNEY-01412,CUST-01412,2025-02-28 03:58:00,2025-03-04 20:52:00,Direct,Paid Search,Direct Visit,Brand Search,3,3,0,0,0.0,112.9,,,Direct > Display > Paid Search
JOURNEY-01413,CUST-01413,2025-02-12 17:39:00,2025-02-20 11:46:00,Paid Social,Paid Search,Instagram Ads,Product Search,4,3,0,0,0.0,186.12,,,Paid Social > Organic Social > Paid Social > Paid Search
JOURNEY-01414,CUST-01414,2025-01-30 19:32:00,2025-02-02 00:02:00,Display,Display,Prospecting,Retargeting,5,4,1,1,28.53,52.5,2025-02-02 00:02:00,2.19,Display > Organic Search > Direct > Email > Display
JOURNEY-01415,CUST-01415,2025-05-19 06:25:00,2025-05-19 11:49:00,Organic Social,Paid Search,TikTok Organic,Product Search,2,2,0,0,0.0,5.4,,,Organic Social > Paid Search
JOURNEY-01416,CUST-01416,2025-06-04 17:42:00,2025-06-15 21:33:00,Paid Search,Organic Search,Competitor Search,SEO Blog,5,4,1,1,242.3,267.85,2025-06-15 21:33:00,11.16,Paid Search > Paid Social > Organic Social > Paid Social > Organic Search
JOURNEY-01417,CUST-01417,2025-04-03 15:49:00,2025-04-03 21:31:00,Organic Social,Organic Search,LinkedIn Organic,Product Pages,2,2,0,0,0.0,5.7,,,Organic Social > Organic Search
JOURNEY-01418,CUST-01418,2025-01-23 17:25:00,2025-01-27 12:43:00,Paid Search,Organic Search,Competitor Search,Product Pages,2,2,0,0,0.0,91.3,,,Paid Search > Organic Search
JOURNEY-01419,CUST-01419,2025-05-04 12:50:00,2025-05-08 10:23:00,Paid Social,Paid Search,Instagram Ads,Brand Search,2,2,0,0,0.0,93.55,,,Paid Social > Paid Search
JOURNEY-01420,CUST-01420,2025-06-09 01:16:00,2025-06-09 17:33:00,Paid Search,Organic Search,Competitor Search,Product Pages,2,2,0,0,0.0,16.28,,,Paid Search > Organic Search
JOURNEY-01421,CUST-01421,2025-04-16 00:20:00,2025-04-23 20:38:00,Paid Search,Display,Product Search,Retargeting,4,3,0,0,0.0,188.3,,,Paid Search > Paid Social > Display > Display
JOURNEY-01422,CUST-01422,2025-05-11 22:02:00,2025-05-16 00:15:00,Organic Search,Direct,Product Pages,Direct Visit,4,4,1,1,80.91,98.22,2025-05-16 00:15:00,4.09,Organic Search > Paid Social > Paid Search > Direct
JOURNEY-01423,CUST-01423,2025-06-24 22:25:00,2025-06-30 15:52:00,Organic Search,Paid Search,Product Pages,Brand Search,3,3,0,0,0.0,137.45,,,Organic Search > Paid Social > Paid Search
JOURNEY-01424,CUST-01424,2025-03-05 19:52:00,2025-03-05 19:52:00,Organic Search,Organic Search,Product Pages,Product Pages,1,1,0,0,0.0,0.0,,,Organic Search
JOURNEY-01425,CUST-01425,2025-04-04 22:22:00,2025-04-12 04:39:00,Referral,Display,Affiliate,Retargeting,6,5,0,0,0.0,174.28,,,Referral > Paid Social > Paid Search > Paid Social > Direct > Display
JOURNEY-01426,CUST-01426,2025-02-28 23:44:00,2025-03-08 21:37:00,Paid Search,Organic Search,Competitor Search,Educational Content,4,4,0,0,0.0,189.88,,,Paid Search > Organic Social > Direct > Organic Search
JOURNEY-01427,CUST-01427,2025-03-11 04:00:00,2025-03-11 04:00:00,Email,Email,Promotional Email,Promotional Email,1,1,0,0,0.0,0.0,,,Email
JOURNEY-01428,CUST-01428,2025-06-26 22:29:00,2025-06-27 04:38:00,Display,Organic Search,Prospecting,Educational Content,2,2,1,1,176.02,6.15,2025-06-27 04:38:00,0.26,Display > Organic Search
JOURNEY-01429,CUST-01429,2025-05-29 20:32:00,2025-06-01 06:24:00,Paid Social,Email,LinkedIn Ads,Welcome Series,3,3,0,0,0.0,57.87,,,Paid Social > Organic Social > Email
JOURNEY-01430,CUST-01430,2025-01-02 01:52:00,2025-01-02 04:51:00,Display,Paid Search,Retargeting,Competitor Search,2,2,0,0,0.0,2.98,,,Display > Paid Search
JOURNEY-01431,CUST-01431,2025-04-30 20:36:00,2025-04-30 20:36:00,Organic Social,Organic Social,LinkedIn Organic,LinkedIn Organic,1,1,0,0,0.0,0.0,,,Organic Social
JOURNEY-01432,CUST-01432,2025-02-17 00:18:00,2025-03-01 01:05:00,Paid Search,Paid Search,Product Search,Product Search,5,4,1,1,69.06,288.78,2025-03-01 01:05:00,12.03,Paid Search > Organic Search > Organic Social > Direct > Paid Search
JOURNEY-01433,CUST-01433,2025-03-11 08:54:00,2025-03-18 22:05:00,Referral,Organic Search,Customer Referral,Product Pages,4,3,0,0,0.0,181.18,,,Referral > Organic Search > Organic Social > Organic Search
JOURNEY-01434,CUST-01434,2025-02-19 01:42:00,2025-03-08 01:21:00,Display,Email,Banner Campaign,Welcome Series,7,5,1,1,136.88,407.65,2025-03-08 01:21:00,16.99,Display > Paid Social > Paid Search > Organic Search > Paid Search > Paid Social > Email
JOURNEY-01435,CUST-01435,2025-01-11 18:42:00,2025-01-16 17:43:00,Paid Social,Organic Search,LinkedIn Ads,SEO Blog,3,3,0,0,0.0,119.02,,,Paid Social > Referral > Organic Search
JOURNEY-01436,CUST-01436,2025-01-01 16:16:00,2025-01-01 16:16:00,Paid Search,Paid Search,Product Search,Product Search,1,1,0,0,0.0,0.0,,,Paid Search
JOURNEY-01437,CUST-01437,2025-02-19 03:38:00,2025-02-24 14:40:00,Email,Paid Search,Welcome Series,Brand Search,3,3,0,0,0.0,131.03,,,Email > Organic Search > Paid Search
JOURNEY-01438,CUST-01438,2025-02-06 00:48:00,2025-02-06 09:47:00,Organic Search,Referral,Educational Content,Partner Website,2,2,1,1,107.12,8.98,2025-02-06 09:47:00,0.37,Organic Search > Referral
JOURNEY-01439,CUST-01439,2025-01-10 18:56:00,2025-01-15 18:47:00,Paid Search,Paid Search,Product Search,Brand Search,4,3,0,0,0.0,119.85,,,Paid Search > Paid Social > Organic Search > Paid Search
JOURNEY-01440,CUST-01440,2025-04-15 23:47:00,2025-04-21 12:31:00,Organic Search,Organic Social,SEO Blog,Instagram Organic,4,3,1,1,281.89,132.73,2025-04-21 12:31:00,5.53,Organic Search > Organic Social > Paid Search > Organic Social
JOURNEY-01441,CUST-01441,2025-01-21 21:45:00,2025-02-03 01:49:00,Organic Search,Organic Search,SEO Blog,SEO Blog,6,3,0,0,0.0,292.07,,,Organic Search > Email > Email > Organic Search > Paid Social > Organic Search
JOURNEY-01442,CUST-01442,2025-02-08 18:35:00,2025-02-15 13:57:00,Display,Organic Search,Banner Campaign,Educational Content,4,4,0,0,0.0,163.37,,,Display > Referral > Paid Social > Organic Search
JOURNEY-01443,CUST-01443,2025-02-18 01:14:00,2025-02-27 01:36:00,Paid Search,Direct,Brand Search,Direct Visit,4,3,0,0,0.0,216.37,,,Paid Search > Paid Search > Referral > Direct
JOURNEY-01444,CUST-01444,2025-02-17 11:35:00,2025-02-21 02:57:00,Organic Social,Paid Social,TikTok Organic,LinkedIn Ads,4,3,0,0,0.0,87.37,,,Organic Social > Paid Search > Paid Social > Paid Social
JOURNEY-01445,CUST-01445,2025-02-28 04:15:00,2025-03-03 15:26:00,Referral,Organic Social,Customer Referral,LinkedIn Organic,2,2,0,0,0.0,83.18,,,Referral > Organic Social
JOURNEY-01446,CUST-01446,2025-01-26 15:23:00,2025-01-30 10:22:00,Referral,Direct,Customer Referral,Direct Visit,5,4,0,0,0.0,90.98,,,Referral > Direct > Paid Social > Paid Search > Direct
JOURNEY-01447,CUST-01447,2025-02-24 09:54:00,2025-03-08 17:41:00,Organic Social,Email,LinkedIn Organic,Promotional Email,6,5,1,1,86.29,295.78,2025-03-08 17:41:00,12.32,Organic Social > Email > Paid Social > Organic Search > Referral > Email
JOURNEY-01448,CUST-01448,2025-04-02 00:28:00,2025-04-07 03:23:00,Email,Paid Search,Welcome Series,Competitor Search,3,3,1,1,176.1,122.92,2025-04-07 03:23:00,5.12,Email > Organic Search > Paid Search
JOURNEY-01449,CUST-01449,2025-06-18 03:02:00,2025-06-27 22:47:00,Referral,Paid Social,Customer Referral,Instagram Ads,5,4,0,0,0.0,235.75,,,Referral > Referral > Direct > Email > Paid Social
JOURNEY-01450,CUST-01450,2025-06-21 04:02:00,2025-06-26 18:22:00,Paid Search,Organic Social,Competitor Search,LinkedIn Organic,4,3,0,0,0.0,134.33,,,Paid Search > Organic Social > Email > Organic Social
JOURNEY-01451,CUST-01451,2025-02-04 15:48:00,2025-02-07 22:35:00,Paid Search,Organic Search,Product Search,Product Pages,2,2,0,0,0.0,78.78,,,Paid Search > Organic Search
JOURNEY-01452,CUST-01452,2025-06-12 17:50:00,2025-06-12 17:50:00,Email,Email,Welcome Series,Welcome Series,1,1,0,0,0.0,0.0,,,Email
JOURNEY-01453,CUST-01453,2025-04-24 19:54:00,2025-05-11 16:39:00,Direct,Paid Search,Direct Visit,Product Search,8,5,1,1,167.22,404.75,2025-05-11 16:39:00,16.86,Direct > Organic Search > Referral > Organic Search > Paid Search > Organic Search > Organic Social > Paid Search
JOURNEY-01454,CUST-01454,2025-04-26 22:06:00,2025-05-02 17:12:00,Organic Search,Direct,SEO Blog,Direct Visit,5,4,0,0,0.0,139.1,,,Organic Search > Paid Search > Organic Social > Organic Search > Direct
JOURNEY-01455,CUST-01455,2025-06-12 11:08:00,2025-06-19 19:48:00,Organic Social,Email,TikTok Organic,Promotional Email,3,3,0,0,0.0,176.67,,,Organic Social > Paid Social > Email
JOURNEY-01456,CUST-01456,2025-02-11 18:16:00,2025-02-24 07:44:00,Display,Paid Social,Banner Campaign,Instagram Ads,8,4,0,0,0.0,301.47,,,Display > Paid Social > Email > Paid Social > Email > Organic Search > Display > Paid Social
JOURNEY-01457,CUST-01457,2025-02-06 07:16:00,2025-02-16 18:22:00,Organic Social,Organic Search,LinkedIn Organic,Product Pages,5,3,1,1,175.73,251.1,2025-02-16 18:22:00,10.46,Organic Social > Paid Search > Paid Search > Organic Social > Organic Search
JOURNEY-01458,CUST-01458,2025-06-25 22:09:00,2025-06-29 06:19:00,Organic Search,Paid Social,Product Pages,Facebook Ads,4,4,1,1,34.56,80.17,2025-06-29 06:19:00,3.34,Organic Search > Direct > Paid Search > Paid Social
JOURNEY-01459,CUST-01459,2025-05-14 05:00:00,2025-05-24 11:08:00,Paid Search,Direct,Brand Search,Direct Visit,6,5,0,0,0.0,246.13,,,Paid Search > Organic Search > Direct > Organic Social > Referral > Direct
JOURNEY-01460,CUST-01460,2025-02-06 03:28:00,2025-02-11 21:54:00,Display,Paid Search,Retargeting,Brand Search,4,4,1,1,100.24,138.43,2025-02-11 21:54:00,5.77,Display > Organic Social > Email > Paid Search
JOURNEY-01461,CUST-01461,2025-02-17 19:14:00,2025-02-21 23:23:00,Display,Organic Search,Prospecting,SEO Blog,4,3,0,0,0.0,100.15,,,Display > Organic Search > Paid Search > Organic Search
JOURNEY-01462,CUST-01462,2025-04-23 01:42:00,2025-04-26 19:01:00,Organic Search,Paid Social,Product Pages,Instagram Ads,4,2,0,0,0.0,89.32,,,Organic Search > Paid Social > Organic Search > Paid Social
JOURNEY-01463,CUST-01463,2025-06-03 16:41:00,2025-06-13 08:08:00,Paid Search,Direct,Brand Search,Direct Visit,5,4,1,1,120.28,231.45,2025-06-13 08:08:00,9.64,Paid Search > Organic Social > Paid Search > Email > Direct
JOURNEY-01464,CUST-01464,2025-06-15 18:53:00,2025-06-19 20:25:00,Paid Social,Display,LinkedIn Ads,Banner Campaign,3,2,0,0,0.0,97.53,,,Paid Social > Paid Social > Display
JOURNEY-01465,CUST-01465,2025-01-24 00:24:00,2025-02-02 03:21:00,Organic Search,Referral,Educational Content,Partner Website,6,5,1,1,64.74,218.95,2025-02-02 03:21:00,9.12,Organic Search > Organic Search > Email > Paid Search > Organic Social > Referral
JOURNEY-01466,CUST-01466,2025-01-24 02:30:00,2025-02-01 23:22:00,Paid Social,Organic Search,LinkedIn Ads,Educational Content,4,4,0,0,0.0,212.87,,,Paid Social > Display > Referral > Organic Search
JOURNEY-01467,CUST-01467,2025-01-05 23:08:00,2025-01-19 11:49:00,Direct,Paid Social,Direct Visit,Facebook Ads,8,5,1,1,54.86,324.68,2025-01-19 11:49:00,13.53,Direct > Organic Search > Organic Social > Direct > Email > Organic Social > Organic Search > Paid Social
JOURNEY-01468,CUST-01468,2025-05-14 08:14:00,2025-05-15 15:40:00,Paid Search,Direct,Product Search,Direct Visit,2,2,1,1,107.74,31.43,2025-05-15 15:40:00,1.31,Paid Search > Direct
JOURNEY-01469,CUST-01469,2025-06-26 06:19:00,2025-07-02 14:22:00,Email,Organic Search,Promotional Email,Educational Content,4,4,0,0,0.0,152.05,,,Email > Paid Search > Display > Organic Search
JOURNEY-01470,CUST-01470,2025-03-13 05:03:00,2025-03-15 09:17:00,Organic Social,Display,LinkedIn Organic,Banner Campaign,3,3,1,1,45.13,52.23,2025-03-15 09:17:00,2.18,Organic Social > Paid Social > Display
JOURNEY-01471,CUST-01471,2025-03-31 05:55:00,2025-04-08 10:29:00,Paid Social,Paid Search,Facebook Ads,Competitor Search,4,4,0,0,0.0,196.57,,,Paid Social > Display > Referral > Paid Search
JOURNEY-01472,CUST-01472,2025-02-10 22:48:00,2025-02-14 04:37:00,Organic Search,Email,Product Pages,Promotional Email,4,3,0,0,0.0,77.82,,,Organic Search > Paid Search > Email > Email
JOURNEY-01473,CUST-01473,2025-05-20 18:13:00,2025-05-21 21:07:00,Referral,Display,Partner Website,Prospecting,2,2,0,0,0.0,26.9,,,Referral > Display
JOURNEY-01474,CUST-01474,2025-05-18 02:52:00,2025-05-25 09:12:00,Direct,Paid Social,Direct Visit,Instagram Ads,5,4,0,0,0.0,174.33,,,Direct > Paid Social > Organic Search > Referral > Paid Social
JOURNEY-01475,CUST-01475,2025-04-26 03:35:00,2025-05-07 06:42:00,Display,Email,Retargeting,Promotional Email,5,3,1,1,126.71,267.12,2025-05-07 06:42:00,11.13,Display > Direct > Email > Direct > Email
JOURNEY-01476,CUST-01476,2025-02-06 19:59:00,2025-02-14 15:12:00,Direct,Paid Social,Direct Visit,LinkedIn Ads,3,3,0,0,0.0,187.22,,,Direct > Paid Search > Paid Social
JOURNEY-01477,CUST-01477,2025-01-06 08:37:00,2025-01-10 23:18:00,Paid Social,Direct,LinkedIn Ads,Direct Visit,3,3,0,0,0.0,110.68,,,Paid Social > Organic Search > Direct
JOURNEY-01478,CUST-01478,2025-04-28 14:21:00,2025-05-07 09:26:00,Display,Display,Banner Campaign,Retargeting,5,4,1,1,54.62,211.08,2025-05-07 09:26:00,8.8,Display > Paid Social > Paid Search > Referral > Display
JOURNEY-01479,CUST-01479,2025-05-20 13:53:00,2025-05-23 19:01:00,Display,Paid Social,Retargeting,LinkedIn Ads,2,2,0,0,0.0,77.13,,,Display > Paid Social
JOURNEY-01480,CUST-01480,2025-02-06 02:05:00,2025-02-21 02:48:00,Organic Social,Paid Social,LinkedIn Organic,Instagram Ads,6,5,0,0,0.0,360.72,,,Organic Social > Organic Search > Direct > Organic Search > Email > Paid Social
JOURNEY-01481,CUST-01481,2025-02-19 11:18:00,2025-03-01 03:50:00,Paid Search,Email,Brand Search,Newsletter,5,5,1,1,252.62,232.53,2025-03-01 03:50:00,9.69,Paid Search > Display > Organic Search > Paid Social > Email
JOURNEY-01482,CUST-01482,2025-02-23 00:15:00,2025-03-09 21:50:00,Direct,Paid Search,Direct Visit,Brand Search,6,5,0,0,0.0,357.58,,,Direct > Organic Search > Paid Social > Organic Search > Email > Paid Search
JOURNEY-01483,CUST-01483,2025-03-12 02:41:00,2025-03-24 13:15:00,Paid Search,Paid Search,Brand Search,Competitor Search,6,4,0,0,0.0,298.57,,,Paid Search > Organic Social > Paid Search > Paid Social > Direct > Paid Search
JOURNEY-01484,CUST-01484,2025-03-07 05:09:00,2025-03-11 17:41:00,Paid Search,Paid Search,Brand Search,Brand Search,3,2,0,0,0.0,108.53,,,Paid Search > Organic Social > Paid Search
JOURNEY-01485,CUST-01485,2025-02-22 22:19:00,2025-03-01 06:12:00,Organic Search,Direct,SEO Blog,Direct Visit,3,3,1,1,141.86,151.88,2025-03-01 06:12:00,6.33,Organic Search > Paid Social > Direct
JOURNEY-01486,CUST-01486,2025-02-20 17:20:00,2025-02-25 21:42:00,Organic Social,Organic Search,Instagram Organic,Educational Content,4,4,0,0,0.0,124.37,,,Organic Social > Paid Search > Referral > Organic Search
JOURNEY-01487,CUST-01487,2025-03-04 19:33:00,2025-03-11 12:45:00,Referral,Paid Social,Affiliate,Instagram Ads,5,3,1,1,53.74,161.2,2025-03-11 12:45:00,6.72,Referral > Paid Social > Organic Search > Paid Social > Paid Social
JOURNEY-01488,CUST-01488,2025-06-03 14:36:00,2025-06-14 13:03:00,Paid Search,Organic Social,Brand Search,Instagram Organic,5,4,1,1,120.66,262.45,2025-06-14 13:03:00,10.94,Paid Search > Paid Search > Direct > Organic Search > Organic Social
JOURNEY-01489,CUST-01489,2025-02-05 22:35:00,2025-02-12 08:21:00,Display,Paid Search,Prospecting,Competitor Search,5,4,0,0,0.0,153.77,,,Display > Organic Search > Email > Organic Search > Paid Search
JOURNEY-01490,CUST-01490,2025-02-22 03:01:00,2025-02-22 03:01:00,Paid Search,Paid Search,Product Search,Product Search,1,1,0,0,0.0,0.0,,,Paid Search
JOURNEY-01491,CUST-01491,2025-04-24 23:02:00,2025-04-26 22:36:00,Organic Search,Paid Social,SEO Blog,Instagram Ads,2,2,0,0,0.0,47.57,,,Organic Search > Paid Social
JOURNEY-01492,CUST-01492,2025-04-09 23:09:00,2025-04-09 23:09:00,Paid Social,Paid Social,LinkedIn Ads,LinkedIn Ads,1,1,0,0,0.0,0.0,,,Paid Social
JOURNEY-01493,CUST-01493,2025-01-21 18:39:00,2025-01-30 17:44:00,Direct,Email,Direct Visit,Promotional Email,7,6,0,0,0.0,215.08,,,Direct > Email > Display > Organic Search > Referral > Paid Social > Email
JOURNEY-01494,CUST-01494,2025-04-03 15:56:00,2025-04-15 00:14:00,Referral,Referral,Affiliate,Partner Website,6,5,0,0,0.0,272.3,,,Referral > Organic Search > Organic Social > Email > Paid Social > Referral
JOURNEY-01495,CUST-01495,2025-02-04 10:03:00,2025-02-10 23:20:00,Referral,Paid Search,Affiliate,Brand Search,3,3,0,0,0.0,157.28,,,Referral > Organic Search > Paid Search
JOURNEY-01496,CUST-01496,2025-02-28 15:18:00,2025-03-13 01:37:00,Organic Social,Organic Search,Instagram Organic,Educational Content,6,4,0,0,0.0,298.32,,,Organic Social > Paid Search > Organic Search > Paid Social > Paid Search > Organic Search
JOURNEY-01497,CUST-01497,2025-05-22 10:58:00,2025-05-25 20:22:00,Direct,Direct,Direct Visit,Direct Visit,3,2,0,0,0.0,81.4,,,Direct > Display > Direct
JOURNEY-01498,CUST-01498,2025-03-23 03:50:00,2025-03-29 02:48:00,Organic Search,Paid Search,Product Pages,Competitor Search,3,3,0,0,0.0,142.97,,,Organic Search > Direct > Paid Search
JOURNEY-01499,CUST-01499,2025-05-09 08:29:00,2025-05-15 10:23:00,Paid Search,Email,Competitor Search,Newsletter,3,2,1,1,159.2,145.9,2025-05-15 10:23:00,6.08,Paid Search > Paid Search > Email
JOURNEY-01500,CUST-01500,2025-01-18 08:27:00,2025-01-18 08:27:00,Display,Display,Retargeting,Retargeting,1,1,0,0,0.0,0.0,,,Display
JOURNEY-01501,CUST-01501,2025-02-11 08:25:00,2025-02-15 23:59:00,Paid Search,Paid Social,Product Search,LinkedIn Ads,3,3,1,1,448.02,111.57,2025-02-15 23:59:00,4.65,Paid Search > Referral > Paid Social
JOURNEY-01502,CUST-01502,2025-06-19 10:31:00,2025-06-24 01:27:00,Referral,Email,Partner Website,Promotional Email,4,4,0,0,0.0,110.93,,,Referral > Direct > Organic Search > Email
JOURNEY-01503,CUST-01503,2025-01-19 14:42:00,2025-01-24 16:52:00,Referral,Organic Search,Affiliate,SEO Blog,4,3,0,0,0.0,122.17,,,Referral > Organic Search > Organic Social > Organic Search
JOURNEY-01504,CUST-01504,2025-03-15 16:30:00,2025-03-24 17:51:00,Organic Social,Organic Social,LinkedIn Organic,Instagram Organic,5,4,0,0,0.0,217.35,,,Organic Social > Organic Search > Paid Social > Direct > Organic Social
JOURNEY-01505,CUST-01505,2025-04-10 05:51:00,2025-04-20 08:25:00,Display,Paid Social,Prospecting,LinkedIn Ads,7,4,0,0,0.0,242.57,,,Display > Paid Social > Email > Email > Display > Organic Search > Paid Social
JOURNEY-01506,CUST-01506,2025-03-11 03:01:00,2025-03-21 19:59:00,Email,Referral,Newsletter,Partner Website,6,5,1,1,35.19,256.97,2025-03-21 19:59:00,10.71,Email > Direct > Paid Search > Organic Search > Email > Referral
JOURNEY-01507,CUST-01507,2025-04-06 20:59:00,2025-04-09 14:45:00,Email,Paid Social,Newsletter,LinkedIn Ads,4,3,1,1,158.07,65.77,2025-04-09 14:45:00,2.74,Email > Referral > Email > Paid Social
JOURNEY-01508,CUST-01508,2025-03-09 05:11:00,2025-03-20 02:10:00,Display,Paid Search,Retargeting,Product Search,5,4,0,0,0.0,260.98,,,Display > Email > Organic Search > Paid Search > Paid Search
JOURNEY-01509,CUST-01509,2025-06-14 15:10:00,2025-06-14 15:10:00,Email,Email,Promotional Email,Promotional Email,1,1,0,0,0.0,0.0,,,Email
JOURNEY-01510,CUST-01510,2025-05-31 21:27:00,2025-06-09 19:59:00,Referral,Display,Affiliate,Banner Campaign,5,5,0,0,0.0,214.53,,,Referral > Organic Search > Direct > Paid Social > Display
JOURNEY-01511,CUST-01511,2025-02-26 02:54:00,2025-03-01 23:49:00,Email,Organic Search,Promotional Email,Product Pages,3,3,0,0,0.0,92.92,,,Email > Organic Social > Organic Search
JOURNEY-01512,CUST-01512,2025-02-25 20:56:00,2025-03-06 07:19:00,Paid Social,Paid Social,LinkedIn Ads,Instagram Ads,4,3,0,0,0.0,202.38,,,Paid Social > Paid Search > Email > Paid Social
JOURNEY-01513,CUST-01513,2025-01-14 08:17:00,2025-01-19 14:37:00,Paid Search,Organic Search,Brand Search,Educational Content,3,3,0,0,0.0,126.33,,,Paid Search > Paid Social > Organic Search
JOURNEY-01514,CUST-01514,2025-05-22 04:40:00,2025-05-22 18:50:00,Organic Social,Paid Search,LinkedIn Organic,Product Search,2,2,1,1,114.37,14.17,2025-05-22 18:50:00,0.59,Organic Social > Paid Search
JOURNEY-01515,CUST-01515,2025-06-11 00:59:00,2025-06-17 05:32:00,Display,Direct,Prospecting,Direct Visit,4,3,1,1,164.69,148.55,2025-06-17 05:32:00,6.19,Display > Email > Display > Direct
JOURNEY-01516,CUST-01516,2025-01-31 00:38:00,2025-02-04 00:37:00,Direct,Email,Direct Visit,Promotional Email,2,2,0,0,0.0,95.98,,,Direct > Email
JOURNEY-01517,CUST-01517,2025-06-08 19:10:00,2025-06-09 14:46:00,Organic Search,Paid Search,Educational Content,Competitor Search,2,2,0,0,0.0,19.6,,,Organic Search > Paid Search
JOURNEY-01518,CUST-01518,2025-01-12 19:34:00,2025-01-12 23:40:00,Email,Paid Social,Promotional Email,LinkedIn Ads,2,2,0,0,0.0,4.1,,,Email > Paid Social
JOURNEY-01519,CUST-01519,2025-03-20 02:40:00,2025-03-21 08:13:00,Organic Search,Organic Search,Product Pages,Educational Content,3,2,0,0,0.0,29.55,,,Organic Search > Paid Social > Organic Search
JOURNEY-01520,CUST-01520,2025-06-22 14:39:00,2025-06-25 19:41:00,Paid Social,Paid Search,Instagram Ads,Competitor Search,3,3,0,0,0.0,77.03,,,Paid Social > Organic Social > Paid Search
JOURNEY-01521,CUST-01521,2025-04-29 06:44:00,2025-04-30 11:09:00,Paid Search,Referral,Brand Search,Partner Website,2,2,0,0,0.0,28.42,,,Paid Search > Referral
JOURNEY-01522,CUST-01522,2025-03-29 08:55:00,2025-04-09 05:07:00,Email,Paid Search,Welcome Series,Product Search,5,4,0,0,0.0,260.2,,,Email > Display > Email > Direct > Paid Search
JOURNEY-01523,CUST-01523,2025-04-06 02:47:00,2025-04-12 03:18:00,Email,Paid Search,Promotional Email,Product Search,4,4,0,0,0.0,144.52,,,Email > Organic Search > Referral > Paid Search
JOURNEY-01524,CUST-01524,2025-01-17 06:39:00,2025-01-22 01:46:00,Email,Referral,Promotional Email,Affiliate,4,3,0,0,0.0,115.12,,,Email > Display > Email > Referral
JOURNEY-01525,CUST-01525,2025-03-14 03:08:00,2025-03-14 03:08:00,Referral,Referral,Customer Referral,Customer Referral,1,1,0,0,0.0,0.0,,,Referral
JOURNEY-01526,CUST-01526,2025-04-17 07:54:00,2025-04-22 14:07:00,Display,Email,Prospecting,Promotional Email,3,3,0,0,0.0,126.22,,,Display > Paid Search > Email
JOURNEY-01527,CUST-01527,2025-04-16 06:16:00,2025-04-22 10:23:00,Paid Social,Paid Search,Facebook Ads,Brand Search,4,4,0,0,0.0,148.12,,,Paid Social > Organic Search > Organic Social > Paid Search
JOURNEY-01528,CUST-01528,2025-03-22 14:04:00,2025-03-24 20:15:00,Organic Social,Paid Social,LinkedIn Organic,LinkedIn Ads,2,2,0,0,0.0,54.18,,,Organic Social > Paid Social
JOURNEY-01529,CUST-01529,2025-01-08 16:46:00,2025-01-15 02:20:00,Organic Search,Paid Social,Educational Content,Facebook Ads,4,4,0,0,0.0,153.57,,,Organic Search > Paid Search > Organic Social > Paid Social
JOURNEY-01530,CUST-01530,2025-03-03 15:40:00,2025-03-07 17:49:00,Display,Organic Search,Prospecting,Educational Content,3,3,0,0,0.0,98.15,,,Display > Organic Social > Organic Search
JOURNEY-01531,CUST-01531,2025-02-12 07:46:00,2025-02-12 07:46:00,Paid Social,Paid Social,Instagram Ads,Instagram Ads,1,1,0,0,0.0,0.0,,,Paid Social
JOURNEY-01532,CUST-01532,2025-01-16 19:53:00,2025-01-21 06:56:00,Paid Social,Paid Search,LinkedIn Ads,Brand Search,3,2,0,0,0.0,107.05,,,Paid Social > Paid Social > Paid Search
JOURNEY-01533,CUST-01533,2025-03-24 05:28:00,2025-03-24 05:28:00,Organic Search,Organic Search,SEO Blog,SEO Blog,1,1,0,0,0.0,0.0,,,Organic Search
JOURNEY-01534,CUST-01534,2025-04-10 14:32:00,2025-04-21 10:11:00,Email,Display,Newsletter,Retargeting,7,4,0,0,0.0,259.65,,,Email > Paid Search > Email > Paid Social > Email > Paid Social > Display
JOURNEY-01535,CUST-01535,2025-06-04 18:19:00,2025-06-12 18:42:00,Paid Social,Paid Search,LinkedIn Ads,Product Search,5,4,0,0,0.0,192.38,,,Paid Social > Organic Social > Paid Search > Organic Search > Paid Search
JOURNEY-01536,CUST-01536,2025-04-05 13:11:00,2025-04-11 00:27:00,Referral,Organic Social,Affiliate,TikTok Organic,4,4,1,1,145.81,131.27,2025-04-11 00:27:00,5.47,Referral > Paid Search > Email > Organic Social
JOURNEY-01537,CUST-01537,2025-04-11 19:12:00,2025-04-15 09:36:00,Organic Search,Display,Educational Content,Banner Campaign,3,3,0,0,0.0,86.4,,,Organic Search > Paid Social > Display
JOURNEY-01538,CUST-01538,2025-02-18 18:20:00,2025-02-18 18:20:00,Email,Email,Welcome Series,Welcome Series,1,1,0,0,0.0,0.0,,,Email
JOURNEY-01539,CUST-01539,2025-04-17 14:36:00,2025-04-24 07:22:00,Email,Paid Search,Promotional Email,Product Search,4,3,1,1,80.76,160.77,2025-04-24 07:22:00,6.7,Email > Paid Social > Paid Social > Paid Search
JOURNEY-01540,CUST-01540,2025-01-06 06:34:00,2025-01-07 18:26:00,Paid Social,Direct,Instagram Ads,Direct Visit,2,2,1,1,171.12,35.87,2025-01-07 18:26:00,1.49,Paid Social > Direct
JOURNEY-01541,CUST-01541,2025-05-21 21:23:00,2025-05-28 20:53:00,Display,Organic Search,Prospecting,Product Pages,5,5,0,0,0.0,167.5,,,Display > Paid Search > Direct > Paid Social > Organic Search
JOURNEY-01542,CUST-01542,2025-03-19 15:56:00,2025-04-02 20:09:00,Direct,Email,Direct Visit,Welcome Series,7,5,0,0,0.0,340.22,,,Direct > Display > Direct > Referral > Email > Paid Search > Email
JOURNEY-01543,CUST-01543,2025-05-04 14:47:00,2025-05-13 01:43:00,Organic Search,Paid Search,Product Pages,Product Search,5,3,1,1,90.97,202.93,2025-05-13 01:43:00,8.46,Organic Search > Referral > Organic Search > Paid Search > Paid Search
JOURNEY-01544,CUST-01544,2025-01-22 09:44:00,2025-02-05 14:40:00,Organic Search,Email,Educational Content,Welcome Series,7,4,0,0,0.0,340.93,,,Organic Search > Paid Social > Organic Search > Paid Social > Paid Search > Paid Social > Email
JOURNEY-01545,CUST-01545,2025-05-28 11:08:00,2025-05-30 12:03:00,Referral,Referral,Affiliate,Affiliate,3,2,0,0,0.0,48.92,,,Referral > Paid Social > Referral
JOURNEY-01546,CUST-01546,2025-05-29 10:16:00,2025-06-01 22:02:00,Paid Social,Organic Search,Facebook Ads,Educational Content,5,4,0,0,0.0,83.77,,,Paid Social > Display > Organic Search > Direct > Organic Search
JOURNEY-01547,CUST-01547,2025-04-01 23:57:00,2025-04-06 08:37:00,Paid Social,Direct,Facebook Ads,Direct Visit,6,5,0,0,0.0,104.67,,,Paid Social > Referral > Paid Social > Organic Search > Organic Social > Direct
JOURNEY-01548,CUST-01548,2025-03-01 21:01:00,2025-03-02 09:25:00,Paid Search,Paid Social,Brand Search,LinkedIn Ads,2,2,1,1,108.71,12.4,2025-03-02 09:25:00,0.52,Paid Search > Paid Social
JOURNEY-01549,CUST-01549,2025-01-02 23:33:00,2025-01-14 08:40:00,Organic Search,Email,Product Pages,Newsletter,5,4,1,1,123.26,273.12,2025-01-14 08:40:00,11.38,Organic Search > Organic Social > Organic Search > Display > Email
JOURNEY-01550,CUST-01550,2025-01-18 16:25:00,2025-01-26 02:25:00,Paid Social,Organic Search,Instagram Ads,SEO Blog,4,4,0,0,0.0,178.0,,,Paid Social > Display > Referral > Organic Search
JOURNEY-01551,CUST-01551,2025-03-05 04:25:00,2025-03-08 12:45:00,Paid Search,Paid Social,Brand Search,Instagram Ads,2,2,0,0,0.0,80.33,,,Paid Search > Paid Social
JOURNEY-01552,CUST-01552,2025-05-10 13:32:00,2025-05-10 13:32:00,Organic Search,Organic Search,Product Pages,Product Pages,1,1,0,0,0.0,0.0,,,Organic Search
JOURNEY-01553,CUST-01553,2025-02-01 11:41:00,2025-02-03 16:24:00,Organic Search,Paid Social,Educational Content,Facebook Ads,2,2,1,1,67.77,52.72,2025-02-03 16:24:00,2.2,Organic Search > Paid Social
JOURNEY-01554,CUST-01554,2025-04-20 09:40:00,2025-04-24 06:11:00,Direct,Organic Search,Direct Visit,Educational Content,3,3,0,0,0.0,92.52,,,Direct > Email > Organic Search
JOURNEY-01555,CUST-01555,2025-01-04 03:19:00,2025-01-04 03:19:00,Organic Search,Organic Search,Product Pages,Product Pages,1,1,0,0,0.0,0.0,,,Organic Search
JOURNEY-01556,CUST-01556,2025-02-05 09:13:00,2025-02-07 03:30:00,Organic Search,Email,SEO Blog,Welcome Series,2,2,1,1,180.16,42.28,2025-02-07 03:30:00,1.76,Organic Search > Email
JOURNEY-01557,CUST-01557,2025-03-30 09:56:00,2025-04-03 11:26:00,Organic Search,Organic Social,Product Pages,TikTok Organic,4,3,0,0,0.0,97.5,,,Organic Search > Organic Social > Email > Organic Social
JOURNEY-01558,CUST-01558,2025-01-15 22:12:00,2025-01-19 18:06:00,Paid Search,Email,Brand Search,Welcome Series,2,2,1,1,85.85,91.9,2025-01-19 18:06:00,3.83,Paid Search > Email
JOURNEY-01559,CUST-01559,2025-06-13 23:33:00,2025-06-24 12:33:00,Organic Social,Paid Social,LinkedIn Organic,LinkedIn Ads,6,4,0,0,0.0,253.0,,,Organic Social > Paid Search > Email > Organic Social > Email > Paid Social
JOURNEY-01560,CUST-01560,2025-06-27 21:09:00,2025-07-05 04:08:00,Paid Social,Organic Search,LinkedIn Ads,Educational Content,6,4,1,1,284.89,174.98,2025-07-05 04:08:00,7.29,Paid Social > Display > Paid Social > Referral > Display > Organic Search
JOURNEY-01561,CUST-01561,2025-02-07 14:24:00,2025-02-09 17:17:00,Email,Organic Search,Promotional Email,Product Pages,2,2,0,0,0.0,50.88,,,Email > Organic Search
JOURNEY-01562,CUST-01562,2025-05-31 02:47:00,2025-06-06 03:17:00,Organic Search,Organic Search,Educational Content,Product Pages,4,3,1,1,82.2,144.5,2025-06-06 03:17:00,6.02,Organic Search > Paid Search > Direct > Organic Search
JOURNEY-01563,CUST-01563,2025-02-04 10:18:00,2025-02-04 21:40:00,Direct,Organic Search,Direct Visit,Educational Content,2,2,0,0,0.0,11.37,,,Direct > Organic Search
JOURNEY-01564,CUST-01564,2025-06-19 23:11:00,2025-06-21 18:01:00,Organic Search,Paid Social,SEO Blog,Facebook Ads,3,3,0,0,0.0,42.83,,,Organic Search > Organic Social > Paid Social
JOURNEY-01565,CUST-01565,2025-05-08 00:13:00,2025-05-14 23:00:00,Paid Social,Organic Social,Facebook Ads,Instagram Organic,5,4,1,1,471.85,166.78,2025-05-14 23:00:00,6.95,Paid Social > Email > Paid Search > Email > Organic Social
JOURNEY-01566,CUST-01566,2025-05-23 14:06:00,2025-05-29 03:09:00,Paid Search,Paid Search,Competitor Search,Brand Search,5,4,1,1,29.91,133.05,2025-05-29 03:09:00,5.54,Paid Search > Display > Direct > Paid Social > Paid Search
JOURNEY-01567,CUST-01567,2025-02-25 03:01:00,2025-03-02 06:51:00,Direct,Organic Social,Direct Visit,TikTok Organic,3,3,1,1,94.9,123.83,2025-03-02 06:51:00,5.16,Direct > Email > Organic Social
JOURNEY-01568,CUST-01568,2025-04-16 13:29:00,2025-04-26 01:24:00,Paid Search,Organic Social,Product Search,TikTok Organic,4,3,0,0,0.0,227.92,,,Paid Search > Organic Social > Referral > Organic Social
JOURNEY-01569,CUST-01569,2025-06-08 14:01:00,2025-06-12 08:22:00,Referral,Paid Social,Customer Referral,Facebook Ads,2,2,0,0,0.0,90.35,,,Referral > Paid Social
JOURNEY-01570,CUST-01570,2025-06-26 02:57:00,2025-06-29 16:05:00,Email,Display,Welcome Series,Prospecting,3,3,1,1,105.94,85.13,2025-06-29 16:05:00,3.55,Email > Paid Search > Display
JOURNEY-01571,CUST-01571,2025-05-29 00:59:00,2025-05-29 09:00:00,Paid Social,Organic Social,Instagram Ads,LinkedIn Organic,3,3,0,0,0.0,8.02,,,Paid Social > Organic Search > Organic Social
JOURNEY-01572,CUST-01572,2025-03-14 22:16:00,2025-03-21 03:58:00,Organic Search,Organic Social,Educational Content,TikTok Organic,3,3,0,0,0.0,149.7,,,Organic Search > Email > Organic Social
JOURNEY-01573,CUST-01573,2025-05-30 10:23:00,2025-06-06 01:22:00,Organic Search,Direct,Educational Content,Direct Visit,4,4,0,0,0.0,158.98,,,Organic Search > Email > Display > Direct
JOURNEY-01574,CUST-01574,2025-02-09 00:26:00,2025-02-13 08:59:00,Direct,Display,Direct Visit,Retargeting,5,4,0,0,0.0,104.55,,,Direct > Paid Social > Direct > Organic Search > Display
JOURNEY-01575,CUST-01575,2025-01-24 23:43:00,2025-01-26 13:41:00,Paid Search,Paid Search,Competitor Search,Competitor Search,2,1,0,0,0.0,37.97,,,Paid Search > Paid Search
JOURNEY-01576,CUST-01576,2025-04-16 19:58:00,2025-04-24 03:03:00,Organic Search,Organic Search,Product Pages,SEO Blog,3,2,0,0,0.0,175.08,,,Organic Search > Paid Social > Organic Search
JOURNEY-01577,CUST-01577,2025-02-18 12:31:00,2025-03-05 17:31:00,Organic Social,Organic Social,LinkedIn Organic,TikTok Organic,8,4,1,1,185.79,365.0,2025-03-05 17:31:00,15.21,Organic Social > Organic Search > Direct > Email > Organic Social > Email > Organic Search > Organic Social
JOURNEY-01578,CUST-01578,2025-03-09 00:23:00,2025-03-14 14:30:00,Referral,Organic Search,Affiliate,SEO Blog,3,3,0,0,0.0,134.12,,,Referral > Paid Social > Organic Search
JOURNEY-01579,CUST-01579,2025-05-10 09:52:00,2025-05-20 17:15:00,Referral,Paid Social,Customer Referral,Instagram Ads,5,4,0,0,0.0,247.38,,,Referral > Referral > Organic Search > Email > Paid Social
JOURNEY-01580,CUST-01580,2025-05-29 14:11:00,2025-06-01 16:15:00,Email,Organic Search,Promotional Email,SEO Blog,3,3,0,0,0.0,74.07,,,Email > Paid Search > Organic Search
JOURNEY-01581,CUST-01581,2025-05-24 14:04:00,2025-06-01 02:47:00,Direct,Paid Search,Direct Visit,Product Search,5,5,0,0,0.0,180.72,,,Direct > Email > Paid Social > Organic Social > Paid Search
JOURNEY-01582,CUST-01582,2025-01-26 02:57:00,2025-01-29 17:37:00,Email,Referral,Welcome Series,Customer Referral,2,2,1,1,192.93,86.67,2025-01-29 17:37:00,3.61,Email > Referral
JOURNEY-01583,CUST-01583,2025-04-01 04:53:00,2025-04-04 03:46:00,Paid Search,Paid Search,Product Search,Competitor Search,3,2,0,0,0.0,70.88,,,Paid Search > Organic Search > Paid Search
JOURNEY-01584,CUST-01584,2025-04-24 15:55:00,2025-04-28 06:25:00,Display,Paid Social,Retargeting,Facebook Ads,2,2,0,0,0.0,86.5,,,Display > Paid Social
JOURNEY-01585,CUST-01585,2025-06-29 10:52:00,2025-07-02 08:48:00,Referral,Email,Affiliate,Welcome Series,3,3,0,0,0.0,69.93,,,Referral > Paid Search > Email
JOURNEY-01586,CUST-01586,2025-04-13 21:32:00,2025-04-20 01:23:00,Paid Social,Paid Search,Instagram Ads,Brand Search,5,4,0,0,0.0,147.85,,,Paid Social > Organic Search > Paid Search > Organic Social > Paid Search
JOURNEY-01587,CUST-01587,2025-06-02 21:57:00,2025-06-15 05:30:00,Email,Display,Newsletter,Prospecting,5,5,0,0,0.0,295.55,,,Email > Organic Search > Paid Search > Referral > Display
JOURNEY-01588,CUST-01588,2025-01-09 20:10:00,2025-01-14 13:09:00,Display,Paid Social,Banner Campaign,Facebook Ads,4,4,1,1,198.65,112.98,2025-01-14 13:09:00,4.71,Display > Organic Search > Email > Paid Social
JOURNEY-01589,CUST-01589,2025-02-18 08:27:00,2025-02-23 08:22:00,Paid Social,Display,LinkedIn Ads,Banner Campaign,4,4,0,0,0.0,119.92,,,Paid Social > Paid Search > Organic Search > Display
JOURNEY-01590,CUST-01590,2025-05-13 08:36:00,2025-05-19 22:20:00,Paid Search,Paid Social,Product Search,Instagram Ads,3,3,0,0,0.0,157.73,,,Paid Search > Display > Paid Social
JOURNEY-01591,CUST-01591,2025-03-15 13:45:00,2025-03-25 00:14:00,Referral,Paid Social,Partner Website,Instagram Ads,5,4,0,0,0.0,226.48,,,Referral > Paid Search > Email > Paid Search > Paid Social
JOURNEY-01592,CUST-01592,2025-02-04 20:25:00,2025-02-06 10:07:00,Organic Search,Referral,Product Pages,Affiliate,3,3,0,0,0.0,37.7,,,Organic Search > Paid Social > Referral
JOURNEY-01593,CUST-01593,2025-03-25 23:49:00,2025-03-30 09:39:00,Display,Display,Prospecting,Prospecting,3,2,1,1,50.9,105.83,2025-03-30 09:39:00,4.41,Display > Organic Search > Display
JOURNEY-01594,CUST-01594,2025-03-05 11:13:00,2025-03-05 11:13:00,Paid Search,Paid Search,Product Search,Product Search,1,1,0,0,0.0,0.0,,,Paid Search
JOURNEY-01595,CUST-01595,2025-02-03 16:42:00,2025-02-08 00:29:00,Email,Email,Welcome Series,Newsletter,3,2,0,0,0.0,103.78,,,Email > Organic Social > Email
JOURNEY-01596,CUST-01596,2025-03-29 02:55:00,2025-04-13 17:03:00,Referral,Email,Partner Website,Welcome Series,7,5,0,0,0.0,374.13,,,Referral > Email > Paid Search > Paid Social > Organic Search > Paid Social > Email
JOURNEY-01597,CUST-01597,2025-01-11 11:08:00,2025-01-18 07:41:00,Organic Search,Paid Search,Product Pages,Product Search,4,4,0,0,0.0,164.55,,,Organic Search > Email > Paid Social > Paid Search
JOURNEY-01598,CUST-01598,2025-06-08 15:51:00,2025-06-12 15:25:00,Organic Search,Paid Search,Product Pages,Brand Search,4,4,0,0,0.0,95.57,,,Organic Search > Email > Direct > Paid Search
JOURNEY-01599,CUST-01599,2025-05-03 10:39:00,2025-05-07 16:09:00,Paid Search,Direct,Product Search,Direct Visit,3,3,0,0,0.0,101.5,,,Paid Search > Organic Search > Direct
JOURNEY-01600,CUST-01600,2025-06-23 10:31:00,2025-06-27 07:24:00,Paid Social,Email,LinkedIn Ads,Newsletter,2,2,1,1,65.01,92.88,2025-06-27 07:24:00,3.87,Paid Social > Email
JOURNEY-01601,CUST-01601,2025-01-13 11:36:00,2025-01-19 00:36:00,Organic Search,Organic Search,Product Pages,Product Pages,4,3,0,0,0.0,133.0,,,Organic Search > Referral > Email > Organic Search
JOURNEY-01602,CUST-01602,2025-05-09 22:04:00,2025-05-11 18:15:00,Paid Social,Organic Search,LinkedIn Ads,Product Pages,2,2,0,0,0.0,44.18,,,Paid Social > Organic Search
JOURNEY-01603,CUST-01603,2025-06-08 01:42:00,2025-06-12 05:42:00,Organic Search,Referral,Educational Content,Customer Referral,3,3,0,0,0.0,100.0,,,Organic Search > Email > Referral
JOURNEY-01604,CUST-01604,2025-04-05 18:57:00,2025-04-10 01:16:00,Direct,Paid Social,Direct Visit,LinkedIn Ads,4,4,0,0,0.0,102.32,,,Direct > Display > Organic Search > Paid Social
JOURNEY-01605,CUST-01605,2025-05-23 13:42:00,2025-05-28 00:10:00,Direct,Organic Social,Direct Visit,Instagram Organic,3,3,0,0,0.0,106.47,,,Direct > Paid Search > Organic Social
JOURNEY-01606,CUST-01606,2025-01-17 13:27:00,2025-01-27 00:15:00,Paid Social,Paid Social,LinkedIn Ads,LinkedIn Ads,4,3,0,0,0.0,226.8,,,Paid Social > Organic Search > Paid Search > Paid Social
JOURNEY-01607,CUST-01607,2025-03-11 23:03:00,2025-03-14 20:51:00,Organic Search,Email,Product Pages,Promotional Email,2,2,1,1,76.88,69.8,2025-03-14 20:51:00,2.91,Organic Search > Email
JOURNEY-01608,CUST-01608,2025-04-22 08:15:00,2025-04-24 19:45:00,Direct,Paid Social,Direct Visit,Facebook Ads,3,3,0,0,0.0,59.5,,,Direct > Referral > Paid Social
JOURNEY-01609,CUST-01609,2025-05-28 10:01:00,2025-06-07 04:05:00,Email,Organic Search,Welcome Series,Educational Content,5,4,0,0,0.0,234.07,,,Email > Organic Search > Direct > Paid Social > Organic Search
JOURNEY-01610,CUST-01610,2025-02-19 09:46:00,2025-02-28 11:28:00,Direct,Organic Search,Direct Visit,SEO Blog,5,5,0,0,0.0,217.7,,,Direct > Referral > Organic Social > Paid Search > Organic Search
JOURNEY-01611,CUST-01611,2025-01-16 05:08:00,2025-01-23 04:48:00,Direct,Email,Direct Visit,Newsletter,5,4,1,1,198.96,167.67,2025-01-23 04:48:00,6.99,Direct > Paid Search > Display > Paid Search > Email
JOURNEY-01612,CUST-01612,2025-06-06 07:13:00,2025-06-09 04:14:00,Organic Search,Organic Search,Educational Content,Educational Content,3,2,0,0,0.0,69.02,,,Organic Search > Paid Social > Organic Search
JOURNEY-01613,CUST-01613,2025-04-30 22:34:00,2025-05-07 02:44:00,Direct,Email,Direct Visit,Newsletter,3,3,1,1,291.77,148.17,2025-05-07 02:44:00,6.17,Direct > Paid Social > Email
JOURNEY-01614,CUST-01614,2025-05-04 18:54:00,2025-05-05 21:27:00,Paid Search,Organic Search,Competitor Search,Educational Content,4,4,0,0,0.0,26.55,,,Paid Search > Email > Paid Social > Organic Search
JOURNEY-01615,CUST-01615,2025-06-11 18:56:00,2025-06-16 11:27:00,Direct,Paid Social,Direct Visit,LinkedIn Ads,3,3,0,0,0.0,112.52,,,Direct > Email > Paid Social
JOURNEY-01616,CUST-01616,2025-05-24 05:13:00,2025-05-24 08:39:00,Organic Search,Paid Social,SEO Blog,Instagram Ads,2,2,0,0,0.0,3.43,,,Organic Search > Paid Social
JOURNEY-01617,CUST-01617,2025-03-30 05:00:00,2025-03-31 11:16:00,Paid Search,Email,Competitor Search,Welcome Series,2,2,0,0,0.0,30.27,,,Paid Search > Email
JOURNEY-01618,CUST-01618,2025-04-04 17:44:00,2025-04-16 10:51:00,Paid Social,Organic Search,LinkedIn Ads,Product Pages,6,3,0,0,0.0,281.12,,,Paid Social > Email > Paid Social > Organic Search > Email > Organic Search
JOURNEY-01619,CUST-01619,2025-03-17 05:55:00,2025-03-25 04:43:00,Email,Organic Search,Promotional Email,Educational Content,4,3,0,0,0.0,190.8,,,Email > Paid Social > Email > Organic Search
JOURNEY-01620,CUST-01620,2025-03-16 13:25:00,2025-03-20 03:17:00,Email,Paid Search,Welcome Series,Product Search,2,2,0,0,0.0,85.87,,,Email > Paid Search
JOURNEY-01621,CUST-01621,2025-02-11 10:36:00,2025-02-19 05:11:00,Direct,Organic Search,Direct Visit,Product Pages,3,3,0,0,0.0,186.58,,,Direct > Email > Organic Search
JOURNEY-01622,CUST-01622,2025-01-19 17:08:00,2025-01-23 10:00:00,Referral,Paid Search,Partner Website,Competitor Search,3,3,0,0,0.0,88.87,,,Referral > Direct > Paid Search
JOURNEY-01623,CUST-01623,2025-03-07 15:07:00,2025-03-11 06:47:00,Organic Search,Referral,Product Pages,Partner Website,2,2,0,0,0.0,87.67,,,Organic Search > Referral
JOURNEY-01624,CUST-01624,2025-02-19 15:31:00,2025-02-19 15:31:00,Paid Social,Paid Social,Facebook Ads,Facebook Ads,1,1,0,0,0.0,0.0,,,Paid Social
JOURNEY-01625,CUST-01625,2025-03-19 06:28:00,2025-03-21 15:25:00,Direct,Paid Search,Direct Visit,Competitor Search,2,2,0,0,0.0,56.95,,,Direct > Paid Search
JOURNEY-01626,CUST-01626,2025-05-13 04:35:00,2025-05-20 17:18:00,Organic Search,Referral,SEO Blog,Affiliate,5,5,0,0,0.0,180.72,,,Organic Search > Paid Social > Display > Email > Referral
JOURNEY-01627,CUST-01627,2025-04-12 13:48:00,2025-04-16 17:45:00,Organic Social,Paid Search,Instagram Organic,Competitor Search,3,3,0,0,0.0,99.95,,,Organic Social > Direct > Paid Search
JOURNEY-01628,CUST-01628,2025-04-26 10:02:00,2025-05-05 08:27:00,Paid Social,Email,LinkedIn Ads,Promotional Email,5,5,1,1,151.69,214.42,2025-05-05 08:27:00,8.93,Paid Social > Organic Search > Display > Paid Search > Email
JOURNEY-01629,CUST-01629,2025-01-19 23:08:00,2025-02-03 13:49:00,Display,Display,Prospecting,Retargeting,8,5,0,0,0.0,350.68,,,Display > Email > Paid Search > Paid Social > Display > Paid Social > Direct > Display
JOURNEY-01630,CUST-01630,2025-03-28 08:25:00,2025-04-02 08:31:00,Display,Display,Banner Campaign,Banner Campaign,3,2,0,0,0.0,120.1,,,Display > Paid Social > Display
JOURNEY-01631,CUST-01631,2025-05-14 03:24:00,2025-05-19 19:23:00,Paid Search,Paid Search,Competitor Search,Product Search,4,3,0,0,0.0,135.98,,,Paid Search > Display > Organic Social > Paid Search
JOURNEY-01632,CUST-01632,2025-05-24 20:01:00,2025-05-31 05:44:00,Direct,Paid Search,Direct Visit,Product Search,4,4,0,0,0.0,153.72,,,Direct > Organic Search > Paid Social > Paid Search
JOURNEY-01633,CUST-01633,2025-02-20 01:06:00,2025-03-02 14:57:00,Organic Search,Organic Social,Educational Content,LinkedIn Organic,6,6,0,0,0.0,253.85,,,Organic Search > Referral > Direct > Paid Search > Paid Social > Organic Social
JOURNEY-01634,CUST-01634,2025-06-06 17:24:00,2025-06-12 01:24:00,Paid Social,Organic Search,Facebook Ads,Product Pages,3,3,0,0,0.0,128.0,,,Paid Social > Email > Organic Search
JOURNEY-01635,CUST-01635,2025-01-04 14:57:00,2025-01-06 09:01:00,Referral,Paid Social,Affiliate,Instagram Ads,2,2,1,1,231.23,42.07,2025-01-06 09:01:00,1.75,Referral > Paid Social
JOURNEY-01636,CUST-01636,2025-03-10 03:41:00,2025-03-10 03:41:00,Email,Email,Promotional Email,Promotional Email,1,1,0,0,0.0,0.0,,,Email
JOURNEY-01637,CUST-01637,2025-01-21 16:07:00,2025-01-29 10:30:00,Organic Search,Organic Search,Product Pages,Educational Content,5,4,0,0,0.0,186.38,,,Organic Search > Display > Paid Social > Email > Organic Search
JOURNEY-01638,CUST-01638,2025-02-10 23:28:00,2025-02-15 15:48:00,Direct,Paid Search,Direct Visit,Product Search,4,3,0,0,0.0,112.33,,,Direct > Paid Search > Email > Paid Search
JOURNEY-01639,CUST-01639,2025-02-16 17:33:00,2025-02-18 03:01:00,Paid Search,Organic Search,Product Search,Product Pages,3,2,0,0,0.0,33.47,,,Paid Search > Organic Search > Organic Search
JOURNEY-01640,CUST-01640,2025-03-02 16:36:00,2025-03-13 19:28:00,Email,Organic Search,Promotional Email,Educational Content,6,5,1,1,107.54,266.87,2025-03-13 19:28:00,11.12,Email > Organic Social > Email > Display > Referral > Organic Search
JOURNEY-01641,CUST-01641,2025-05-01 07:36:00,2025-05-06 01:09:00,Paid Search,Paid Social,Brand Search,Instagram Ads,3,3,1,1,102.15,113.55,2025-05-06 01:09:00,4.73,Paid Search > Organic Social > Paid Social
JOURNEY-01642,CUST-01642,2025-04-04 05:21:00,2025-04-08 08:54:00,Direct,Paid Search,Direct Visit,Product Search,4,2,0,0,0.0,99.55,,,Direct > Paid Search > Direct > Paid Search
JOURNEY-01643,CUST-01643,2025-04-16 04:22:00,2025-04-22 05:44:00,Direct,Email,Direct Visit,Welcome Series,5,4,0,0,0.0,145.37,,,Direct > Referral > Direct > Organic Social > Email
JOURNEY-01644,CUST-01644,2025-01-22 02:14:00,2025-01-29 05:20:00,Organic Search,Direct,Educational Content,Direct Visit,4,3,0,0,0.0,171.1,,,Organic Search > Direct > Paid Social > Direct
JOURNEY-01645,CUST-01645,2025-02-20 12:24:00,2025-02-27 08:45:00,Direct,Direct,Direct Visit,Direct Visit,4,3,0,0,0.0,164.35,,,Direct > Referral > Email > Direct
JOURNEY-01646,CUST-01646,2025-01-03 08:43:00,2025-01-11 21:08:00,Organic Search,Paid Social,Product Pages,LinkedIn Ads,5,4,1,1,120.01,204.42,2025-01-11 21:08:00,8.52,Organic Search > Referral > Organic Search > Email > Paid Social
JOURNEY-01647,CUST-01647,2025-05-01 01:13:00,2025-05-08 23:12:00,Email,Paid Search,Promotional Email,Product Search,5,3,1,1,120.54,189.98,2025-05-08 23:12:00,7.92,Email > Organic Search > Paid Search > Organic Search > Paid Search
JOURNEY-01648,CUST-01648,2025-03-09 14:03:00,2025-03-11 19:27:00,Direct,Direct,Direct Visit,Direct Visit,4,2,0,0,0.0,53.4,,,Direct > Email > Email > Direct
JOURNEY-01649,CUST-01649,2025-04-18 09:06:00,2025-04-20 05:35:00,Display,Paid Social,Banner Campaign,Facebook Ads,3,3,0,0,0.0,44.48,,,Display > Email > Paid Social
JOURNEY-01650,CUST-01650,2025-03-13 16:23:00,2025-03-14 18:37:00,Email,Organic Search,Promotional Email,Product Pages,3,3,0,0,0.0,26.23,,,Email > Direct > Organic Search
JOURNEY-01651,CUST-01651,2025-04-26 09:19:00,2025-05-04 19:21:00,Organic Search,Paid Social,Product Pages,Instagram Ads,4,4,0,0,0.0,202.03,,,Organic Search > Organic Social > Display > Paid Social
JOURNEY-01652,CUST-01652,2025-03-14 12:05:00,2025-03-15 19:53:00,Referral,Organic Social,Affiliate,Instagram Organic,2,2,0,0,0.0,31.8,,,Referral > Organic Social
JOURNEY-01653,CUST-01653,2025-03-03 14:46:00,2025-03-17 20:36:00,Referral,Email,Affiliate,Newsletter,8,6,0,0,0.0,341.83,,,Referral > Organic Social > Paid Social > Email > Direct > Paid Search > Paid Social > Email
JOURNEY-01654,CUST-01654,2025-03-15 05:57:00,2025-03-16 17:34:00,Paid Social,Email,LinkedIn Ads,Welcome Series,4,4,1,1,114.13,35.62,2025-03-16 17:34:00,1.48,Paid Social > Display > Referral > Email
JOURNEY-01655,CUST-01655,2025-05-28 04:23:00,2025-05-29 20:40:00,Organic Social,Organic Search,TikTok Organic,Product Pages,2,2,0,0,0.0,40.28,,,Organic Social > Organic Search
JOURNEY-01656,CUST-01656,2025-06-17 10:50:00,2025-06-18 10:55:00,Email,Paid Search,Welcome Series,Product Search,2,2,0,0,0.0,24.08,,,Email > Paid Search
JOURNEY-01657,CUST-01657,2025-01-30 21:27:00,2025-01-30 21:27:00,Referral,Referral,Affiliate,Affiliate,1,1,0,0,0.0,0.0,,,Referral
JOURNEY-01658,CUST-01658,2025-01-20 04:45:00,2025-01-26 08:28:00,Display,Paid Social,Retargeting,LinkedIn Ads,4,4,0,0,0.0,147.72,,,Display > Paid Search > Organic Search > Paid Social
JOURNEY-01659,CUST-01659,2025-01-22 04:14:00,2025-01-22 04:14:00,Direct,Direct,Direct Visit,Direct Visit,1,1,0,0,0.0,0.0,,,Direct
JOURNEY-01660,CUST-01660,2025-04-27 21:52:00,2025-04-27 21:52:00,Email,Email,Promotional Email,Promotional Email,1,1,1,1,121.67,0.0,2025-04-27 21:52:00,0.0,Email
JOURNEY-01661,CUST-01661,2025-04-02 09:47:00,2025-04-05 03:02:00,Organic Social,Paid Search,TikTok Organic,Competitor Search,4,4,0,0,0.0,65.25,,,Organic Social > Direct > Display > Paid Search
JOURNEY-01662,CUST-01662,2025-05-09 15:27:00,2025-05-21 02:35:00,Paid Social,Direct,Facebook Ads,Direct Visit,5,4,0,0,0.0,275.13,,,Paid Social > Paid Search > Paid Social > Organic Social > Direct
JOURNEY-01663,CUST-01663,2025-05-31 10:10:00,2025-06-04 08:58:00,Organic Search,Direct,SEO Blog,Direct Visit,2,2,0,0,0.0,94.8,,,Organic Search > Direct
JOURNEY-01664,CUST-01664,2025-01-16 09:11:00,2025-01-17 05:03:00,Organic Social,Paid Social,TikTok Organic,LinkedIn Ads,3,3,1,1,36.11,19.87,2025-01-17 05:03:00,0.83,Organic Social > Referral > Paid Social
JOURNEY-01665,CUST-01665,2025-01-02 01:40:00,2025-01-05 00:43:00,Display,Direct,Banner Campaign,Direct Visit,3,3,0,0,0.0,71.05,,,Display > Referral > Direct
JOURNEY-01666,CUST-01666,2025-01-30 22:34:00,2025-02-02 19:36:00,Email,Paid Search,Newsletter,Competitor Search,3,3,0,0,0.0,69.03,,,Email > Organic Social > Paid Search
JOURNEY-01667,CUST-01667,2025-02-23 23:31:00,2025-03-01 09:46:00,Referral,Direct,Affiliate,Direct Visit,3,3,0,0,0.0,130.25,,,Referral > Organic Social > Direct
JOURNEY-01668,CUST-01668,2025-04-26 11:07:00,2025-04-26 11:07:00,Organic Search,Organic Search,Educational Content,Educational Content,1,1,0,0,0.0,0.0,,,Organic Search
JOURNEY-01669,CUST-01669,2025-06-01 10:52:00,2025-06-02 01:15:00,Paid Search,Organic Search,Competitor Search,Product Pages,2,2,0,0,0.0,14.38,,,Paid Search > Organic Search
JOURNEY-01670,CUST-01670,2025-01-20 08:16:00,2025-01-20 08:16:00,Email,Email,Newsletter,Newsletter,1,1,0,0,0.0,0.0,,,Email
JOURNEY-01671,CUST-01671,2025-04-23 22:19:00,2025-04-26 13:16:00,Paid Search,Direct,Brand Search,Direct Visit,3,3,0,0,0.0,62.95,,,Paid Search > Referral > Direct
JOURNEY-01672,CUST-01672,2025-06-02 20:54:00,2025-06-08 10:01:00,Organic Search,Organic Search,Product Pages,Educational Content,3,2,0,0,0.0,133.12,,,Organic Search > Paid Social > Organic Search
JOURNEY-01673,CUST-01673,2025-05-02 18:27:00,2025-05-09 21:50:00,Paid Search,Paid Search,Product Search,Competitor Search,5,2,0,0,0.0,171.38,,,Paid Search > Direct > Paid Search > Direct > Paid Search
JOURNEY-01674,CUST-01674,2025-04-24 19:48:00,2025-04-28 18:39:00,Paid Search,Paid Social,Brand Search,LinkedIn Ads,2,2,0,0,0.0,94.85,,,Paid Search > Paid Social
JOURNEY-01675,CUST-01675,2025-02-13 05:27:00,2025-02-18 14:29:00,Paid Social,Paid Search,LinkedIn Ads,Brand Search,5,5,0,0,0.0,129.03,,,Paid Social > Referral > Display > Organic Search > Paid Search
JOURNEY-01676,CUST-01676,2025-03-18 16:04:00,2025-03-25 23:01:00,Organic Search,Paid Search,Product Pages,Brand Search,3,3,0,0,0.0,174.95,,,Organic Search > Paid Social > Paid Search
JOURNEY-01677,CUST-01677,2025-03-16 22:06:00,2025-03-27 15:44:00,Paid Search,Email,Competitor Search,Newsletter,6,2,0,0,0.0,257.63,,,Paid Search > Email > Paid Search > Email > Paid Search > Email
JOURNEY-01678,CUST-01678,2025-03-16 04:11:00,2025-03-23 12:46:00,Email,Direct,Newsletter,Direct Visit,3,2,0,0,0.0,176.58,,,Email > Direct > Direct
JOURNEY-01679,CUST-01679,2025-06-11 13:39:00,2025-06-13 06:10:00,Direct,Direct,Direct Visit,Direct Visit,2,1,0,0,0.0,40.52,,,Direct > Direct
JOURNEY-01680,CUST-01680,2025-05-06 19:34:00,2025-05-07 00:24:00,Paid Search,Email,Product Search,Welcome Series,2,2,0,0,0.0,4.83,,,Paid Search > Email
JOURNEY-01681,CUST-01681,2025-02-15 13:29:00,2025-02-19 02:23:00,Referral,Direct,Partner Website,Direct Visit,2,2,1,1,76.19,84.9,2025-02-19 02:23:00,3.54,Referral > Direct
JOURNEY-01682,CUST-01682,2025-02-18 09:59:00,2025-02-24 10:48:00,Paid Social,Organic Search,Instagram Ads,SEO Blog,4,4,0,0,0.0,144.82,,,Paid Social > Email > Direct > Organic Search
JOURNEY-01683,CUST-01683,2025-04-06 17:26:00,2025-04-13 07:47:00,Organic Search,Organic Search,SEO Blog,SEO Blog,4,3,1,1,56.17,158.35,2025-04-13 07:47:00,6.6,Organic Search > Organic Social > Direct > Organic Search
JOURNEY-01684,CUST-01684,2025-05-26 20:49:00,2025-06-02 13:19:00,Paid Social,Organic Search,LinkedIn Ads,SEO Blog,3,3,1,1,209.16,160.5,2025-06-02 13:19:00,6.69,Paid Social > Organic Social > Organic Search
JOURNEY-01685,CUST-01685,2025-06-07 05:35:00,2025-06-09 16:43:00,Paid Search,Email,Brand Search,Newsletter,4,3,1,1,110.21,59.13,2025-06-09 16:43:00,2.46,Paid Search > Email > Direct > Email
JOURNEY-01686,CUST-01686,2025-02-01 06:10:00,2025-02-06 22:37:00,Paid Social,Paid Search,LinkedIn Ads,Brand Search,4,4,0,0,0.0,136.45,,,Paid Social > Organic Search > Display > Paid Search
JOURNEY-01687,CUST-01687,2025-04-19 11:21:00,2025-04-29 14:06:00,Direct,Referral,Direct Visit,Affiliate,7,6,1,1,61.31,242.75,2025-04-29 14:06:00,10.11,Direct > Organic Search > Display > Paid Search > Organic Search > Paid Social > Referral
JOURNEY-01688,CUST-01688,2025-03-02 23:05:00,2025-03-15 11:40:00,Direct,Organic Social,Direct Visit,TikTok Organic,5,3,0,0,0.0,300.58,,,Direct > Organic Social > Direct > Display > Organic Social
JOURNEY-01689,CUST-01689,2025-02-06 22:33:00,2025-02-17 12:49:00,Organic Search,Organic Search,SEO Blog,SEO Blog,6,5,0,0,0.0,254.27,,,Organic Search > Referral > Paid Social > Display > Direct > Organic Search
JOURNEY-01690,CUST-01690,2025-05-19 22:20:00,2025-05-20 13:31:00,Paid Social,Referral,LinkedIn Ads,Customer Referral,2,2,0,0,0.0,15.18,,,Paid Social > Referral
JOURNEY-01691,CUST-01691,2025-06-15 18:12:00,2025-06-17 11:39:00,Paid Social,Paid Search,LinkedIn Ads,Competitor Search,2,2,0,0,0.0,41.45,,,Paid Social > Paid Search
JOURNEY-01692,CUST-01692,2025-06-01 17:26:00,2025-06-07 22:14:00,Paid Social,Paid Social,Facebook Ads,Instagram Ads,4,3,0,0,0.0,148.8,,,Paid Social > Organic Social > Organic Search > Paid Social
JOURNEY-01693,CUST-01693,2025-01-13 17:34:00,2025-01-28 05:59:00,Paid Social,Paid Social,Facebook Ads,LinkedIn Ads,6,4,0,0,0.0,348.42,,,Paid Social > Referral > Paid Search > Email > Paid Search > Paid Social
JOURNEY-01694,CUST-01694,2025-04-27 02:29:00,2025-05-02 15:24:00,Organic Search,Paid Search,Educational Content,Brand Search,3,3,1,1,186.37,132.92,2025-05-02 15:24:00,5.54,Organic Search > Organic Social > Paid Search
JOURNEY-01695,CUST-01695,2025-01-01 09:47:00,2025-01-03 11:43:00,Organic Social,Organic Search,LinkedIn Organic,Product Pages,2,2,0,0,0.0,49.93,,,Organic Social > Organic Search
JOURNEY-01696,CUST-01696,2025-05-05 20:46:00,2025-05-13 21:53:00,Direct,Email,Direct Visit,Welcome Series,4,4,0,0,0.0,193.12,,,Direct > Display > Paid Social > Email
JOURNEY-01697,CUST-01697,2025-06-20 11:59:00,2025-06-23 02:27:00,Organic Search,Organic Search,Product Pages,SEO Blog,3,2,0,0,0.0,62.47,,,Organic Search > Email > Organic Search
JOURNEY-01698,CUST-01698,2025-03-24 11:10:00,2025-04-06 15:42:00,Paid Search,Email,Competitor Search,Newsletter,6,4,0,0,0.0,316.53,,,Paid Search > Direct > Referral > Direct > Paid Search > Email
JOURNEY-01699,CUST-01699,2025-05-10 04:48:00,2025-05-17 06:32:00,Paid Search,Email,Competitor Search,Welcome Series,3,3,1,1,266.79,169.73,2025-05-17 06:32:00,7.07,Paid Search > Paid Social > Email
JOURNEY-01700,CUST-01700,2025-03-05 08:48:00,2025-03-06 23:40:00,Display,Email,Retargeting,Newsletter,2,2,1,1,100.05,38.87,2025-03-06 23:40:00,1.62,Display > Email
JOURNEY-01701,CUST-01701,2025-06-01 14:28:00,2025-06-09 23:21:00,Organic Search,Paid Social,Product Pages,Facebook Ads,5,4,1,1,234.85,200.88,2025-06-09 23:21:00,8.37,Organic Search > Organic Social > Email > Organic Search > Paid Social
JOURNEY-01702,CUST-01702,2025-06-05 19:18:00,2025-06-09 03:43:00,Email,Paid Social,Promotional Email,Instagram Ads,3,3,0,0,0.0,80.42,,,Email > Paid Search > Paid Social
JOURNEY-01703,CUST-01703,2025-04-20 02:05:00,2025-04-29 12:48:00,Referral,Organic Search,Partner Website,Educational Content,6,5,1,1,121.58,226.72,2025-04-29 12:48:00,9.45,Referral > Direct > Paid Social > Display > Paid Social > Organic Search
JOURNEY-01704,CUST-01704,2025-03-28 21:28:00,2025-04-02 22:20:00,Email,Direct,Promotional Email,Direct Visit,5,5,0,0,0.0,120.87,,,Email > Display > Paid Social > Organic Search > Direct
JOURNEY-01705,CUST-01705,2025-06-13 02:18:00,2025-06-23 18:12:00,Paid Social,Paid Social,LinkedIn Ads,Facebook Ads,8,4,0,0,0.0,255.9,,,Paid Social > Display > Email > Display > Email > Display > Paid Search > Paid Social
JOURNEY-01706,CUST-01706,2025-03-21 18:07:00,2025-03-25 15:08:00,Referral,Paid Search,Partner Website,Product Search,3,3,0,0,0.0,93.02,,,Referral > Organic Social > Paid Search
JOURNEY-01707,CUST-01707,2025-06-21 05:04:00,2025-06-23 11:04:00,Organic Search,Email,Educational Content,Newsletter,2,2,0,0,0.0,54.0,,,Organic Search > Email
JOURNEY-01708,CUST-01708,2025-01-02 16:01:00,2025-01-04 04:37:00,Referral,Direct,Partner Website,Direct Visit,2,2,0,0,0.0,36.6,,,Referral > Direct
JOURNEY-01709,CUST-01709,2025-01-05 20:18:00,2025-01-07 20:58:00,Paid Search,Paid Social,Product Search,Instagram Ads,2,2,0,0,0.0,48.67,,,Paid Search > Paid Social
JOURNEY-01710,CUST-01710,2025-03-22 19:19:00,2025-03-24 08:07:00,Paid Search,Email,Brand Search,Newsletter,3,3,1,1,113.96,36.8,2025-03-24 08:07:00,1.53,Paid Search > Paid Social > Email
JOURNEY-01711,CUST-01711,2025-06-18 08:10:00,2025-06-22 12:02:00,Paid Social,Email,LinkedIn Ads,Welcome Series,4,4,0,0,0.0,99.87,,,Paid Social > Organic Search > Direct > Email
JOURNEY-01712,CUST-01712,2025-02-18 16:41:00,2025-02-18 19:47:00,Referral,Email,Partner Website,Newsletter,2,2,0,0,0.0,3.1,,,Referral > Email
JOURNEY-01713,CUST-01713,2025-04-15 15:32:00,2025-04-19 12:50:00,Organic Social,Email,Instagram Organic,Promotional Email,2,2,1,1,223.25,93.3,2025-04-19 12:50:00,3.89,Organic Social > Email
JOURNEY-01714,CUST-01714,2025-02-08 01:55:00,2025-02-24 12:12:00,Paid Search,Paid Search,Competitor Search,Brand Search,7,5,1,1,269.15,394.28,2025-02-24 12:12:00,16.43,Paid Search > Organic Social > Paid Social > Referral > Email > Organic Social > Paid Search
JOURNEY-01715,CUST-01715,2025-02-20 07:40:00,2025-03-02 13:25:00,Paid Search,Organic Search,Competitor Search,SEO Blog,5,3,1,1,22.74,245.75,2025-03-02 13:25:00,10.24,Paid Search > Paid Social > Paid Search > Paid Search > Organic Search
JOURNEY-01716,CUST-01716,2025-04-10 12:03:00,2025-04-15 04:49:00,Email,Organic Social,Newsletter,LinkedIn Organic,3,3,0,0,0.0,112.77,,,Email > Paid Search > Organic Social
JOURNEY-01717,CUST-01717,2025-04-10 22:13:00,2025-04-20 22:15:00,Direct,Paid Social,Direct Visit,Facebook Ads,6,4,1,1,62.54,240.03,2025-04-20 22:15:00,10.0,Direct > Paid Social > Direct > Paid Search > Email > Paid Social
JOURNEY-01718,CUST-01718,2025-03-28 09:44:00,2025-03-31 17:23:00,Organic Social,Email,LinkedIn Organic,Promotional Email,3,3,0,0,0.0,79.65,,,Organic Social > Organic Search > Email
JOURNEY-01719,CUST-01719,2025-06-23 11:12:00,2025-07-05 11:46:00,Paid Search,Organic Search,Competitor Search,Educational Content,6,4,0,0,0.0,288.57,,,Paid Search > Display > Paid Search > Email > Paid Search > Organic Search
JOURNEY-01720,CUST-01720,2025-03-11 19:20:00,2025-03-15 20:05:00,Paid Search,Paid Social,Product Search,Instagram Ads,3,3,0,0,0.0,96.75,,,Paid Search > Organic Search > Paid Social
JOURNEY-01721,CUST-01721,2025-06-15 21:22:00,2025-06-21 02:23:00,Organic Search,Referral,Educational Content,Customer Referral,4,4,0,0,0.0,125.02,,,Organic Search > Direct > Email > Referral
JOURNEY-01722,CUST-01722,2025-06-04 14:07:00,2025-06-13 10:15:00,Display,Organic Search,Prospecting,Product Pages,5,5,0,0,0.0,212.13,,,Display > Email > Paid Social > Paid Search > Organic Search
JOURNEY-01723,CUST-01723,2025-06-04 12:33:00,2025-06-08 08:52:00,Paid Search,Direct,Competitor Search,Direct Visit,2,2,0,0,0.0,92.32,,,Paid Search > Direct
JOURNEY-01724,CUST-01724,2025-01-01 09:22:00,2025-01-01 09:22:00,Direct,Direct,Direct Visit,Direct Visit,1,1,1,1,255.09,0.0,2025-01-01 09:22:00,0.0,Direct
JOURNEY-01725,CUST-01725,2025-05-21 08:39:00,2025-06-01 09:11:00,Paid Search,Email,Competitor Search,Newsletter,5,4,0,0,0.0,264.53,,,Paid Search > Direct > Referral > Paid Search > Email
JOURNEY-01726,CUST-01726,2025-05-31 12:55:00,2025-06-02 13:49:00,Paid Social,Display,Facebook Ads,Retargeting,4,3,0,0,0.0,48.9,,,Paid Social > Organic Social > Paid Social > Display
JOURNEY-01727,CUST-01727,2025-01-03 20:30:00,2025-01-08 22:38:00,Organic Search,Email,Product Pages,Newsletter,5,5,0,0,0.0,122.13,,,Organic Search > Referral > Paid Search > Direct > Email
JOURNEY-01728,CUST-01728,2025-04-16 22:03:00,2025-04-16 22:03:00,Organic Search,Organic Search,SEO Blog,SEO Blog,1,1,0,0,0.0,0.0,,,Organic Search
JOURNEY-01729,CUST-01729,2025-03-16 01:00:00,2025-03-18 16:31:00,Organic Search,Organic Social,SEO Blog,LinkedIn Organic,3,3,0,0,0.0,63.52,,,Organic Search > Display > Organic Social
JOURNEY-01730,CUST-01730,2025-06-23 04:53:00,2025-07-09 06:49:00,Paid Social,Email,LinkedIn Ads,Welcome Series,8,7,1,1,341.81,385.93,2025-07-09 06:49:00,16.08,Paid Social > Referral > Direct > Paid Social > Organic Search > Paid Search > Organic Social > Email
JOURNEY-01731,CUST-01731,2025-01-04 16:52:00,2025-01-07 13:35:00,Paid Search,Organic Search,Competitor Search,SEO Blog,3,3,0,0,0.0,68.72,,,Paid Search > Direct > Organic Search
JOURNEY-01732,CUST-01732,2025-06-16 15:12:00,2025-06-17 14:49:00,Email,Paid Search,Promotional Email,Brand Search,2,2,0,0,0.0,23.62,,,Email > Paid Search
JOURNEY-01733,CUST-01733,2025-02-27 19:57:00,2025-03-04 07:02:00,Email,Paid Search,Newsletter,Brand Search,3,3,1,1,229.99,107.08,2025-03-04 07:02:00,4.46,Email > Display > Paid Search
JOURNEY-01734,CUST-01734,2025-04-13 02:19:00,2025-04-17 05:59:00,Paid Social,Paid Search,Instagram Ads,Competitor Search,4,4,1,1,72.46,99.67,2025-04-17 05:59:00,4.15,Paid Social > Referral > Email > Paid Search
JOURNEY-01735,CUST-01735,2025-03-26 04:33:00,2025-04-01 02:41:00,Paid Social,Direct,LinkedIn Ads,Direct Visit,5,4,1,1,91.56,142.13,2025-04-01 02:41:00,5.92,Paid Social > Paid Search > Display > Direct > Direct
JOURNEY-01736,CUST-01736,2025-03-24 10:24:00,2025-03-29 05:55:00,Organic Social,Referral,LinkedIn Organic,Affiliate,4,3,1,1,395.39,115.52,2025-03-29 05:55:00,4.81,Organic Social > Email > Email > Referral
JOURNEY-01737,CUST-01737,2025-06-26 06:38:00,2025-06-29 22:53:00,Organic Search,Organic Search,Educational Content,Educational Content,3,2,0,0,0.0,88.25,,,Organic Search > Paid Social > Organic Search
JOURNEY-01738,CUST-01738,2025-03-10 18:15:00,2025-03-14 16:56:00,Paid Social,Organic Search,Facebook Ads,SEO Blog,3,3,0,0,0.0,94.68,,,Paid Social > Organic Social > Organic Search
JOURNEY-01739,CUST-01739,2025-06-01 15:48:00,2025-06-16 13:31:00,Display,Email,Banner Campaign,Welcome Series,6,6,0,0,0.0,357.72,,,Display > Organic Search > Organic Social > Paid Search > Referral > Email
JOURNEY-01740,CUST-01740,2025-02-15 15:27:00,2025-02-24 20:27:00,Email,Paid Social,Newsletter,Facebook Ads,6,3,0,0,0.0,221.0,,,Email > Paid Social > Email > Referral > Paid Social > Paid Social
JOURNEY-01741,CUST-01741,2025-03-03 08:30:00,2025-03-16 17:42:00,Display,Paid Social,Retargeting,LinkedIn Ads,7,5,1,1,34.57,321.2,2025-03-16 17:42:00,13.38,Display > Organic Social > Organic Search > Organic Search > Organic Social > Email > Paid Social
JOURNEY-01742,CUST-01742,2025-04-04 19:43:00,2025-04-05 13:56:00,Direct,Organic Social,Direct Visit,Instagram Organic,2,2,0,0,0.0,18.22,,,Direct > Organic Social
JOURNEY-01743,CUST-01743,2025-04-10 03:26:00,2025-04-21 03:50:00,Organic Search,Organic Search,Educational Content,Educational Content,5,3,0,0,0.0,264.4,,,Organic Search > Direct > Paid Search > Paid Search > Organic Search
JOURNEY-01744,CUST-01744,2025-04-14 13:01:00,2025-04-21 09:25:00,Organic Search,Referral,Product Pages,Partner Website,3,3,1,1,259.11,164.4,2025-04-21 09:25:00,6.85,Organic Search > Direct > Referral
JOURNEY-01745,CUST-01745,2025-03-17 07:48:00,2025-03-24 00:58:00,Referral,Organic Social,Partner Website,LinkedIn Organic,4,4,1,1,110.07,161.17,2025-03-24 00:58:00,6.72,Referral > Display > Paid Search > Organic Social
JOURNEY-01746,CUST-01746,2025-01-16 18:21:00,2025-01-22 05:20:00,Email,Organic Social,Newsletter,Instagram Organic,4,4,0,0,0.0,130.98,,,Email > Referral > Direct > Organic Social
JOURNEY-01747,CUST-01747,2025-05-16 20:09:00,2025-05-22 04:26:00,Organic Search,Display,Educational Content,Prospecting,4,4,0,0,0.0,128.28,,,Organic Search > Paid Search > Direct > Display
JOURNEY-01748,CUST-01748,2025-03-14 06:20:00,2025-03-19 14:31:00,Email,Paid Search,Welcome Series,Product Search,3,3,1,1,218.17,128.18,2025-03-19 14:31:00,5.34,Email > Paid Social > Paid Search
JOURNEY-01749,CUST-01749,2025-03-02 15:22:00,2025-03-08 08:20:00,Paid Social,Paid Search,Facebook Ads,Brand Search,4,3,0,0,0.0,136.97,,,Paid Social > Organic Social > Paid Social > Paid Search
JOURNEY-01750,CUST-01750,2025-06-06 08:00:00,2025-06-07 13:22:00,Direct,Direct,Direct Visit,Direct Visit,2,1,0,0,0.0,29.37,,,Direct > Direct
JOURNEY-01751,CUST-01751,2025-03-31 23:07:00,2025-04-04 12:05:00,Paid Search,Paid Social,Product Search,LinkedIn Ads,2,2,0,0,0.0,84.97,,,Paid Search > Paid Social
JOURNEY-01752,CUST-01752,2025-04-15 15:20:00,2025-04-15 15:20:00,Direct,Direct,Direct Visit,Direct Visit,1,1,0,0,0.0,0.0,,,Direct
JOURNEY-01753,CUST-01753,2025-02-08 07:54:00,2025-02-10 16:47:00,Paid Search,Display,Brand Search,Banner Campaign,2,2,0,0,0.0,56.88,,,Paid Search > Display
JOURNEY-01754,CUST-01754,2025-03-14 05:04:00,2025-03-14 05:04:00,Organic Social,Organic Social,TikTok Organic,TikTok Organic,1,1,0,0,0.0,0.0,,,Organic Social
JOURNEY-01755,CUST-01755,2025-04-17 16:35:00,2025-04-29 22:03:00,Organic Search,Display,SEO Blog,Retargeting,7,6,0,0,0.0,293.47,,,Organic Search > Email > Direct > Referral > Organic Social > Referral > Display
JOURNEY-01756,CUST-01756,2025-05-16 04:45:00,2025-05-26 07:55:00,Paid Social,Email,LinkedIn Ads,Promotional Email,7,5,0,0,0.0,243.17,,,Paid Social > Referral > Paid Search > Direct > Paid Social > Paid Search > Email
JOURNEY-01757,CUST-01757,2025-06-07 18:06:00,2025-06-16 23:48:00,Email,Organic Social,Newsletter,TikTok Organic,5,5,0,0,0.0,221.7,,,Email > Paid Social > Display > Paid Search > Organic Social
JOURNEY-01758,CUST-01758,2025-02-22 04:32:00,2025-03-03 16:56:00,Referral,Organic Social,Partner Website,Instagram Organic,5,5,0,0,0.0,228.4,,,Referral > Paid Search > Organic Search > Email > Organic Social
JOURNEY-01759,CUST-01759,2025-03-30 21:52:00,2025-04-06 10:31:00,Organic Social,Paid Social,LinkedIn Organic,Instagram Ads,4,4,0,0,0.0,156.65,,,Organic Social > Paid Search > Organic Search > Paid Social
JOURNEY-01760,CUST-01760,2025-03-02 19:59:00,2025-03-09 18:42:00,Email,Referral,Promotional Email,Partner Website,4,4,0,0,0.0,166.72,,,Email > Display > Organic Search > Referral
JOURNEY-01761,CUST-01761,2025-05-09 14:45:00,2025-05-15 11:51:00,Paid Social,Organic Social,Facebook Ads,LinkedIn Organic,3,3,1,1,67.52,141.1,2025-05-15 11:51:00,5.88,Paid Social > Paid Search > Organic Social
JOURNEY-01762,CUST-01762,2025-02-05 16:59:00,2025-02-10 17:30:00,Email,Paid Search,Newsletter,Brand Search,3,2,1,1,112.69,120.52,2025-02-10 17:30:00,5.02,Email > Email > Paid Search
JOURNEY-01763,CUST-01763,2025-05-04 12:09:00,2025-05-15 08:39:00,Paid Search,Email,Brand Search,Welcome Series,6,5,1,1,206.78,260.5,2025-05-15 08:39:00,10.85,Paid Search > Organic Social > Paid Social > Paid Search > Display > Email
JOURNEY-01764,CUST-01764,2025-03-26 07:54:00,2025-04-13 19:51:00,Paid Social,Organic Search,Facebook Ads,Educational Content,8,5,0,0,0.0,443.95,,,Paid Social > Direct > Paid Social > Paid Search > Organic Search > Email > Paid Search > Organic Search
JOURNEY-01765,CUST-01765,2025-01-30 19:03:00,2025-02-03 11:06:00,Paid Social,Referral,Facebook Ads,Affiliate,2,2,1,1,102.99,88.05,2025-02-03 11:06:00,3.67,Paid Social > Referral
JOURNEY-01766,CUST-01766,2025-03-20 16:59:00,2025-03-24 17:11:00,Organic Search,Paid Social,Educational Content,LinkedIn Ads,3,3,1,1,106.83,96.2,2025-03-24 17:11:00,4.01,Organic Search > Email > Paid Social
JOURNEY-01767,CUST-01767,2025-02-18 21:42:00,2025-02-22 20:46:00,Organic Search,Organic Social,Educational Content,TikTok Organic,2,2,0,0,0.0,95.07,,,Organic Search > Organic Social
JOURNEY-01768,CUST-01768,2025-03-12 12:21:00,2025-03-19 07:04:00,Display,Paid Search,Prospecting,Competitor Search,4,3,0,0,0.0,162.72,,,Display > Organic Social > Display > Paid Search
JOURNEY-01769,CUST-01769,2025-06-04 15:33:00,2025-06-11 20:56:00,Organic Search,Paid Social,Educational Content,Instagram Ads,5,4,0,0,0.0,173.38,,,Organic Search > Paid Social > Paid Search > Direct > Paid Social
JOURNEY-01770,CUST-01770,2025-04-05 13:58:00,2025-04-07 22:04:00,Paid Search,Email,Competitor Search,Newsletter,3,3,0,0,0.0,56.1,,,Paid Search > Paid Social > Email
JOURNEY-01771,CUST-01771,2025-01-11 22:56:00,2025-01-18 20:58:00,Organic Search,Organic Search,Educational Content,SEO Blog,4,3,1,1,31.05,166.03,2025-01-18 20:58:00,6.92,Organic Search > Email > Paid Search > Organic Search
JOURNEY-01772,CUST-01772,2025-05-25 09:58:00,2025-05-25 09:58:00,Paid Social,Paid Social,Instagram Ads,Instagram Ads,1,1,0,0,0.0,0.0,,,Paid Social
JOURNEY-01773,CUST-01773,2025-03-24 23:38:00,2025-03-28 19:32:00,Paid Search,Organic Search,Brand Search,Educational Content,3,3,1,1,231.4,91.9,2025-03-28 19:32:00,3.83,Paid Search > Referral > Organic Search
JOURNEY-01774,CUST-01774,2025-01-29 13:49:00,2025-02-05 19:46:00,Display,Display,Banner Campaign,Retargeting,4,3,1,1,84.56,173.95,2025-02-05 19:46:00,7.25,Display > Direct > Email > Display
JOURNEY-01775,CUST-01775,2025-05-31 19:50:00,2025-06-07 16:30:00,Direct,Paid Search,Direct Visit,Product Search,4,4,1,1,137.1,164.67,2025-06-07 16:30:00,6.86,Direct > Email > Organic Search > Paid Search
JOURNEY-01776,CUST-01776,2025-01-27 20:16:00,2025-02-05 07:49:00,Organic Search,Paid Search,Product Pages,Product Search,5,4,1,1,54.46,203.55,2025-02-05 07:49:00,8.48,Organic Search > Paid Social > Organic Social > Organic Search > Paid Search
JOURNEY-01777,CUST-01777,2025-05-18 08:43:00,2025-05-19 06:44:00,Direct,Organic Social,Direct Visit,TikTok Organic,2,2,0,0,0.0,22.02,,,Direct > Organic Social
JOURNEY-01778,CUST-01778,2025-04-23 19:01:00,2025-04-27 01:01:00,Email,Paid Social,Welcome Series,Facebook Ads,3,3,0,0,0.0,78.0,,,Email > Display > Paid Social
JOURNEY-01779,CUST-01779,2025-03-04 10:26:00,2025-03-08 13:48:00,Organic Social,Organic Search,TikTok Organic,Educational Content,3,3,0,0,0.0,99.37,,,Organic Social > Direct > Organic Search
JOURNEY-01780,CUST-01780,2025-01-02 19:18:00,2025-01-11 09:49:00,Email,Paid Social,Newsletter,LinkedIn Ads,6,3,0,0,0.0,206.52,,,Email > Direct > Paid Social > Direct > Paid Social > Paid Social
JOURNEY-01781,CUST-01781,2025-03-02 13:45:00,2025-03-13 14:28:00,Organic Search,Paid Search,Product Pages,Product Search,5,4,0,0,0.0,264.72,,,Organic Search > Referral > Organic Search > Organic Social > Paid Search
JOURNEY-01782,CUST-01782,2025-03-18 01:03:00,2025-03-25 11:50:00,Email,Organic Search,Newsletter,Product Pages,5,3,1,1,101.2,178.78,2025-03-25 11:50:00,7.45,Email > Email > Organic Social > Organic Search > Organic Search
JOURNEY-01783,CUST-01783,2025-01-26 03:19:00,2025-01-27 02:09:00,Display,Paid Search,Retargeting,Product Search,2,2,0,0,0.0,22.83,,,Display > Paid Search
JOURNEY-01784,CUST-01784,2025-02-23 01:22:00,2025-02-26 12:32:00,Organic Social,Email,TikTok Organic,Newsletter,2,2,1,1,195.65,83.17,2025-02-26 12:32:00,3.47,Organic Social > Email
JOURNEY-01785,CUST-01785,2025-01-31 05:02:00,2025-02-04 06:14:00,Organic Search,Email,Educational Content,Newsletter,3,3,0,0,0.0,97.2,,,Organic Search > Display > Email
JOURNEY-01786,CUST-01786,2025-01-30 03:16:00,2025-02-01 14:25:00,Paid Social,Paid Search,LinkedIn Ads,Brand Search,3,3,0,0,0.0,59.15,,,Paid Social > Referral > Paid Search
JOURNEY-01787,CUST-01787,2025-03-26 08:59:00,2025-03-29 15:46:00,Organic Social,Direct,Instagram Organic,Direct Visit,3,3,0,0,0.0,78.78,,,Organic Social > Paid Search > Direct
JOURNEY-01788,CUST-01788,2025-05-17 23:52:00,2025-05-24 07:35:00,Display,Direct,Prospecting,Direct Visit,4,4,1,1,88.47,151.72,2025-05-24 07:35:00,6.32,Display > Organic Search > Email > Direct
JOURNEY-01789,CUST-01789,2025-01-19 09:37:00,2025-01-22 00:33:00,Organic Search,Organic Social,Product Pages,TikTok Organic,2,2,0,0,0.0,62.93,,,Organic Search > Organic Social
JOURNEY-01790,CUST-01790,2025-06-15 12:31:00,2025-06-23 04:39:00,Paid Search,Referral,Product Search,Affiliate,5,4,0,0,0.0,184.13,,,Paid Search > Email > Organic Search > Email > Referral
JOURNEY-01791,CUST-01791,2025-04-24 21:39:00,2025-05-04 15:02:00,Paid Social,Referral,LinkedIn Ads,Affiliate,6,5,0,0,0.0,233.38,,,Paid Social > Organic Search > Email > Direct > Email > Referral
JOURNEY-01792,CUST-01792,2025-03-12 06:52:00,2025-03-16 23:51:00,Organic Search,Paid Social,Product Pages,Instagram Ads,5,3,0,0,0.0,112.98,,,Organic Search > Paid Social > Organic Search > Organic Social > Paid Social
JOURNEY-01793,CUST-01793,2025-05-01 10:36:00,2025-05-03 20:45:00,Paid Search,Paid Social,Competitor Search,Instagram Ads,2,2,0,0,0.0,58.15,,,Paid Search > Paid Social
JOURNEY-01794,CUST-01794,2025-01-18 10:11:00,2025-01-23 07:09:00,Organic Search,Paid Social,Product Pages,Facebook Ads,4,4,0,0,0.0,116.97,,,Organic Search > Organic Social > Paid Search > Paid Social
JOURNEY-01795,CUST-01795,2025-05-07 23:22:00,2025-05-15 23:06:00,Organic Search,Paid Search,SEO Blog,Competitor Search,5,4,0,0,0.0,191.73,,,Organic Search > Paid Search > Direct > Organic Social > Paid Search
JOURNEY-01796,CUST-01796,2025-01-26 07:59:00,2025-01-29 16:37:00,Organic Search,Paid Social,SEO Blog,Instagram Ads,2,2,0,0,0.0,80.63,,,Organic Search > Paid Social
JOURNEY-01797,CUST-01797,2025-04-04 01:04:00,2025-04-07 02:42:00,Organic Search,Paid Search,Educational Content,Brand Search,4,3,0,0,0.0,73.63,,,Organic Search > Paid Search > Display > Paid Search
JOURNEY-01798,CUST-01798,2025-03-05 07:34:00,2025-03-10 12:54:00,Paid Search,Paid Search,Brand Search,Brand Search,3,2,1,1,92.11,125.33,2025-03-10 12:54:00,5.22,Paid Search > Display > Paid Search
JOURNEY-01799,CUST-01799,2025-01-11 15:05:00,2025-01-12 14:00:00,Paid Social,Organic Search,Instagram Ads,Product Pages,2,2,0,0,0.0,22.92,,,Paid Social > Organic Search
JOURNEY-01800,CUST-01800,2025-01-26 20:01:00,2025-01-28 03:42:00,Organic Social,Organic Search,Instagram Organic,Product Pages,2,2,0,0,0.0,31.68,,,Organic Social > Organic Search
JOURNEY-01801,CUST-01801,2025-05-16 09:51:00,2025-05-18 00:19:00,Paid Search,Referral,Competitor Search,Partner Website,3,2,1,1,59.79,38.47,2025-05-18 00:19:00,1.6,Paid Search > Paid Search > Referral
JOURNEY-01802,CUST-01802,2025-03-03 09:31:00,2025-03-16 04:20:00,Paid Social,Organic Social,Facebook Ads,Instagram Organic,6,6,0,0,0.0,306.82,,,Paid Social > Email > Paid Search > Display > Organic Search > Organic Social
JOURNEY-01803,CUST-01803,2025-02-06 17:35:00,2025-02-06 22:37:00,Organic Search,Paid Social,SEO Blog,LinkedIn Ads,2,2,0,0,0.0,5.03,,,Organic Search > Paid Social
JOURNEY-01804,CUST-01804,2025-03-11 20:14:00,2025-03-13 18:19:00,Organic Search,Referral,SEO Blog,Partner Website,3,3,0,0,0.0,46.08,,,Organic Search > Organic Social > Referral
JOURNEY-01805,CUST-01805,2025-05-05 05:32:00,2025-05-12 12:00:00,Organic Search,Organic Search,SEO Blog,Educational Content,4,3,0,0,0.0,174.47,,,Organic Search > Referral > Paid Search > Organic Search
JOURNEY-01806,CUST-01806,2025-03-18 16:04:00,2025-03-22 19:51:00,Referral,Display,Customer Referral,Prospecting,3,3,0,0,0.0,99.78,,,Referral > Paid Social > Display
JOURNEY-01807,CUST-01807,2025-01-13 21:26:00,2025-01-20 23:43:00,Paid Search,Direct,Competitor Search,Direct Visit,4,4,0,0,0.0,170.28,,,Paid Search > Paid Social > Display > Direct
JOURNEY-01808,CUST-01808,2025-03-06 16:03:00,2025-03-08 13:52:00,Referral,Referral,Customer Referral,Affiliate,3,2,0,0,0.0,45.82,,,Referral > Display > Referral
JOURNEY-01809,CUST-01809,2025-04-23 05:20:00,2025-04-24 14:31:00,Email,Paid Search,Newsletter,Product Search,3,3,1,1,163.44,33.18,2025-04-24 14:31:00,1.38,Email > Direct > Paid Search
JOURNEY-01810,CUST-01810,2025-02-16 06:56:00,2025-02-16 06:56:00,Referral,Referral,Customer Referral,Customer Referral,1,1,0,0,0.0,0.0,,,Referral
JOURNEY-01811,CUST-01811,2025-06-28 07:05:00,2025-07-07 21:56:00,Organic Search,Paid Search,Educational Content,Competitor Search,5,5,0,0,0.0,230.85,,,Organic Search > Referral > Paid Social > Email > Paid Search
JOURNEY-01812,CUST-01812,2025-04-21 19:53:00,2025-04-22 06:28:00,Paid Social,Organic Search,LinkedIn Ads,Educational Content,2,2,0,0,0.0,10.58,,,Paid Social > Organic Search
JOURNEY-01813,CUST-01813,2025-03-04 18:56:00,2025-03-07 23:56:00,Referral,Paid Search,Customer Referral,Competitor Search,2,2,1,1,34.56,77.0,2025-03-07 23:56:00,3.21,Referral > Paid Search
JOURNEY-01814,CUST-01814,2025-01-26 00:30:00,2025-02-02 00:41:00,Paid Social,Paid Social,Instagram Ads,Instagram Ads,4,2,0,0,0.0,168.18,,,Paid Social > Paid Social > Paid Search > Paid Social
JOURNEY-01815,CUST-01815,2025-06-12 23:55:00,2025-06-24 23:13:00,Organic Search,Paid Social,Educational Content,LinkedIn Ads,8,5,1,1,149.52,287.3,2025-06-24 23:13:00,11.97,Organic Search > Organic Social > Referral > Direct > Paid Social > Organic Social > Organic Search > Paid Social
JOURNEY-01816,CUST-01816,2025-06-19 23:33:00,2025-06-22 00:27:00,Referral,Paid Search,Partner Website,Product Search,3,3,0,0,0.0,48.9,,,Referral > Organic Social > Paid Search
JOURNEY-01817,CUST-01817,2025-05-09 00:42:00,2025-05-12 07:40:00,Paid Social,Display,LinkedIn Ads,Retargeting,3,3,0,0,0.0,78.97,,,Paid Social > Email > Display
JOURNEY-01818,CUST-01818,2025-03-26 15:14:00,2025-03-31 10:36:00,Paid Search,Organic Search,Competitor Search,Product Pages,4,3,0,0,0.0,115.37,,,Paid Search > Paid Social > Paid Search > Organic Search
JOURNEY-01819,CUST-01819,2025-03-15 13:05:00,2025-03-27 02:31:00,Display,Organic Search,Banner Campaign,SEO Blog,5,5,0,0,0.0,277.43,,,Display > Referral > Email > Paid Search > Organic Search
JOURNEY-01820,CUST-01820,2025-01-23 19:41:00,2025-01-30 21:41:00,Organic Social,Direct,LinkedIn Organic,Direct Visit,4,4,0,0,0.0,170.0,,,Organic Social > Organic Search > Email > Direct
JOURNEY-01821,CUST-01821,2025-02-03 19:33:00,2025-02-06 16:43:00,Paid Social,Paid Social,LinkedIn Ads,LinkedIn Ads,3,2,1,1,197.25,69.17,2025-02-06 16:43:00,2.88,Paid Social > Paid Search > Paid Social
JOURNEY-01822,CUST-01822,2025-05-24 23:12:00,2025-05-30 07:30:00,Paid Social,Paid Social,Facebook Ads,Facebook Ads,3,2,1,1,84.11,128.3,2025-05-30 07:30:00,5.35,Paid Social > Organic Search > Paid Social
JOURNEY-01823,CUST-01823,2025-02-14 22:49:00,2025-02-17 04:30:00,Referral,Direct,Partner Website,Direct Visit,2,2,0,0,0.0,53.68,,,Referral > Direct
JOURNEY-01824,CUST-01824,2025-01-14 08:32:00,2025-01-17 17:19:00,Direct,Paid Search,Direct Visit,Brand Search,3,2,0,0,0.0,80.78,,,Direct > Paid Search > Paid Search
JOURNEY-01825,CUST-01825,2025-02-02 19:56:00,2025-02-05 13:50:00,Organic Search,Paid Social,Product Pages,LinkedIn Ads,3,3,0,0,0.0,65.9,,,Organic Search > Email > Paid Social
JOURNEY-01826,CUST-01826,2025-03-17 22:48:00,2025-03-24 12:17:00,Paid Social,Paid Search,LinkedIn Ads,Brand Search,5,3,0,0,0.0,157.48,,,Paid Social > Paid Search > Email > Email > Paid Search
JOURNEY-01827,CUST-01827,2025-04-23 13:26:00,2025-05-01 20:59:00,Organic Search,Paid Social,Product Pages,LinkedIn Ads,5,4,1,1,113.15,199.55,2025-05-01 20:59:00,8.31,Organic Search > Paid Search > Direct > Paid Search > Paid Social
JOURNEY-01828,CUST-01828,2025-06-20 16:18:00,2025-06-24 07:31:00,Paid Search,Email,Brand Search,Promotional Email,4,4,0,0,0.0,87.22,,,Paid Search > Organic Search > Paid Social > Email
JOURNEY-01829,CUST-01829,2025-06-13 13:54:00,2025-06-18 16:10:00,Paid Search,Organic Search,Product Search,Educational Content,5,4,0,0,0.0,122.27,,,Paid Search > Display > Organic Social > Paid Search > Organic Search
JOURNEY-01830,CUST-01830,2025-04-08 07:56:00,2025-04-12 18:40:00,Display,Paid Search,Retargeting,Competitor Search,3,3,1,1,80.68,106.73,2025-04-12 18:40:00,4.45,Display > Direct > Paid Search
JOURNEY-01831,CUST-01831,2025-03-30 19:15:00,2025-04-05 20:26:00,Direct,Display,Direct Visit,Prospecting,3,3,1,1,245.92,145.18,2025-04-05 20:26:00,6.05,Direct > Referral > Display
JOURNEY-01832,CUST-01832,2025-06-27 15:28:00,2025-07-01 07:57:00,Organic Search,Organic Search,SEO Blog,Educational Content,3,2,0,0,0.0,88.48,,,Organic Search > Paid Search > Organic Search
JOURNEY-01833,CUST-01833,2025-01-05 19:33:00,2025-01-10 23:46:00,Paid Social,Paid Search,LinkedIn Ads,Brand Search,4,3,0,0,0.0,124.22,,,Paid Social > Direct > Paid Search > Paid Search
JOURNEY-01834,CUST-01834,2025-01-22 00:17:00,2025-01-28 18:16:00,Organic Search,Display,SEO Blog,Prospecting,4,4,0,0,0.0,161.98,,,Organic Search > Email > Paid Search > Display
JOURNEY-01835,CUST-01835,2025-04-24 21:36:00,2025-04-28 03:23:00,Email,Direct,Promotional Email,Direct Visit,2,2,0,0,0.0,77.78,,,Email > Direct
JOURNEY-01836,CUST-01836,2025-04-30 06:02:00,2025-05-06 04:40:00,Paid Search,Email,Product Search,Promotional Email,3,3,0,0,0.0,142.63,,,Paid Search > Direct > Email
JOURNEY-01837,CUST-01837,2025-03-06 07:21:00,2025-03-10 18:06:00,Organic Search,Paid Search,SEO Blog,Competitor Search,5,4,1,1,298.84,106.75,2025-03-10 18:06:00,4.45,Organic Search > Display > Paid Search > Direct > Paid Search
JOURNEY-01838,CUST-01838,2025-01-21 12:52:00,2025-01-26 13:45:00,Display,Paid Search,Prospecting,Brand Search,4,4,0,0,0.0,120.88,,,Display > Email > Direct > Paid Search
JOURNEY-01839,CUST-01839,2025-01-24 07:57:00,2025-01-25 06:27:00,Paid Search,Organic Search,Product Search,Product Pages,2,2,0,0,0.0,22.5,,,Paid Search > Organic Search
JOURNEY-01840,CUST-01840,2025-04-11 00:58:00,2025-04-25 14:11:00,Paid Search,Paid Search,Product Search,Product Search,6,4,0,0,0.0,349.22,,,Paid Search > Organic Search > Direct > Paid Search > Paid Social > Paid Search
JOURNEY-01841,CUST-01841,2025-05-09 19:02:00,2025-05-18 11:16:00,Referral,Paid Social,Affiliate,LinkedIn Ads,5,4,1,1,243.6,208.23,2025-05-18 11:16:00,8.68,Referral > Paid Search > Paid Social > Organic Search > Paid Social
JOURNEY-01842,CUST-01842,2025-02-25 09:20:00,2025-03-02 05:12:00,Referral,Organic Social,Partner Website,TikTok Organic,4,4,0,0,0.0,115.87,,,Referral > Paid Social > Direct > Organic Social
JOURNEY-01843,CUST-01843,2025-03-29 18:29:00,2025-04-09 16:37:00,Direct,Organic Search,Direct Visit,Educational Content,7,4,0,0,0.0,262.13,,,Direct > Organic Social > Organic Search > Referral > Direct > Referral > Organic Search
JOURNEY-01844,CUST-01844,2025-03-09 17:03:00,2025-03-10 08:10:00,Display,Paid Search,Banner Campaign,Competitor Search,2,2,0,0,0.0,15.12,,,Display > Paid Search
JOURNEY-01845,CUST-01845,2025-01-11 20:25:00,2025-01-14 21:44:00,Email,Paid Search,Welcome Series,Product Search,2,2,0,0,0.0,73.32,,,Email > Paid Search
JOURNEY-01846,CUST-01846,2025-01-24 09:49:00,2025-02-03 02:53:00,Organic Social,Email,LinkedIn Organic,Welcome Series,5,4,0,0,0.0,233.07,,,Organic Social > Email > Paid Search > Organic Search > Email
JOURNEY-01847,CUST-01847,2025-04-29 17:36:00,2025-05-03 15:51:00,Organic Search,Paid Search,Educational Content,Product Search,4,3,0,0,0.0,94.25,,,Organic Search > Organic Search > Referral > Paid Search
JOURNEY-01848,CUST-01848,2025-05-23 17:14:00,2025-06-06 10:05:00,Display,Direct,Retargeting,Direct Visit,7,4,0,0,0.0,328.85,,,Display > Direct > Organic Search > Direct > Organic Search > Paid Social > Direct
JOURNEY-01849,CUST-01849,2025-05-31 16:40:00,2025-06-01 09:42:00,Email,Email,Promotional Email,Promotional Email,2,1,0,0,0.0,17.03,,,Email > Email
JOURNEY-01850,CUST-01850,2025-02-09 22:55:00,2025-02-13 06:05:00,Organic Social,Paid Social,Instagram Organic,LinkedIn Ads,5,4,0,0,0.0,79.17,,,Organic Social > Paid Search > Paid Social > Organic Search > Paid Social
JOURNEY-01851,CUST-01851,2025-04-28 10:22:00,2025-04-29 19:08:00,Referral,Paid Search,Affiliate,Competitor Search,3,3,0,0,0.0,32.77,,,Referral > Direct > Paid Search
JOURNEY-01852,CUST-01852,2025-04-06 14:07:00,2025-04-15 16:40:00,Paid Search,Organic Social,Brand Search,Instagram Organic,4,3,0,0,0.0,218.55,,,Paid Search > Paid Search > Paid Social > Organic Social
JOURNEY-01853,CUST-01853,2025-04-07 19:20:00,2025-04-09 17:50:00,Direct,Email,Direct Visit,Newsletter,4,4,0,0,0.0,46.5,,,Direct > Paid Social > Organic Search > Email
JOURNEY-01854,CUST-01854,2025-04-18 11:57:00,2025-04-22 22:10:00,Paid Search,Organic Social,Product Search,LinkedIn Organic,3,3,0,0,0.0,106.22,,,Paid Search > Referral > Organic Social
JOURNEY-01855,CUST-01855,2025-01-01 13:52:00,2025-01-06 08:55:00,Display,Paid Search,Banner Campaign,Product Search,5,4,0,0,0.0,115.05,,,Display > Paid Search > Organic Search > Direct > Paid Search
JOURNEY-01856,CUST-01856,2025-01-20 22:44:00,2025-01-24 03:52:00,Direct,Email,Direct Visit,Welcome Series,3,3,0,0,0.0,77.13,,,Direct > Display > Email
JOURNEY-01857,CUST-01857,2025-01-18 11:30:00,2025-01-20 20:46:00,Paid Search,Organic Search,Competitor Search,SEO Blog,2,2,0,0,0.0,57.27,,,Paid Search > Organic Search
JOURNEY-01858,CUST-01858,2025-06-02 20:02:00,2025-06-09 15:44:00,Email,Referral,Promotional Email,Customer Referral,3,3,1,1,101.55,163.7,2025-06-09 15:44:00,6.82,Email > Paid Search > Referral
JOURNEY-01859,CUST-01859,2025-06-22 13:36:00,2025-07-01 20:47:00,Paid Search,Organic Search,Competitor Search,Product Pages,4,4,1,1,203.56,223.18,2025-07-01 20:47:00,9.3,Paid Search > Paid Social > Direct > Organic Search
JOURNEY-01860,CUST-01860,2025-01-18 16:44:00,2025-01-20 22:06:00,Organic Search,Paid Social,Product Pages,Facebook Ads,2,2,0,0,0.0,53.37,,,Organic Search > Paid Social
JOURNEY-01861,CUST-01861,2025-06-16 12:27:00,2025-06-20 12:52:00,Email,Organic Search,Newsletter,SEO Blog,3,3,0,0,0.0,96.42,,,Email > Referral > Organic Search
JOURNEY-01862,CUST-01862,2025-04-24 14:50:00,2025-04-30 17:45:00,Paid Social,Email,Instagram Ads,Newsletter,5,4,0,0,0.0,146.92,,,Paid Social > Paid Social > Organic Search > Referral > Email
JOURNEY-01863,CUST-01863,2025-06-21 19:41:00,2025-06-24 21:58:00,Paid Social,Email,Instagram Ads,Promotional Email,2,2,0,0,0.0,74.28,,,Paid Social > Email
JOURNEY-01864,CUST-01864,2025-01-12 18:43:00,2025-01-14 22:30:00,Organic Social,Display,LinkedIn Organic,Retargeting,2,2,0,0,0.0,51.78,,,Organic Social > Display
JOURNEY-01865,CUST-01865,2025-06-07 08:22:00,2025-06-07 08:22:00,Paid Social,Paid Social,LinkedIn Ads,LinkedIn Ads,1,1,0,0,0.0,0.0,,,Paid Social
JOURNEY-01866,CUST-01866,2025-01-02 10:20:00,2025-01-09 02:23:00,Email,Email,Newsletter,Welcome Series,5,4,1,1,30.45,160.05,2025-01-09 02:23:00,6.67,Email > Paid Social > Organic Search > Direct > Email
JOURNEY-01867,CUST-01867,2025-06-10 06:50:00,2025-06-15 08:51:00,Email,Paid Social,Promotional Email,Facebook Ads,3,2,0,0,0.0,122.02,,,Email > Email > Paid Social
JOURNEY-01868,CUST-01868,2025-04-26 17:49:00,2025-04-29 09:32:00,Display,Paid Social,Banner Campaign,Facebook Ads,3,3,1,1,74.32,63.72,2025-04-29 09:32:00,2.65,Display > Email > Paid Social
JOURNEY-01869,CUST-01869,2025-02-19 07:07:00,2025-02-21 18:34:00,Display,Referral,Banner Campaign,Affiliate,2,2,1,1,94.06,59.45,2025-02-21 18:34:00,2.48,Display > Referral
JOURNEY-01870,CUST-01870,2025-05-02 11:24:00,2025-05-09 00:39:00,Display,Direct,Prospecting,Direct Visit,4,4,1,1,165.85,157.25,2025-05-09 00:39:00,6.55,Display > Email > Paid Social > Direct
JOURNEY-01871,CUST-01871,2025-04-19 07:23:00,2025-04-19 13:05:00,Paid Social,Paid Search,LinkedIn Ads,Brand Search,2,2,0,0,0.0,5.7,,,Paid Social > Paid Search
JOURNEY-01872,CUST-01872,2025-04-15 08:36:00,2025-04-21 00:48:00,Paid Search,Display,Competitor Search,Prospecting,3,3,0,0,0.0,136.2,,,Paid Search > Paid Social > Display
JOURNEY-01873,CUST-01873,2025-03-15 18:07:00,2025-03-28 03:13:00,Organic Social,Paid Search,LinkedIn Organic,Brand Search,8,7,0,0,0.0,297.1,,,Organic Social > Referral > Email > Display > Direct > Email > Organic Search > Paid Search
JOURNEY-01874,CUST-01874,2025-01-02 15:19:00,2025-01-12 22:59:00,Display,Paid Social,Banner Campaign,LinkedIn Ads,5,5,0,0,0.0,247.67,,,Display > Paid Search > Email > Organic Search > Paid Social
JOURNEY-01875,CUST-01875,2025-02-10 12:29:00,2025-02-13 03:31:00,Paid Social,Display,Instagram Ads,Retargeting,2,2,1,1,121.67,63.03,2025-02-13 03:31:00,2.63,Paid Social > Display
JOURNEY-01876,CUST-01876,2025-02-16 23:21:00,2025-02-18 09:26:00,Direct,Organic Social,Direct Visit,Instagram Organic,2,2,0,0,0.0,34.08,,,Direct > Organic Social
JOURNEY-01877,CUST-01877,2025-02-03 17:05:00,2025-02-10 13:39:00,Direct,Paid Social,Direct Visit,Instagram Ads,5,4,0,0,0.0,164.57,,,Direct > Paid Search > Paid Social > Display > Paid Social
JOURNEY-01878,CUST-01878,2025-03-22 09:44:00,2025-03-29 00:32:00,Referral,Direct,Partner Website,Direct Visit,6,4,1,1,68.35,158.8,2025-03-29 00:32:00,6.62,Referral > Organic Search > Referral > Email > Direct > Direct
JOURNEY-01879,CUST-01879,2025-05-21 18:47:00,2025-05-23 01:27:00,Paid Social,Email,Instagram Ads,Promotional Email,2,2,1,1,83.4,30.67,2025-05-23 01:27:00,1.28,Paid Social > Email
JOURNEY-01880,CUST-01880,2025-06-17 22:32:00,2025-06-21 15:57:00,Referral,Email,Affiliate,Welcome Series,3,3,0,0,0.0,89.42,,,Referral > Organic Search > Email
JOURNEY-01881,CUST-01881,2025-02-03 19:20:00,2025-02-06 17:39:00,Organic Social,Referral,LinkedIn Organic,Customer Referral,5,5,0,0,0.0,70.32,,,Organic Social > Organic Search > Email > Paid Search > Referral
JOURNEY-01882,CUST-01882,2025-02-04 16:03:00,2025-02-05 14:47:00,Organic Search,Organic Search,SEO Blog,Product Pages,3,2,0,0,0.0,22.73,,,Organic Search > Referral > Organic Search
JOURNEY-01883,CUST-01883,2025-03-03 13:21:00,2025-03-15 22:18:00,Email,Organic Social,Welcome Series,LinkedIn Organic,5,5,1,1,125.19,296.95,2025-03-15 22:18:00,12.37,Email > Paid Search > Display > Organic Search > Organic Social
JOURNEY-01884,CUST-01884,2025-02-11 11:01:00,2025-02-12 02:37:00,Paid Social,Email,Facebook Ads,Welcome Series,2,2,0,0,0.0,15.6,,,Paid Social > Email
JOURNEY-01885,CUST-01885,2025-06-04 17:17:00,2025-06-09 02:16:00,Paid Social,Organic Search,LinkedIn Ads,Educational Content,3,3,0,0,0.0,104.98,,,Paid Social > Display > Organic Search
JOURNEY-01886,CUST-01886,2025-01-21 21:22:00,2025-01-28 15:03:00,Organic Search,Email,Educational Content,Newsletter,3,3,0,0,0.0,161.68,,,Organic Search > Paid Social > Email
JOURNEY-01887,CUST-01887,2025-02-26 16:12:00,2025-03-03 10:45:00,Paid Search,Paid Search,Product Search,Competitor Search,3,2,0,0,0.0,114.55,,,Paid Search > Organic Search > Paid Search
JOURNEY-01888,CUST-01888,2025-02-15 17:04:00,2025-02-16 06:39:00,Direct,Organic Social,Direct Visit,TikTok Organic,2,2,0,0,0.0,13.58,,,Direct > Organic Social
JOURNEY-01889,CUST-01889,2025-02-17 06:09:00,2025-02-23 15:29:00,Paid Social,Paid Social,LinkedIn Ads,Facebook Ads,4,3,1,1,191.85,153.33,2025-02-23 15:29:00,6.39,Paid Social > Paid Search > Direct > Paid Social
JOURNEY-01890,CUST-01890,2025-05-25 00:22:00,2025-05-29 15:20:00,Direct,Paid Search,Direct Visit,Competitor Search,4,3,1,1,81.68,110.97,2025-05-29 15:20:00,4.62,Direct > Display > Display > Paid Search
JOURNEY-01891,CUST-01891,2025-02-23 05:33:00,2025-02-26 05:41:00,Display,Direct,Retargeting,Direct Visit,3,3,1,1,243.57,72.13,2025-02-26 05:41:00,3.01,Display > Organic Social > Direct
JOURNEY-01892,CUST-01892,2025-03-13 07:55:00,2025-03-16 14:02:00,Referral,Display,Partner Website,Prospecting,2,2,0,0,0.0,78.12,,,Referral > Display
JOURNEY-01893,CUST-01893,2025-04-01 10:15:00,2025-04-13 10:54:00,Paid Search,Direct,Brand Search,Direct Visit,5,5,0,0,0.0,288.65,,,Paid Search > Email > Display > Paid Social > Direct
JOURNEY-01894,CUST-01894,2025-04-19 16:13:00,2025-04-29 14:30:00,Paid Search,Organic Search,Competitor Search,Educational Content,4,3,0,0,0.0,238.28,,,Paid Search > Organic Search > Email > Organic Search
JOURNEY-01895,CUST-01895,2025-06-27 03:09:00,2025-07-02 21:55:00,Direct,Direct,Direct Visit,Direct Visit,5,3,1,1,35.63,138.77,2025-07-02 21:55:00,5.78,Direct > Display > Paid Social > Paid Social > Direct
JOURNEY-01896,CUST-01896,2025-04-01 03:58:00,2025-04-09 00:10:00,Direct,Display,Direct Visit,Banner Campaign,5,3,0,0,0.0,188.2,,,Direct > Paid Search > Paid Search > Display > Display
JOURNEY-01897,CUST-01897,2025-03-21 06:48:00,2025-03-24 22:27:00,Paid Search,Paid Social,Product Search,Facebook Ads,3,2,0,0,0.0,87.65,,,Paid Search > Paid Search > Paid Social
JOURNEY-01898,CUST-01898,2025-06-12 13:07:00,2025-06-20 13:55:00,Paid Social,Paid Search,Instagram Ads,Brand Search,5,4,0,0,0.0,192.8,,,Paid Social > Paid Search > Display > Organic Search > Paid Search
JOURNEY-01899,CUST-01899,2025-03-01 00:18:00,2025-03-06 14:36:00,Email,Display,Welcome Series,Prospecting,3,3,1,1,156.41,134.3,2025-03-06 14:36:00,5.6,Email > Organic Search > Display
JOURNEY-01900,CUST-01900,2025-05-16 14:00:00,2025-05-23 06:13:00,Organic Social,Direct,Instagram Organic,Direct Visit,5,4,0,0,0.0,160.22,,,Organic Social > Direct > Paid Social > Organic Search > Direct
JOURNEY-01901,CUST-01901,2025-05-23 15:11:00,2025-05-26 07:58:00,Organic Social,Organic Social,LinkedIn Organic,LinkedIn Organic,3,2,0,0,0.0,64.78,,,Organic Social > Direct > Organic Social
JOURNEY-01902,CUST-01902,2025-01-22 08:24:00,2025-01-22 12:54:00,Paid Search,Organic Search,Competitor Search,SEO Blog,2,2,0,0,0.0,4.5,,,Paid Search > Organic Search
JOURNEY-01903,CUST-01903,2025-02-10 06:40:00,2025-02-14 14:37:00,Display,Organic Social,Retargeting,TikTok Organic,3,2,0,0,0.0,103.95,,,Display > Organic Social > Organic Social
JOURNEY-01904,CUST-01904,2025-06-06 04:41:00,2025-06-07 05:37:00,Display,Paid Social,Prospecting,LinkedIn Ads,2,2,0,0,0.0,24.93,,,Display > Paid Social
JOURNEY-01905,CUST-01905,2025-02-04 18:09:00,2025-02-07 11:36:00,Email,Paid Search,Newsletter,Brand Search,2,2,1,1,105.84,65.45,2025-02-07 11:36:00,2.73,Email > Paid Search
JOURNEY-01906,CUST-01906,2025-02-03 11:14:00,2025-02-10 12:03:00,Display,Display,Banner Campaign,Prospecting,5,4,0,0,0.0,168.82,,,Display > Organic Search > Email > Paid Social > Display
JOURNEY-01907,CUST-01907,2025-04-07 18:36:00,2025-04-08 06:28:00,Organic Search,Paid Social,SEO Blog,Instagram Ads,2,2,0,0,0.0,11.87,,,Organic Search > Paid Social
JOURNEY-01908,CUST-01908,2025-01-19 02:47:00,2025-01-19 02:47:00,Paid Social,Paid Social,Instagram Ads,Instagram Ads,1,1,0,0,0.0,0.0,,,Paid Social
JOURNEY-01909,CUST-01909,2025-03-29 23:56:00,2025-04-01 03:17:00,Organic Search,Paid Search,Educational Content,Product Search,2,2,0,0,0.0,51.35,,,Organic Search > Paid Search
JOURNEY-01910,CUST-01910,2025-01-24 18:47:00,2025-01-31 07:14:00,Referral,Email,Affiliate,Promotional Email,4,3,0,0,0.0,156.45,,,Referral > Paid Social > Referral > Email
JOURNEY-01911,CUST-01911,2025-01-31 20:35:00,2025-02-08 07:43:00,Organic Social,Organic Search,LinkedIn Organic,SEO Blog,5,4,1,1,312.74,179.13,2025-02-08 07:43:00,7.46,Organic Social > Direct > Paid Search > Organic Social > Organic Search
JOURNEY-01912,CUST-01912,2025-03-13 09:09:00,2025-03-13 09:09:00,Display,Display,Prospecting,Prospecting,1,1,0,0,0.0,0.0,,,Display
JOURNEY-01913,CUST-01913,2025-05-22 19:29:00,2025-05-31 19:18:00,Direct,Organic Search,Direct Visit,Educational Content,6,5,0,0,0.0,215.82,,,Direct > Organic Social > Direct > Paid Search > Display > Organic Search
JOURNEY-01914,CUST-01914,2025-01-09 20:50:00,2025-01-12 20:37:00,Paid Search,Direct,Product Search,Direct Visit,4,4,0,0,0.0,71.78,,,Paid Search > Email > Paid Social > Direct
JOURNEY-01915,CUST-01915,2025-01-16 19:58:00,2025-01-26 04:47:00,Paid Search,Paid Search,Product Search,Competitor Search,6,3,0,0,0.0,224.82,,,Paid Search > Organic Search > Organic Social > Paid Search > Organic Search > Paid Search
JOURNEY-01916,CUST-01916,2025-02-04 11:53:00,2025-02-06 22:55:00,Organic Search,Referral,Educational Content,Customer Referral,2,2,0,0,0.0,59.03,,,Organic Search > Referral
JOURNEY-01917,CUST-01917,2025-04-11 04:41:00,2025-04-11 04:41:00,Display,Display,Banner Campaign,Banner Campaign,1,1,0,0,0.0,0.0,,,Display
JOURNEY-01918,CUST-01918,2025-05-11 12:26:00,2025-05-18 15:56:00,Organic Search,Display,SEO Blog,Banner Campaign,5,4,0,0,0.0,171.5,,,Organic Search > Referral > Organic Search > Email > Display
JOURNEY-01919,CUST-01919,2025-03-07 05:22:00,2025-03-17 16:31:00,Direct,Direct,Direct Visit,Direct Visit,7,5,0,0,0.0,251.15,,,Direct > Paid Search > Email > Organic Search > Referral > Organic Search > Direct
JOURNEY-01920,CUST-01920,2025-03-12 07:46:00,2025-03-25 19:24:00,Direct,Organic Search,Direct Visit,Educational Content,6,5,0,0,0.0,323.63,,,Direct > Email > Display > Email > Organic Social > Organic Search
JOURNEY-01921,CUST-01921,2025-06-26 07:42:00,2025-06-29 01:37:00,Display,Paid Search,Banner Campaign,Competitor Search,3,3,0,0,0.0,65.92,,,Display > Email > Paid Search
JOURNEY-01922,CUST-01922,2025-01-01 13:16:00,2025-01-07 07:57:00,Email,Direct,Welcome Series,Direct Visit,5,4,0,0,0.0,138.68,,,Email > Organic Social > Direct > Paid Search > Direct
JOURNEY-01923,CUST-01923,2025-03-01 16:58:00,2025-03-03 14:41:00,Email,Direct,Promotional Email,Direct Visit,2,2,0,0,0.0,45.72,,,Email > Direct
JOURNEY-01924,CUST-01924,2025-04-10 20:39:00,2025-04-21 03:57:00,Paid Search,Paid Search,Product Search,Competitor Search,6,3,0,0,0.0,247.3,,,Paid Search > Direct > Organic Search > Organic Search > Organic Search > Paid Search
JOURNEY-01925,CUST-01925,2025-01-26 13:13:00,2025-01-28 05:26:00,Display,Paid Social,Prospecting,LinkedIn Ads,3,3,0,0,0.0,40.22,,,Display > Paid Search > Paid Social
JOURNEY-01926,CUST-01926,2025-06-24 01:11:00,2025-06-24 01:11:00,Display,Display,Retargeting,Retargeting,1,1,0,0,0.0,0.0,,,Display
JOURNEY-01927,CUST-01927,2025-03-07 14:20:00,2025-03-12 22:19:00,Display,Paid Search,Retargeting,Product Search,3,3,1,1,251.63,127.98,2025-03-12 22:19:00,5.33,Display > Organic Search > Paid Search
JOURNEY-01928,CUST-01928,2025-06-23 02:01:00,2025-06-29 04:07:00,Organic Search,Direct,Product Pages,Direct Visit,3,3,0,0,0.0,146.1,,,Organic Search > Display > Direct
JOURNEY-01929,CUST-01929,2025-03-06 13:52:00,2025-03-06 13:52:00,Paid Search,Paid Search,Brand Search,Brand Search,1,1,0,0,0.0,0.0,,,Paid Search
JOURNEY-01930,CUST-01930,2025-02-16 10:54:00,2025-02-25 02:35:00,Direct,Paid Social,Direct Visit,Facebook Ads,4,3,0,0,0.0,207.68,,,Direct > Paid Social > Display > Paid Social
JOURNEY-01931,CUST-01931,2025-05-08 18:11:00,2025-05-16 14:47:00,Email,Paid Search,Newsletter,Competitor Search,4,3,0,0,0.0,188.6,,,Email > Paid Search > Organic Social > Paid Search
JOURNEY-01932,CUST-01932,2025-04-29 18:52:00,2025-04-30 20:22:00,Paid Search,Direct,Brand Search,Direct Visit,3,3,0,0,0.0,25.5,,,Paid Search > Organic Social > Direct
JOURNEY-01933,CUST-01933,2025-04-22 05:07:00,2025-04-22 05:07:00,Display,Display,Prospecting,Prospecting,1,1,0,0,0.0,0.0,,,Display
JOURNEY-01934,CUST-01934,2025-06-06 07:43:00,2025-06-06 07:43:00,Email,Email,Newsletter,Newsletter,1,1,0,0,0.0,0.0,,,Email
JOURNEY-01935,CUST-01935,2025-01-06 16:05:00,2025-01-06 16:05:00,Referral,Referral,Customer Referral,Customer Referral,1,1,0,0,0.0,0.0,,,Referral
JOURNEY-01936,CUST-01936,2025-01-12 08:32:00,2025-01-17 15:49:00,Referral,Organic Search,Customer Referral,Product Pages,3,3,0,0,0.0,127.28,,,Referral > Email > Organic Search
JOURNEY-01937,CUST-01937,2025-01-25 16:58:00,2025-02-02 03:38:00,Direct,Email,Direct Visit,Promotional Email,3,3,0,0,0.0,178.67,,,Direct > Paid Search > Email
JOURNEY-01938,CUST-01938,2025-01-06 15:26:00,2025-01-11 01:16:00,Organic Social,Paid Social,Instagram Organic,Instagram Ads,3,3,0,0,0.0,105.83,,,Organic Social > Paid Search > Paid Social
JOURNEY-01939,CUST-01939,2025-06-03 07:15:00,2025-06-04 22:38:00,Organic Search,Organic Social,Product Pages,Instagram Organic,2,2,0,0,0.0,39.38,,,Organic Search > Organic Social
JOURNEY-01940,CUST-01940,2025-01-17 08:02:00,2025-01-17 08:02:00,Organic Social,Organic Social,LinkedIn Organic,LinkedIn Organic,1,1,0,0,0.0,0.0,,,Organic Social
JOURNEY-01941,CUST-01941,2025-01-21 21:14:00,2025-01-24 03:50:00,Organic Social,Display,TikTok Organic,Banner Campaign,2,2,0,0,0.0,54.6,,,Organic Social > Display
JOURNEY-01942,CUST-01942,2025-01-29 17:04:00,2025-02-04 03:55:00,Referral,Email,Partner Website,Newsletter,4,4,1,1,156.63,130.85,2025-02-04 03:55:00,5.45,Referral > Paid Social > Organic Social > Email
JOURNEY-01943,CUST-01943,2025-05-26 21:35:00,2025-06-02 00:38:00,Paid Social,Email,Facebook Ads,Newsletter,4,3,1,1,169.48,147.05,2025-06-02 00:38:00,6.13,Paid Social > Organic Search > Organic Search > Email
JOURNEY-01944,CUST-01944,2025-02-12 06:15:00,2025-02-19 07:44:00,Direct,Paid Search,Direct Visit,Brand Search,5,4,0,0,0.0,169.48,,,Direct > Paid Search > Paid Social > Organic Search > Paid Search
JOURNEY-01945,CUST-01945,2025-02-03 00:35:00,2025-02-07 18:17:00,Paid Social,Paid Search,Instagram Ads,Product Search,3,3,0,0,0.0,113.7,,,Paid Social > Organic Social > Paid Search
JOURNEY-01946,CUST-01946,2025-01-07 16:46:00,2025-01-11 07:52:00,Organic Social,Paid Social,TikTok Organic,Instagram Ads,2,2,0,0,0.0,87.1,,,Organic Social > Paid Social
JOURNEY-01947,CUST-01947,2025-03-30 12:35:00,2025-04-02 12:17:00,Email,Referral,Welcome Series,Affiliate,2,2,0,0,0.0,71.7,,,Email > Referral
JOURNEY-01948,CUST-01948,2025-05-31 21:06:00,2025-06-06 14:36:00,Referral,Paid Social,Customer Referral,Facebook Ads,4,4,0,0,0.0,137.5,,,Referral > Organic Social > Email > Paid Social
JOURNEY-01949,CUST-01949,2025-01-05 11:04:00,2025-01-13 00:03:00,Referral,Organic Social,Customer Referral,TikTok Organic,3,3,0,0,0.0,180.98,,,Referral > Paid Social > Organic Social
JOURNEY-01950,CUST-01950,2025-06-10 20:40:00,2025-06-14 19:55:00,Email,Referral,Newsletter,Affiliate,3,3,0,0,0.0,95.25,,,Email > Paid Social > Referral
JOURNEY-01951,CUST-01951,2025-04-19 21:48:00,2025-04-22 09:53:00,Paid Search,Paid Social,Competitor Search,Instagram Ads,3,2,0,0,0.0,60.08,,,Paid Search > Paid Social > Paid Social
JOURNEY-01952,CUST-01952,2025-03-27 20:55:00,2025-03-30 07:28:00,Organic Search,Paid Social,Educational Content,Instagram Ads,3,3,0,0,0.0,58.55,,,Organic Search > Direct > Paid Social
JOURNEY-01953,CUST-01953,2025-06-05 09:16:00,2025-06-17 04:31:00,Organic Search,Paid Social,Educational Content,Facebook Ads,6,6,0,0,0.0,283.25,,,Organic Search > Email > Paid Search > Direct > Organic Social > Paid Social
JOURNEY-01954,CUST-01954,2025-02-22 20:22:00,2025-02-22 20:22:00,Direct,Direct,Direct Visit,Direct Visit,1,1,0,0,0.0,0.0,,,Direct
JOURNEY-01955,CUST-01955,2025-04-16 08:40:00,2025-04-24 04:03:00,Paid Search,Referral,Product Search,Affiliate,4,4,0,0,0.0,187.38,,,Paid Search > Direct > Paid Social > Referral
JOURNEY-01956,CUST-01956,2025-06-13 06:54:00,2025-06-15 12:08:00,Display,Email,Banner Campaign,Newsletter,3,3,0,0,0.0,53.23,,,Display > Paid Social > Email
JOURNEY-01957,CUST-01957,2025-01-31 22:00:00,2025-02-02 12:17:00,Paid Search,Direct,Brand Search,Direct Visit,2,2,0,0,0.0,38.28,,,Paid Search > Direct
JOURNEY-01958,CUST-01958,2025-05-13 14:31:00,2025-05-17 17:46:00,Organic Search,Paid Search,SEO Blog,Competitor Search,3,3,1,1,95.52,99.25,2025-05-17 17:46:00,4.14,Organic Search > Email > Paid Search
JOURNEY-01959,CUST-01959,2025-05-23 12:45:00,2025-06-03 14:35:00,Display,Paid Social,Banner Campaign,Facebook Ads,5,5,1,1,68.36,265.83,2025-06-03 14:35:00,11.08,Display > Direct > Referral > Email > Paid Social
JOURNEY-01960,CUST-01960,2025-05-15 07:24:00,2025-05-16 21:43:00,Email,Paid Social,Promotional Email,LinkedIn Ads,2,2,0,0,0.0,38.32,,,Email > Paid Social
JOURNEY-01961,CUST-01961,2025-01-28 11:49:00,2025-02-05 00:21:00,Email,Display,Promotional Email,Prospecting,4,4,1,1,223.93,180.53,2025-02-05 00:21:00,7.52,Email > Paid Social > Direct > Display
JOURNEY-01962,CUST-01962,2025-04-18 20:11:00,2025-04-18 20:11:00,Paid Search,Paid Search,Competitor Search,Competitor Search,1,1,0,0,0.0,0.0,,,Paid Search
JOURNEY-01963,CUST-01963,2025-01-27 07:12:00,2025-02-01 17:52:00,Email,Email,Welcome Series,Promotional Email,3,2,1,1,241.21,130.67,2025-02-01 17:52:00,5.44,Email > Paid Social > Email
JOURNEY-01964,CUST-01964,2025-05-09 20:10:00,2025-05-11 01:46:00,Direct,Display,Direct Visit,Banner Campaign,2,2,0,0,0.0,29.6,,,Direct > Display
JOURNEY-01965,CUST-01965,2025-06-03 04:13:00,2025-06-15 04:52:00,Organic Search,Organic Social,SEO Blog,Instagram Organic,6,5,0,0,0.0,288.65,,,Organic Search > Organic Social > Email > Paid Social > Paid Search > Organic Social
JOURNEY-01966,CUST-01966,2025-06-09 22:48:00,2025-06-13 12:53:00,Display,Email,Retargeting,Newsletter,3,2,0,0,0.0,86.08,,,Display > Email > Email
JOURNEY-01967,CUST-01967,2025-01-03 02:13:00,2025-01-06 18:09:00,Paid Search,Organic Search,Product Search,SEO Blog,2,2,0,0,0.0,87.93,,,Paid Search > Organic Search
JOURNEY-01968,CUST-01968,2025-06-15 17:56:00,2025-06-21 07:51:00,Direct,Email,Direct Visit,Promotional Email,3,3,1,1,157.11,133.92,2025-06-21 07:51:00,5.58,Direct > Paid Social > Email
JOURNEY-01969,CUST-01969,2025-04-10 13:39:00,2025-04-14 06:09:00,Organic Search,Paid Social,Educational Content,LinkedIn Ads,3,3,0,0,0.0,88.5,,,Organic Search > Paid Search > Paid Social
JOURNEY-01970,CUST-01970,2025-05-12 00:35:00,2025-05-17 11:17:00,Paid Search,Direct,Brand Search,Direct Visit,3,3,1,1,94.16,130.7,2025-05-17 11:17:00,5.45,Paid Search > Email > Direct
JOURNEY-01971,CUST-01971,2025-01-19 06:08:00,2025-01-29 15:55:00,Direct,Paid Social,Direct Visit,Instagram Ads,5,5,0,0,0.0,249.78,,,Direct > Email > Display > Paid Search > Paid Social
JOURNEY-01972,CUST-01972,2025-01-19 16:00:00,2025-01-22 00:10:00,Email,Paid Search,Promotional Email,Competitor Search,3,2,0,0,0.0,56.17,,,Email > Paid Search > Paid Search
JOURNEY-01973,CUST-01973,2025-06-20 10:46:00,2025-06-29 13:23:00,Direct,Email,Direct Visit,Welcome Series,6,5,0,0,0.0,218.62,,,Direct > Paid Search > Paid Social > Direct > Display > Email
JOURNEY-01974,CUST-01974,2025-04-10 02:37:00,2025-04-14 06:39:00,Organic Search,Organic Search,SEO Blog,Product Pages,3,2,0,0,0.0,100.03,,,Organic Search > Direct > Organic Search
JOURNEY-01975,CUST-01975,2025-06-14 11:18:00,2025-06-20 11:22:00,Paid Search,Direct,Competitor Search,Direct Visit,5,3,1,1,96.0,144.07,2025-06-20 11:22:00,6.0,Paid Search > Organic Search > Organic Search > Organic Search > Direct
JOURNEY-01976,CUST-01976,2025-02-01 11:17:00,2025-02-06 02:20:00,Paid Search,Organic Social,Brand Search,TikTok Organic,3,3,0,0,0.0,111.05,,,Paid Search > Email > Organic Social
JOURNEY-01977,CUST-01977,2025-02-20 01:48:00,2025-02-27 19:41:00,Organic Search,Paid Social,Product Pages,Instagram Ads,5,5,0,0,0.0,185.88,,,Organic Search > Paid Search > Direct > Email > Paid Social
JOURNEY-01978,CUST-01978,2025-01-06 09:16:00,2025-01-10 19:18:00,Paid Search,Paid Social,Competitor Search,Instagram Ads,3,3,0,0,0.0,106.03,,,Paid Search > Email > Paid Social
JOURNEY-01979,CUST-01979,2025-03-24 10:16:00,2025-03-27 19:42:00,Paid Social,Email,LinkedIn Ads,Welcome Series,2,2,1,1,158.67,81.43,2025-03-27 19:42:00,3.39,Paid Social > Email
JOURNEY-01980,CUST-01980,2025-01-02 14:01:00,2025-01-03 15:12:00,Paid Social,Direct,LinkedIn Ads,Direct Visit,2,2,1,1,58.91,25.18,2025-01-03 15:12:00,1.05,Paid Social > Direct
JOURNEY-01981,CUST-01981,2025-04-26 01:26:00,2025-04-28 10:49:00,Email,Email,Newsletter,Newsletter,3,2,0,0,0.0,57.38,,,Email > Display > Email
JOURNEY-01982,CUST-01982,2025-05-18 18:21:00,2025-05-18 18:21:00,Organic Social,Organic Social,Instagram Organic,Instagram Organic,1,1,0,0,0.0,0.0,,,Organic Social
JOURNEY-01983,CUST-01983,2025-05-30 23:31:00,2025-06-04 09:21:00,Direct,Email,Direct Visit,Welcome Series,3,3,1,1,88.86,105.83,2025-06-04 09:21:00,4.41,Direct > Display > Email
JOURNEY-01984,CUST-01984,2025-05-12 05:09:00,2025-05-14 16:38:00,Organic Social,Paid Social,Instagram Organic,LinkedIn Ads,2,2,0,0,0.0,59.48,,,Organic Social > Paid Social
JOURNEY-01985,CUST-01985,2025-04-26 00:34:00,2025-05-02 09:42:00,Organic Social,Paid Social,TikTok Organic,Instagram Ads,4,3,0,0,0.0,153.13,,,Organic Social > Referral > Organic Social > Paid Social
JOURNEY-01986,CUST-01986,2025-04-13 11:10:00,2025-04-15 15:48:00,Email,Paid Search,Promotional Email,Competitor Search,2,2,0,0,0.0,52.63,,,Email > Paid Search
JOURNEY-01987,CUST-01987,2025-03-14 07:47:00,2025-03-23 10:55:00,Direct,Paid Social,Direct Visit,LinkedIn Ads,5,4,1,1,70.96,219.13,2025-03-23 10:55:00,9.13,Direct > Direct > Organic Social > Email > Paid Social
JOURNEY-01988,CUST-01988,2025-02-23 18:43:00,2025-03-03 20:14:00,Paid Search,Display,Competitor Search,Prospecting,5,4,0,0,0.0,193.52,,,Paid Search > Email > Referral > Paid Search > Display
JOURNEY-01989,CUST-01989,2025-05-26 21:31:00,2025-05-28 10:37:00,Paid Search,Email,Brand Search,Promotional Email,3,3,0,0,0.0,37.1,,,Paid Search > Display > Email
JOURNEY-01990,CUST-01990,2025-01-18 03:07:00,2025-01-19 08:36:00,Referral,Organic Social,Partner Website,LinkedIn Organic,2,2,0,0,0.0,29.48,,,Referral > Organic Social
JOURNEY-01991,CUST-01991,2025-01-18 05:37:00,2025-02-02 16:25:00,Paid Search,Paid Search,Product Search,Product Search,7,5,1,1,221.7,370.8,2025-02-02 16:25:00,15.45,Paid Search > Paid Social > Email > Organic Search > Direct > Direct > Paid Search
JOURNEY-01992,CUST-01992,2025-01-10 16:20:00,2025-01-14 14:47:00,Email,Email,Newsletter,Promotional Email,3,2,0,0,0.0,94.45,,,Email > Display > Email
JOURNEY-01993,CUST-01993,2025-06-27 15:15:00,2025-06-28 09:42:00,Organic Search,Paid Search,Product Pages,Product Search,2,2,0,0,0.0,18.45,,,Organic Search > Paid Search
JOURNEY-01994,CUST-01994,2025-03-11 01:22:00,2025-03-14 08:28:00,Paid Search,Organic Social,Product Search,Instagram Organic,3,3,0,0,0.0,79.1,,,Paid Search > Referral > Organic Social
JOURNEY-01995,CUST-01995,2025-05-23 03:23:00,2025-05-24 20:11:00,Email,Paid Search,Newsletter,Competitor Search,2,2,1,1,222.92,40.8,2025-05-24 20:11:00,1.7,Email > Paid Search
JOURNEY-01996,CUST-01996,2025-01-23 18:51:00,2025-01-27 00:53:00,Email,Organic Search,Welcome Series,Product Pages,5,4,0,0,0.0,78.03,,,Email > Organic Search > Referral > Direct > Organic Search
JOURNEY-01997,CUST-01997,2025-01-18 13:13:00,2025-01-23 19:32:00,Paid Social,Organic Search,LinkedIn Ads,Product Pages,4,3,0,0,0.0,126.32,,,Paid Social > Organic Search > Paid Search > Organic Search
JOURNEY-01998,CUST-01998,2025-03-29 13:07:00,2025-04-08 02:35:00,Paid Social,Organic Search,LinkedIn Ads,Product Pages,5,4,0,0,0.0,229.47,,,Paid Social > Paid Search > Paid Social > Email > Organic Search
JOURNEY-01999,CUST-01999,2025-06-13 06:12:00,2025-06-26 11:20:00,Paid Search,Paid Social,Brand Search,Facebook Ads,5,4,0,0,0.0,317.13,,,Paid Search > Organic Search > Paid Social > Display > Paid Social
JOURNEY-02000,CUST-02000,2025-03-18 11:18:00,2025-03-29 16:20:00,Referral,Organic Search,Affiliate,Educational Content,6,4,0,0,0.0,269.03,,,Referral > Direct > Direct > Organic Search > Paid Search > Organic Search
JOURNEY-02001,CUST-02001,2025-01-19 00:04:00,2025-01-26 01:34:00,Paid Search,Paid Social,Competitor Search,LinkedIn Ads,5,3,0,0,0.0,169.5,,,Paid Search > Organic Search > Paid Social > Paid Search > Paid Social
JOURNEY-02002,CUST-02002,2025-03-18 14:41:00,2025-03-29 14:21:00,Organic Search,Organic Search,SEO Blog,SEO Blog,6,5,0,0,0.0,263.67,,,Organic Search > Organic Social > Paid Search > Paid Social > Display > Organic Search
JOURNEY-02003,CUST-02003,2025-05-23 13:21:00,2025-05-27 00:03:00,Paid Search,Referral,Competitor Search,Affiliate,5,5,0,0,0.0,82.7,,,Paid Search > Paid Social > Email > Organic Social > Referral
JOURNEY-02004,CUST-02004,2025-01-26 14:35:00,2025-01-31 11:22:00,Paid Search,Organic Search,Product Search,Product Pages,4,3,0,0,0.0,116.78,,,Paid Search > Organic Search > Referral > Organic Search
JOURNEY-02005,CUST-02005,2025-05-14 14:47:00,2025-05-18 22:41:00,Paid Search,Display,Competitor Search,Prospecting,4,3,0,0,0.0,103.9,,,Paid Search > Display > Organic Search > Display
JOURNEY-02006,CUST-02006,2025-02-12 17:34:00,2025-02-21 05:45:00,Display,Organic Search,Prospecting,SEO Blog,4,4,0,0,0.0,204.18,,,Display > Email > Paid Search > Organic Search
JOURNEY-02007,CUST-02007,2025-01-16 22:55:00,2025-01-23 19:37:00,Display,Paid Social,Prospecting,LinkedIn Ads,4,4,0,0,0.0,164.7,,,Display > Organic Social > Paid Search > Paid Social
JOURNEY-02008,CUST-02008,2025-05-24 03:07:00,2025-06-02 12:56:00,Paid Search,Paid Social,Brand Search,Facebook Ads,6,5,1,1,70.32,225.82,2025-06-02 12:56:00,9.41,Paid Search > Display > Organic Search > Display > Email > Paid Social
JOURNEY-02009,CUST-02009,2025-03-01 00:01:00,2025-03-09 14:38:00,Organic Search,Referral,Educational Content,Affiliate,4,4,0,0,0.0,206.62,,,Organic Search > Paid Search > Paid Social > Referral
JOURNEY-02010,CUST-02010,2025-06-10 12:35:00,2025-06-11 02:38:00,Organic Search,Email,Educational Content,Promotional Email,3,3,0,0,0.0,14.05,,,Organic Search > Paid Search > Email
JOURNEY-02011,CUST-02011,2025-04-16 14:15:00,2025-04-21 21:31:00,Organic Search,Paid Social,Product Pages,LinkedIn Ads,4,4,1,1,197.02,127.27,2025-04-21 21:31:00,5.3,Organic Search > Paid Search > Referral > Paid Social
JOURNEY-02012,CUST-02012,2025-04-25 04:06:00,2025-04-26 23:53:00,Direct,Paid Search,Direct Visit,Product Search,2,2,0,0,0.0,43.78,,,Direct > Paid Search
JOURNEY-02013,CUST-02013,2025-06-13 03:56:00,2025-06-16 20:18:00,Referral,Organic Search,Partner Website,Product Pages,4,4,0,0,0.0,88.37,,,Referral > Email > Organic Social > Organic Search
JOURNEY-02014,CUST-02014,2025-01-08 16:54:00,2025-01-10 16:32:00,Direct,Paid Social,Direct Visit,Facebook Ads,3,3,0,0,0.0,47.63,,,Direct > Organic Search > Paid Social
JOURNEY-02015,CUST-02015,2025-04-16 04:52:00,2025-04-20 04:40:00,Paid Search,Paid Social,Competitor Search,LinkedIn Ads,3,3,0,0,0.0,95.8,,,Paid Search > Direct > Paid Social
JOURNEY-02016,CUST-02016,2025-03-21 07:56:00,2025-04-04 01:26:00,Organic Search,Direct,Product Pages,Direct Visit,7,5,1,1,222.14,329.5,2025-04-04 01:26:00,13.73,Organic Search > Organic Social > Direct > Paid Social > Organic Search > Paid Search > Direct
JOURNEY-02017,CUST-02017,2025-03-12 00:09:00,2025-03-15 20:53:00,Organic Search,Referral,Product Pages,Customer Referral,4,3,0,0,0.0,92.73,,,Organic Search > Referral > Direct > Referral
JOURNEY-02018,CUST-02018,2025-02-03 10:17:00,2025-02-12 22:37:00,Paid Social,Paid Search,Facebook Ads,Product Search,5,5,0,0,0.0,228.33,,,Paid Social > Referral > Organic Search > Direct > Paid Search
JOURNEY-02019,CUST-02019,2025-01-07 08:20:00,2025-01-16 04:28:00,Display,Organic Search,Banner Campaign,Educational Content,6,6,0,0,0.0,212.13,,,Display > Paid Social > Organic Social > Paid Search > Direct > Organic Search
JOURNEY-02020,CUST-02020,2025-04-01 17:40:00,2025-04-05 07:55:00,Display,Paid Social,Retargeting,LinkedIn Ads,3,2,0,0,0.0,86.25,,,Display > Display > Paid Social
JOURNEY-02021,CUST-02021,2025-05-24 00:41:00,2025-05-25 09:20:00,Organic Search,Organic Search,SEO Blog,Product Pages,2,1,0,0,0.0,32.65,,,Organic Search > Organic Search
JOURNEY-02022,CUST-02022,2025-05-22 10:04:00,2025-05-24 08:11:00,Paid Social,Paid Search,Facebook Ads,Product Search,2,2,0,0,0.0,46.12,,,Paid Social > Paid Search
JOURNEY-02023,CUST-02023,2025-06-22 16:23:00,2025-06-25 12:48:00,Direct,Organic Social,Direct Visit,Instagram Organic,4,4,1,1,88.23,68.42,2025-06-25 12:48:00,2.85,Direct > Paid Search > Email > Organic Social
JOURNEY-02024,CUST-02024,2025-05-23 13:08:00,2025-05-29 05:30:00,Organic Search,Direct,Educational Content,Direct Visit,3,3,0,0,0.0,136.37,,,Organic Search > Paid Social > Direct
JOURNEY-02025,CUST-02025,2025-06-28 23:56:00,2025-06-30 00:42:00,Organic Search,Display,SEO Blog,Prospecting,2,2,0,0,0.0,24.77,,,Organic Search > Display
JOURNEY-02026,CUST-02026,2025-03-01 10:57:00,2025-03-03 13:53:00,Organic Social,Organic Social,LinkedIn Organic,TikTok Organic,3,2,0,0,0.0,50.93,,,Organic Social > Direct > Organic Social
JOURNEY-02027,CUST-02027,2025-01-23 18:08:00,2025-02-05 19:04:00,Organic Social,Direct,LinkedIn Organic,Direct Visit,5,5,1,1,226.06,312.93,2025-02-05 19:04:00,13.04,Organic Social > Paid Search > Paid Social > Referral > Direct
JOURNEY-02028,CUST-02028,2025-02-08 17:43:00,2025-02-26 09:02:00,Paid Search,Paid Social,Brand Search,Facebook Ads,8,4,0,0,0.0,423.32,,,Paid Search > Organic Search > Organic Search > Paid Search > Direct > Paid Social > Direct > Paid Social
JOURNEY-02029,CUST-02029,2025-05-23 06:00:00,2025-05-30 22:43:00,Email,Referral,Welcome Series,Affiliate,5,3,0,0,0.0,184.72,,,Email > Organic Search > Email > Organic Search > Referral
JOURNEY-02030,CUST-02030,2025-01-08 19:17:00,2025-01-12 06:09:00,Direct,Referral,Direct Visit,Customer Referral,2,2,1,1,131.53,82.87,2025-01-12 06:09:00,3.45,Direct > Referral
JOURNEY-02031,CUST-02031,2025-03-24 00:08:00,2025-03-27 16:33:00,Direct,Referral,Direct Visit,Partner Website,2,2,0,0,0.0,88.42,,,Direct > Referral
JOURNEY-02032,CUST-02032,2025-03-05 09:07:00,2025-03-10 20:24:00,Email,Direct,Newsletter,Direct Visit,5,4,0,0,0.0,131.28,,,Email > Direct > Paid Search > Organic Search > Direct
JOURNEY-02033,CUST-02033,2025-01-14 02:32:00,2025-01-16 18:46:00,Organic Search,Email,Educational Content,Welcome Series,3,3,0,0,0.0,64.23,,,Organic Search > Organic Social > Email
JOURNEY-02034,CUST-02034,2025-06-19 01:55:00,2025-06-22 10:23:00,Organic Social,Organic Search,LinkedIn Organic,Educational Content,3,3,0,0,0.0,80.47,,,Organic Social > Email > Organic Search
JOURNEY-02035,CUST-02035,2025-03-27 22:47:00,2025-04-02 08:42:00,Display,Paid Social,Retargeting,Facebook Ads,4,3,0,0,0.0,129.92,,,Display > Paid Search > Paid Search > Paid Social
JOURNEY-02036,CUST-02036,2025-02-26 08:21:00,2025-02-26 08:21:00,Organic Search,Organic Search,Educational Content,Educational Content,1,1,0,0,0.0,0.0,,,Organic Search
JOURNEY-02037,CUST-02037,2025-02-09 08:51:00,2025-02-20 18:56:00,Paid Social,Paid Search,Facebook Ads,Product Search,5,4,0,0,0.0,274.08,,,Paid Social > Paid Search > Display > Email > Paid Search
JOURNEY-02038,CUST-02038,2025-05-14 13:30:00,2025-05-29 20:10:00,Organic Social,Paid Social,LinkedIn Organic,LinkedIn Ads,8,5,1,1,81.06,366.67,2025-05-29 20:10:00,15.28,Organic Social > Paid Social > Referral > Organic Search > Paid Search > Paid Social > Paid Search > Paid Social
JOURNEY-02039,CUST-02039,2025-04-01 15:06:00,2025-04-08 21:24:00,Organic Search,Paid Search,Product Pages,Product Search,3,3,0,0,0.0,174.3,,,Organic Search > Email > Paid Search
JOURNEY-02040,CUST-02040,2025-05-10 23:20:00,2025-05-14 01:51:00,Paid Social,Organic Social,Instagram Ads,TikTok Organic,2,2,1,1,70.82,74.52,2025-05-14 01:51:00,3.1,Paid Social > Organic Social
JOURNEY-02041,CUST-02041,2025-03-12 22:31:00,2025-03-21 15:34:00,Referral,Paid Search,Partner Website,Brand Search,5,5,0,0,0.0,209.05,,,Referral > Organic Social > Organic Search > Paid Social > Paid Search
JOURNEY-02042,CUST-02042,2025-02-28 05:34:00,2025-02-28 05:34:00,Organic Social,Organic Social,LinkedIn Organic,LinkedIn Organic,1,1,0,0,0.0,0.0,,,Organic Social
JOURNEY-02043,CUST-02043,2025-02-08 20:55:00,2025-02-13 09:48:00,Email,Display,Welcome Series,Retargeting,4,3,0,0,0.0,108.88,,,Email > Display > Direct > Display
JOURNEY-02044,CUST-02044,2025-04-03 03:30:00,2025-04-06 02:09:00,Direct,Paid Social,Direct Visit,LinkedIn Ads,2,2,0,0,0.0,70.65,,,Direct > Paid Social
JOURNEY-02045,CUST-02045,2025-01-30 04:26:00,2025-01-31 22:24:00,Direct,Organic Social,Direct Visit,Instagram Organic,3,3,1,1,69.36,41.97,2025-01-31 22:24:00,1.75,Direct > Email > Organic Social
JOURNEY-02046,CUST-02046,2025-02-22 09:31:00,2025-02-27 20:33:00,Organic Search,Referral,Educational Content,Customer Referral,4,3,0,0,0.0,131.03,,,Organic Search > Paid Search > Referral > Referral
JOURNEY-02047,CUST-02047,2025-05-27 12:10:00,2025-06-02 15:42:00,Paid Social,Paid Social,Facebook Ads,Instagram Ads,5,3,0,0,0.0,147.53,,,Paid Social > Paid Search > Referral > Paid Search > Paid Social
JOURNEY-02048,CUST-02048,2025-04-19 07:40:00,2025-04-24 11:31:00,Email,Referral,Newsletter,Customer Referral,3,3,0,0,0.0,123.85,,,Email > Paid Search > Referral
JOURNEY-02049,CUST-02049,2025-01-01 09:41:00,2025-01-04 20:22:00,Direct,Paid Social,Direct Visit,Instagram Ads,3,3,0,0,0.0,82.68,,,Direct > Email > Paid Social
JOURNEY-02050,CUST-02050,2025-06-21 16:54:00,2025-06-21 16:54:00,Paid Social,Paid Social,Instagram Ads,Instagram Ads,1,1,0,0,0.0,0.0,,,Paid Social
JOURNEY-02051,CUST-02051,2025-05-03 01:51:00,2025-05-14 12:41:00,Direct,Paid Social,Direct Visit,Instagram Ads,6,5,0,0,0.0,274.83,,,Direct > Organic Search > Organic Search > Referral > Organic Social > Paid Social
JOURNEY-02052,CUST-02052,2025-05-12 23:09:00,2025-05-14 23:33:00,Referral,Paid Search,Partner Website,Brand Search,2,2,0,0,0.0,48.4,,,Referral > Paid Search
JOURNEY-02053,CUST-02053,2025-05-29 15:28:00,2025-06-02 00:54:00,Paid Social,Organic Social,Instagram Ads,Instagram Organic,4,3,1,1,83.6,81.43,2025-06-02 00:54:00,3.39,Paid Social > Organic Social > Organic Search > Organic Social
JOURNEY-02054,CUST-02054,2025-05-30 06:47:00,2025-06-03 00:06:00,Paid Search,Organic Social,Product Search,LinkedIn Organic,3,3,0,0,0.0,89.32,,,Paid Search > Direct > Organic Social
JOURNEY-02055,CUST-02055,2025-05-09 00:52:00,2025-05-17 16:45:00,Paid Search,Organic Social,Brand Search,Instagram Organic,5,5,0,0,0.0,207.88,,,Paid Search > Email > Organic Search > Paid Social > Organic Social
JOURNEY-02056,CUST-02056,2025-02-14 22:59:00,2025-02-18 11:26:00,Organic Search,Paid Social,Product Pages,Instagram Ads,2,2,0,0,0.0,84.45,,,Organic Search > Paid Social
JOURNEY-02057,CUST-02057,2025-04-17 20:50:00,2025-04-21 18:50:00,Organic Social,Paid Search,Instagram Organic,Product Search,4,3,1,1,168.08,94.0,2025-04-21 18:50:00,3.92,Organic Social > Email > Organic Social > Paid Search
JOURNEY-02058,CUST-02058,2025-02-19 12:23:00,2025-03-02 06:22:00,Organic Social,Organic Social,TikTok Organic,LinkedIn Organic,5,2,0,0,0.0,257.98,,,Organic Social > Organic Search > Organic Social > Organic Search > Organic Social
JOURNEY-02059,CUST-02059,2025-06-18 05:01:00,2025-06-25 22:20:00,Email,Email,Promotional Email,Promotional Email,5,4,0,0,0.0,185.32,,,Email > Referral > Paid Social > Paid Search > Email
JOURNEY-02060,CUST-02060,2025-05-17 07:08:00,2025-05-27 01:51:00,Referral,Paid Search,Partner Website,Brand Search,5,3,1,1,85.11,234.72,2025-05-27 01:51:00,9.78,Referral > Organic Social > Paid Search > Organic Social > Paid Search
JOURNEY-02061,CUST-02061,2025-01-06 03:50:00,2025-01-12 08:05:00,Display,Paid Search,Banner Campaign,Product Search,4,2,0,0,0.0,148.25,,,Display > Paid Search > Display > Paid Search
JOURNEY-02062,CUST-02062,2025-02-25 07:40:00,2025-03-02 10:17:00,Organic Search,Direct,Educational Content,Direct Visit,3,3,0,0,0.0,122.62,,,Organic Search > Paid Social > Direct
JOURNEY-02063,CUST-02063,2025-04-20 18:47:00,2025-04-21 03:38:00,Organic Search,Organic Social,SEO Blog,Instagram Organic,2,2,0,0,0.0,8.85,,,Organic Search > Organic Social
JOURNEY-02064,CUST-02064,2025-05-31 12:26:00,2025-06-04 01:41:00,Email,Organic Search,Newsletter,Product Pages,3,3,1,1,295.11,85.25,2025-06-04 01:41:00,3.55,Email > Paid Social > Organic Search
JOURNEY-02065,CUST-02065,2025-01-12 09:04:00,2025-01-18 02:02:00,Organic Search,Direct,Product Pages,Direct Visit,6,6,0,0,0.0,136.97,,,Organic Search > Organic Social > Email > Display > Paid Search > Direct
JOURNEY-02066,CUST-02066,2025-01-02 06:05:00,2025-01-06 22:54:00,Paid Search,Paid Search,Product Search,Product Search,3,2,0,0,0.0,112.82,,,Paid Search > Organic Social > Paid Search
JOURNEY-02067,CUST-02067,2025-03-29 07:01:00,2025-04-05 15:14:00,Paid Search,Paid Search,Competitor Search,Competitor Search,4,3,1,1,118.86,176.22,2025-04-05 15:14:00,7.34,Paid Search > Organic Search > Display > Paid Search
JOURNEY-02068,CUST-02068,2025-06-23 06:13:00,2025-06-28 05:39:00,Email,Display,Newsletter,Banner Campaign,4,3,0,0,0.0,119.43,,,Email > Organic Search > Email > Display
JOURNEY-02069,CUST-02069,2025-02-16 20:18:00,2025-02-19 15:47:00,Organic Social,Paid Social,TikTok Organic,Facebook Ads,3,3,0,0,0.0,67.48,,,Organic Social > Paid Search > Paid Social
JOURNEY-02070,CUST-02070,2025-06-28 00:20:00,2025-07-05 06:39:00,Organic Search,Email,Educational Content,Promotional Email,5,4,1,1,300.39,174.32,2025-07-05 06:39:00,7.26,Organic Search > Paid Search > Direct > Organic Search > Email
JOURNEY-02071,CUST-02071,2025-03-26 14:25:00,2025-03-28 03:20:00,Organic Search,Paid Social,SEO Blog,LinkedIn Ads,2,2,0,0,0.0,36.92,,,Organic Search > Paid Social
JOURNEY-02072,CUST-02072,2025-01-08 10:30:00,2025-01-19 20:50:00,Display,Organic Social,Banner Campaign,TikTok Organic,7,5,0,0,0.0,274.33,,,Display > Paid Search > Email > Organic Social > Email > Direct > Organic Social
JOURNEY-02073,CUST-02073,2025-01-06 23:20:00,2025-01-07 05:31:00,Paid Search,Organic Social,Competitor Search,TikTok Organic,2,2,0,0,0.0,6.18,,,Paid Search > Organic Social
JOURNEY-02074,CUST-02074,2025-01-11 22:55:00,2025-01-12 13:18:00,Organic Search,Direct,Product Pages,Direct Visit,2,2,0,0,0.0,14.38,,,Organic Search > Direct
JOURNEY-02075,CUST-02075,2025-03-30 02:36:00,2025-04-06 19:31:00,Organic Search,Paid Search,Educational Content,Brand Search,6,4,0,0,0.0,184.92,,,Organic Search > Paid Social > Paid Social > Paid Search > Referral > Paid Search
JOURNEY-02076,CUST-02076,2025-05-13 05:45:00,2025-05-16 01:31:00,Paid Social,Referral,Facebook Ads,Partner Website,2,2,0,0,0.0,67.77,,,Paid Social > Referral
JOURNEY-02077,CUST-02077,2025-04-23 21:33:00,2025-05-02 16:12:00,Organic Search,Paid Search,Educational Content,Product Search,4,3,1,1,117.62,210.65,2025-05-02 16:12:00,8.78,Organic Search > Paid Search > Email > Paid Search
JOURNEY-02078,CUST-02078,2025-06-08 23:04:00,2025-06-11 05:05:00,Paid Search,Referral,Product Search,Customer Referral,2,2,0,0,0.0,54.02,,,Paid Search > Referral
JOURNEY-02079,CUST-02079,2025-05-08 05:33:00,2025-05-15 18:36:00,Email,Referral,Newsletter,Partner Website,5,4,0,0,0.0,181.05,,,Email > Paid Social > Paid Search > Referral > Referral
JOURNEY-02080,CUST-02080,2025-03-31 07:53:00,2025-04-04 04:42:00,Email,Email,Newsletter,Promotional Email,3,2,1,1,86.34,92.82,2025-04-04 04:42:00,3.87,Email > Paid Social > Email
JOURNEY-02081,CUST-02081,2025-01-10 01:31:00,2025-01-11 10:05:00,Email,Paid Search,Newsletter,Product Search,3,2,0,0,0.0,32.57,,,Email > Email > Paid Search
JOURNEY-02082,CUST-02082,2025-01-02 14:46:00,2025-01-05 20:12:00,Display,Paid Search,Prospecting,Competitor Search,5,5,0,0,0.0,77.43,,,Display > Organic Social > Paid Social > Direct > Paid Search
JOURNEY-02083,CUST-02083,2025-02-09 09:39:00,2025-02-13 01:29:00,Referral,Paid Search,Affiliate,Product Search,4,3,0,0,0.0,87.83,,,Referral > Paid Social > Referral > Paid Search
JOURNEY-02084,CUST-02084,2025-03-10 05:02:00,2025-03-13 19:30:00,Email,Organic Search,Newsletter,Educational Content,3,3,0,0,0.0,86.47,,,Email > Referral > Organic Search
JOURNEY-02085,CUST-02085,2025-01-15 01:00:00,2025-01-20 11:07:00,Paid Search,Direct,Competitor Search,Direct Visit,4,4,0,0,0.0,130.12,,,Paid Search > Organic Search > Paid Social > Direct
JOURNEY-02086,CUST-02086,2025-02-20 23:40:00,2025-03-01 04:52:00,Paid Search,Direct,Product Search,Direct Visit,5,5,0,0,0.0,197.2,,,Paid Search > Organic Search > Email > Referral > Direct
JOURNEY-02087,CUST-02087,2025-04-09 19:15:00,2025-04-18 02:22:00,Direct,Organic Search,Direct Visit,Educational Content,5,4,0,0,0.0,199.12,,,Direct > Organic Social > Paid Social > Direct > Organic Search
JOURNEY-02088,CUST-02088,2025-06-03 02:25:00,2025-06-06 03:17:00,Display,Organic Social,Banner Campaign,LinkedIn Organic,2,2,0,0,0.0,72.87,,,Display > Organic Social
JOURNEY-02089,CUST-02089,2025-01-18 17:55:00,2025-01-22 17:24:00,Referral,Email,Partner Website,Promotional Email,3,2,0,0,0.0,95.48,,,Referral > Email > Email
JOURNEY-02090,CUST-02090,2025-01-25 12:48:00,2025-02-05 13:46:00,Paid Social,Organic Search,Facebook Ads,SEO Blog,5,4,0,0,0.0,264.97,,,Paid Social > Direct > Email > Direct > Organic Search
JOURNEY-02091,CUST-02091,2025-04-28 02:17:00,2025-05-08 11:41:00,Direct,Display,Direct Visit,Banner Campaign,6,5,0,0,0.0,249.4,,,Direct > Email > Direct > Referral > Organic Search > Display
JOURNEY-02092,CUST-02092,2025-06-27 06:44:00,2025-06-27 06:44:00,Email,Email,Promotional Email,Promotional Email,1,1,0,0,0.0,0.0,,,Email
JOURNEY-02093,CUST-02093,2025-02-11 07:20:00,2025-02-13 16:58:00,Organic Social,Paid Social,LinkedIn Organic,Instagram Ads,2,2,0,0,0.0,57.63,,,Organic Social > Paid Social
JOURNEY-02094,CUST-02094,2025-01-25 02:42:00,2025-01-30 08:39:00,Email,Paid Search,Welcome Series,Brand Search,4,3,0,0,0.0,125.95,,,Email > Paid Social > Email > Paid Search
JOURNEY-02095,CUST-02095,2025-01-19 14:49:00,2025-01-29 06:00:00,Organic Search,Organic Search,Product Pages,Educational Content,4,3,0,0,0.0,231.18,,,Organic Search > Paid Social > Referral > Organic Search
JOURNEY-02096,CUST-02096,2025-05-26 14:23:00,2025-06-05 09:57:00,Referral,Direct,Partner Website,Direct Visit,6,5,0,0,0.0,235.57,,,Referral > Paid Search > Email > Paid Social > Paid Social > Direct
JOURNEY-02097,CUST-02097,2025-05-10 03:08:00,2025-05-13 17:48:00,Paid Social,Paid Search,LinkedIn Ads,Brand Search,3,3,0,0,0.0,86.67,,,Paid Social > Display > Paid Search
JOURNEY-02098,CUST-02098,2025-03-20 02:28:00,2025-03-20 02:28:00,Paid Search,Paid Search,Competitor Search,Competitor Search,1,1,0,0,0.0,0.0,,,Paid Search
JOURNEY-02099,CUST-02099,2025-05-22 09:42:00,2025-05-22 09:42:00,Direct,Direct,Direct Visit,Direct Visit,1,1,0,0,0.0,0.0,,,Direct
JOURNEY-02100,CUST-02100,2025-01-06 19:31:00,2025-01-10 01:42:00,Email,Display,Newsletter,Banner Campaign,4,3,1,1,153.16,78.18,2025-01-10 01:42:00,3.26,Email > Display > Paid Search > Display
JOURNEY-02101,CUST-02101,2025-05-18 08:50:00,2025-05-19 10:42:00,Organic Social,Paid Social,TikTok Organic,LinkedIn Ads,3,3,1,1,116.93,25.87,2025-05-19 10:42:00,1.08,Organic Social > Paid Search > Paid Social
JOURNEY-02102,CUST-02102,2025-04-09 18:39:00,2025-04-16 08:29:00,Paid Social,Email,Instagram Ads,Promotional Email,3,3,0,0,0.0,157.83,,,Paid Social > Organic Search > Email
JOURNEY-02103,CUST-02103,2025-03-14 10:47:00,2025-03-17 10:55:00,Paid Search,Paid Search,Competitor Search,Product Search,3,2,0,0,0.0,72.13,,,Paid Search > Paid Social > Paid Search
JOURNEY-02104,CUST-02104,2025-01-05 20:28:00,2025-01-13 14:12:00,Direct,Organic Search,Direct Visit,Educational Content,4,4,0,0,0.0,185.73,,,Direct > Paid Social > Organic Social > Organic Search
JOURNEY-02105,CUST-02105,2025-06-11 09:28:00,2025-06-17 03:17:00,Organic Search,Paid Social,SEO Blog,LinkedIn Ads,4,3,0,0,0.0,137.82,,,Organic Search > Paid Social > Email > Paid Social
JOURNEY-02106,CUST-02106,2025-04-08 13:44:00,2025-04-08 13:44:00,Paid Search,Paid Search,Competitor Search,Competitor Search,1,1,0,0,0.0,0.0,,,Paid Search
JOURNEY-02107,CUST-02107,2025-03-06 13:41:00,2025-03-11 10:16:00,Paid Social,Paid Social,Facebook Ads,Instagram Ads,4,2,0,0,0.0,116.58,,,Paid Social > Email > Paid Social > Paid Social
JOURNEY-02108,CUST-02108,2025-05-02 10:43:00,2025-05-08 06:12:00,Organic Search,Display,Educational Content,Prospecting,3,3,0,0,0.0,139.48,,,Organic Search > Direct > Display
JOURNEY-02109,CUST-02109,2025-02-10 08:11:00,2025-02-12 16:00:00,Paid Social,Direct,LinkedIn Ads,Direct Visit,3,3,1,1,73.26,55.82,2025-02-12 16:00:00,2.33,Paid Social > Referral > Direct
JOURNEY-02110,CUST-02110,2025-05-27 14:23:00,2025-06-01 03:53:00,Paid Search,Organic Search,Competitor Search,Educational Content,3,3,0,0,0.0,109.5,,,Paid Search > Direct > Organic Search
JOURNEY-02111,CUST-02111,2025-04-13 04:59:00,2025-04-20 23:26:00,Paid Social,Organic Search,LinkedIn Ads,SEO Blog,5,5,0,0,0.0,186.45,,,Paid Social > Organic Social > Email > Paid Search > Organic Search
JOURNEY-02112,CUST-02112,2025-01-12 18:52:00,2025-01-15 11:09:00,Organic Search,Paid Search,Educational Content,Competitor Search,3,2,0,0,0.0,64.28,,,Organic Search > Paid Search > Paid Search
JOURNEY-02113,CUST-02113,2025-02-22 23:14:00,2025-03-06 06:46:00,Email,Direct,Promotional Email,Direct Visit,8,5,0,0,0.0,271.53,,,Email > Direct > Referral > Organic Search > Referral > Paid Search > Email > Direct
JOURNEY-02114,CUST-02114,2025-06-09 06:02:00,2025-06-17 15:40:00,Display,Paid Social,Retargeting,LinkedIn Ads,5,4,1,1,69.23,201.63,2025-06-17 15:40:00,8.4,Display > Paid Social > Direct > Paid Search > Paid Social
JOURNEY-02115,CUST-02115,2025-05-07 11:42:00,2025-05-18 03:42:00,Organic Search,Paid Search,Educational Content,Competitor Search,4,3,1,1,192.59,256.0,2025-05-18 03:42:00,10.67,Organic Search > Organic Search > Email > Paid Search
JOURNEY-02116,CUST-02116,2025-01-07 15:11:00,2025-01-20 20:50:00,Paid Social,Email,Facebook Ads,Welcome Series,8,6,1,1,197.1,317.65,2025-01-20 20:50:00,13.24,Paid Social > Organic Social > Paid Search > Direct > Paid Social > Paid Search > Display > Email
JOURNEY-02117,CUST-02117,2025-03-01 16:52:00,2025-03-05 14:35:00,Email,Referral,Promotional Email,Partner Website,3,3,1,1,77.83,93.72,2025-03-05 14:35:00,3.9,Email > Direct > Referral
JOURNEY-02118,CUST-02118,2025-06-04 18:21:00,2025-06-07 11:02:00,Organic Search,Direct,Educational Content,Direct Visit,3,3,0,0,0.0,64.68,,,Organic Search > Paid Search > Direct
JOURNEY-02119,CUST-02119,2025-06-08 08:26:00,2025-06-21 10:15:00,Paid Social,Organic Search,Facebook Ads,SEO Blog,5,4,0,0,0.0,313.82,,,Paid Social > Email > Paid Social > Direct > Organic Search
JOURNEY-02120,CUST-02120,2025-02-05 23:11:00,2025-02-07 15:48:00,Email,Organic Search,Welcome Series,Educational Content,3,3,0,0,0.0,40.62,,,Email > Paid Social > Organic Search
JOURNEY-02121,CUST-02121,2025-01-21 19:14:00,2025-01-27 04:47:00,Direct,Organic Social,Direct Visit,Instagram Organic,4,4,1,1,243.7,129.55,2025-01-27 04:47:00,5.4,Direct > Organic Search > Paid Search > Organic Social
JOURNEY-02122,CUST-02122,2025-04-07 10:48:00,2025-04-13 04:37:00,Referral,Organic Search,Customer Referral,Educational Content,3,3,0,0,0.0,137.82,,,Referral > Email > Organic Search
JOURNEY-02123,CUST-02123,2025-02-04 06:35:00,2025-02-14 14:51:00,Direct,Paid Search,Direct Visit,Product Search,8,7,0,0,0.0,248.27,,,Direct > Paid Search > Display > Organic Social > Referral > Organic Search > Email > Paid Search
JOURNEY-02124,CUST-02124,2025-06-03 02:15:00,2025-06-03 15:51:00,Direct,Paid Search,Direct Visit,Product Search,3,3,1,1,227.25,13.6,2025-06-03 15:51:00,0.57,Direct > Organic Search > Paid Search
JOURNEY-02125,CUST-02125,2025-06-16 18:15:00,2025-06-20 18:37:00,Organic Search,Email,Product Pages,Welcome Series,6,6,0,0,0.0,96.37,,,Organic Search > Paid Social > Referral > Organic Social > Display > Email
JOURNEY-02126,CUST-02126,2025-04-05 12:52:00,2025-04-09 05:44:00,Direct,Paid Social,Direct Visit,Instagram Ads,3,3,0,0,0.0,88.87,,,Direct > Organic Search > Paid Social
JOURNEY-02127,CUST-02127,2025-04-26 01:30:00,2025-05-03 10:06:00,Email,Email,Newsletter,Welcome Series,4,3,1,1,35.24,176.6,2025-05-03 10:06:00,7.36,Email > Organic Social > Organic Search > Email
JOURNEY-02128,CUST-02128,2025-02-28 02:45:00,2025-02-28 19:50:00,Paid Search,Referral,Brand Search,Partner Website,2,2,0,0,0.0,17.08,,,Paid Search > Referral
JOURNEY-02129,CUST-02129,2025-04-29 19:38:00,2025-05-05 20:25:00,Direct,Email,Direct Visit,Newsletter,6,4,0,0,0.0,144.78,,,Direct > Organic Search > Paid Search > Organic Search > Direct > Email
JOURNEY-02130,CUST-02130,2025-04-05 23:38:00,2025-04-05 23:38:00,Display,Display,Banner Campaign,Banner Campaign,1,1,0,0,0.0,0.0,,,Display
JOURNEY-02131,CUST-02131,2025-04-14 19:41:00,2025-04-23 11:21:00,Paid Social,Paid Search,Facebook Ads,Brand Search,5,4,0,0,0.0,207.67,,,Paid Social > Direct > Paid Search > Organic Social > Paid Search
JOURNEY-02132,CUST-02132,2025-04-08 22:04:00,2025-04-17 13:12:00,Paid Social,Paid Search,LinkedIn Ads,Competitor Search,4,4,0,0,0.0,207.13,,,Paid Social > Display > Organic Search > Paid Search
JOURNEY-02133,CUST-02133,2025-04-24 03:53:00,2025-04-27 18:14:00,Organic Search,Paid Social,Educational Content,LinkedIn Ads,3,2,0,0,0.0,86.35,,,Organic Search > Organic Search > Paid Social
JOURNEY-02134,CUST-02134,2025-06-29 16:27:00,2025-06-29 19:32:00,Referral,Organic Search,Affiliate,Educational Content,2,2,0,0,0.0,3.08,,,Referral > Organic Search
JOURNEY-02135,CUST-02135,2025-04-15 09:10:00,2025-04-20 16:50:00,Paid Search,Organic Search,Competitor Search,SEO Blog,3,3,0,0,0.0,127.67,,,Paid Search > Referral > Organic Search
JOURNEY-02136,CUST-02136,2025-03-09 12:17:00,2025-03-09 12:17:00,Direct,Direct,Direct Visit,Direct Visit,1,1,0,0,0.0,0.0,,,Direct
JOURNEY-02137,CUST-02137,2025-05-12 12:19:00,2025-05-12 12:19:00,Organic Social,Organic Social,LinkedIn Organic,LinkedIn Organic,1,1,0,0,0.0,0.0,,,Organic Social
JOURNEY-02138,CUST-02138,2025-02-08 17:12:00,2025-02-22 03:46:00,Organic Search,Organic Search,SEO Blog,Product Pages,6,5,0,0,0.0,322.57,,,Organic Search > Email > Direct > Organic Social > Paid Social > Organic Search
JOURNEY-02139,CUST-02139,2025-01-28 15:57:00,2025-01-31 16:04:00,Referral,Display,Customer Referral,Prospecting,3,3,1,1,61.03,72.12,2025-01-31 16:04:00,3.0,Referral > Email > Display
JOURNEY-02140,CUST-02140,2025-02-27 02:36:00,2025-02-27 11:12:00,Paid Search,Organic Social,Competitor Search,LinkedIn Organic,2,2,0,0,0.0,8.6,,,Paid Search > Organic Social
JOURNEY-02141,CUST-02141,2025-02-23 04:30:00,2025-02-24 19:10:00,Paid Search,Paid Search,Brand Search,Brand Search,3,2,0,0,0.0,38.67,,,Paid Search > Email > Paid Search
JOURNEY-02142,CUST-02142,2025-05-13 03:57:00,2025-05-15 09:44:00,Display,Email,Retargeting,Welcome Series,2,2,0,0,0.0,53.78,,,Display > Email
JOURNEY-02143,CUST-02143,2025-04-20 09:24:00,2025-04-20 09:24:00,Organic Social,Organic Social,LinkedIn Organic,LinkedIn Organic,1,1,0,0,0.0,0.0,,,Organic Social
JOURNEY-02144,CUST-02144,2025-06-21 08:52:00,2025-07-03 21:26:00,Paid Search,Email,Brand Search,Promotional Email,6,6,1,1,295.83,300.57,2025-07-03 21:26:00,12.52,Paid Search > Display > Referral > Direct > Organic Search > Email
JOURNEY-02145,CUST-02145,2025-01-18 21:37:00,2025-01-19 00:22:00,Organic Search,Display,Educational Content,Prospecting,2,2,0,0,0.0,2.75,,,Organic Search > Display
JOURNEY-02146,CUST-02146,2025-05-28 14:09:00,2025-05-31 19:46:00,Display,Organic Search,Prospecting,Product Pages,2,2,0,0,0.0,77.62,,,Display > Organic Search
JOURNEY-02147,CUST-02147,2025-03-14 20:31:00,2025-03-16 17:23:00,Paid Search,Paid Search,Brand Search,Competitor Search,4,3,0,0,0.0,44.87,,,Paid Search > Paid Social > Email > Paid Search
JOURNEY-02148,CUST-02148,2025-02-24 18:20:00,2025-02-24 18:20:00,Organic Search,Organic Search,Product Pages,Product Pages,1,1,0,0,0.0,0.0,,,Organic Search
JOURNEY-02149,CUST-02149,2025-01-31 09:39:00,2025-01-31 09:39:00,Direct,Direct,Direct Visit,Direct Visit,1,1,0,0,0.0,0.0,,,Direct
JOURNEY-02150,CUST-02150,2025-02-20 21:03:00,2025-02-20 21:03:00,Organic Social,Organic Social,TikTok Organic,TikTok Organic,1,1,0,0,0.0,0.0,,,Organic Social
JOURNEY-02151,CUST-02151,2025-01-21 22:45:00,2025-01-28 03:11:00,Organic Social,Referral,Instagram Organic,Customer Referral,4,4,1,1,110.55,148.43,2025-01-28 03:11:00,6.18,Organic Social > Organic Search > Email > Referral
JOURNEY-02152,CUST-02152,2025-03-02 10:07:00,2025-03-10 23:00:00,Organic Social,Referral,TikTok Organic,Affiliate,5,5,0,0,0.0,204.88,,,Organic Social > Email > Direct > Display > Referral
JOURNEY-02153,CUST-02153,2025-05-07 15:06:00,2025-05-07 15:06:00,Direct,Direct,Direct Visit,Direct Visit,1,1,0,0,0.0,0.0,,,Direct
JOURNEY-02154,CUST-02154,2025-03-19 17:31:00,2025-03-22 00:54:00,Paid Social,Organic Search,LinkedIn Ads,Product Pages,3,3,0,0,0.0,55.38,,,Paid Social > Display > Organic Search
JOURNEY-02155,CUST-02155,2025-06-07 15:44:00,2025-06-11 14:35:00,Display,Referral,Prospecting,Customer Referral,3,3,1,1,85.85,94.85,2025-06-11 14:35:00,3.95,Display > Email > Referral
JOURNEY-02156,CUST-02156,2025-02-13 14:17:00,2025-02-24 03:22:00,Paid Social,Referral,Facebook Ads,Customer Referral,5,5,1,1,59.33,253.08,2025-02-24 03:22:00,10.55,Paid Social > Email > Organic Search > Paid Search > Referral
JOURNEY-02157,CUST-02157,2025-01-24 13:50:00,2025-02-01 16:08:00,Organic Social,Referral,Instagram Organic,Customer Referral,6,4,1,1,124.5,194.3,2025-02-01 16:08:00,8.1,Organic Social > Referral > Paid Social > Paid Search > Paid Search > Referral
JOURNEY-02158,CUST-02158,2025-04-10 14:55:00,2025-04-19 04:08:00,Organic Search,Paid Search,SEO Blog,Product Search,5,4,0,0,0.0,205.22,,,Organic Search > Email > Referral > Organic Search > Paid Search
JOURNEY-02159,CUST-02159,2025-02-10 12:18:00,2025-02-15 13:52:00,Organic Social,Paid Search,Instagram Organic,Brand Search,3,3,0,0,0.0,121.57,,,Organic Social > Email > Paid Search
JOURNEY-02160,CUST-02160,2025-01-18 01:32:00,2025-01-18 01:32:00,Email,Email,Newsletter,Newsletter,1,1,1,1,141.25,0.0,2025-01-18 01:32:00,0.0,Email
JOURNEY-02161,CUST-02161,2025-03-09 18:50:00,2025-03-11 02:19:00,Paid Social,Referral,Instagram Ads,Partner Website,2,2,0,0,0.0,31.48,,,Paid Social > Referral
JOURNEY-02162,CUST-02162,2025-05-29 23:29:00,2025-05-29 23:29:00,Paid Search,Paid Search,Product Search,Product Search,1,1,0,0,0.0,0.0,,,Paid Search
JOURNEY-02163,CUST-02163,2025-05-23 23:28:00,2025-05-28 05:15:00,Organic Search,Display,SEO Blog,Banner Campaign,3,3,1,1,136.33,101.78,2025-05-28 05:15:00,4.24,Organic Search > Email > Display
JOURNEY-02164,CUST-02164,2025-02-09 12:54:00,2025-02-13 15:30:00,Email,Referral,Newsletter,Customer Referral,3,3,0,0,0.0,98.6,,,Email > Paid Search > Referral
JOURNEY-02165,CUST-02165,2025-06-26 07:21:00,2025-06-26 07:21:00,Direct,Direct,Direct Visit,Direct Visit,1,1,0,0,0.0,0.0,,,Direct
JOURNEY-02166,CUST-02166,2025-02-03 06:10:00,2025-02-10 13:50:00,Organic Search,Direct,Product Pages,Direct Visit,7,5,1,1,128.85,175.67,2025-02-10 13:50:00,7.32,Organic Search > Paid Social > Organic Search > Paid Social > Organic Social > Paid Search > Direct
JOURNEY-02167,CUST-02167,2025-03-12 21:52:00,2025-03-26 10:01:00,Email,Paid Social,Promotional Email,Instagram Ads,7,6,0,0,0.0,324.15,,,Email > Organic Social > Paid Search > Email > Referral > Direct > Paid Social
JOURNEY-02168,CUST-02168,2025-02-16 02:16:00,2025-02-20 03:52:00,Organic Social,Display,Instagram Organic,Prospecting,3,3,1,1,82.37,97.6,2025-02-20 03:52:00,4.07,Organic Social > Paid Search > Display
JOURNEY-02169,CUST-02169,2025-04-23 11:47:00,2025-05-03 16:07:00,Referral,Paid Search,Customer Referral,Product Search,5,4,0,0,0.0,244.33,,,Referral > Paid Search > Organic Search > Direct > Paid Search
JOURNEY-02170,CUST-02170,2025-03-10 20:04:00,2025-03-13 04:32:00,Paid Search,Email,Product Search,Newsletter,3,3,0,0,0.0,56.47,,,Paid Search > Organic Social > Email
JOURNEY-02171,CUST-02171,2025-03-24 13:37:00,2025-03-31 06:46:00,Referral,Organic Search,Affiliate,Product Pages,4,4,0,0,0.0,161.15,,,Referral > Display > Paid Social > Organic Search
JOURNEY-02172,CUST-02172,2025-01-13 19:18:00,2025-01-18 15:32:00,Referral,Email,Partner Website,Welcome Series,4,4,0,0,0.0,116.23,,,Referral > Paid Search > Paid Social > Email
JOURNEY-02173,CUST-02173,2025-03-04 00:21:00,2025-03-14 09:50:00,Direct,Referral,Direct Visit,Affiliate,4,4,0,0,0.0,249.48,,,Direct > Paid Social > Display > Referral
JOURNEY-02174,CUST-02174,2025-02-07 17:01:00,2025-02-09 08:25:00,Paid Search,Paid Social,Competitor Search,LinkedIn Ads,2,2,0,0,0.0,39.4,,,Paid Search > Paid Social
JOURNEY-02175,CUST-02175,2025-01-25 00:48:00,2025-01-30 22:51:00,Referral,Email,Partner Website,Newsletter,4,4,0,0,0.0,142.05,,,Referral > Display > Organic Search > Email
JOURNEY-02176,CUST-02176,2025-03-06 12:49:00,2025-03-16 05:11:00,Organic Search,Direct,SEO Blog,Direct Visit,6,5,0,0,0.0,232.37,,,Organic Search > Paid Search > Display > Organic Search > Organic Social > Direct
JOURNEY-02177,CUST-02177,2025-02-09 20:51:00,2025-02-09 20:51:00,Paid Search,Paid Search,Brand Search,Brand Search,1,1,1,1,158.25,0.0,2025-02-09 20:51:00,0.0,Paid Search
JOURNEY-02178,CUST-02178,2025-05-26 00:48:00,2025-06-10 11:10:00,Email,Paid Search,Newsletter,Product Search,7,5,0,0,0.0,370.37,,,Email > Organic Search > Paid Search > Organic Search > Paid Social > Referral > Paid Search
JOURNEY-02179,CUST-02179,2025-01-12 15:27:00,2025-01-17 18:08:00,Display,Email,Banner Campaign,Welcome Series,3,3,0,0,0.0,122.68,,,Display > Organic Search > Email
JOURNEY-02180,CUST-02180,2025-03-23 02:16:00,2025-03-24 08:51:00,Referral,Paid Search,Affiliate,Product Search,2,2,1,1,212.9,30.58,2025-03-24 08:51:00,1.27,Referral > Paid Search
JOURNEY-02181,CUST-02181,2025-01-16 09:38:00,2025-01-18 11:27:00,Paid Social,Organic Search,LinkedIn Ads,SEO Blog,2,2,0,0,0.0,49.82,,,Paid Social > Organic Search
JOURNEY-02182,CUST-02182,2025-01-05 16:25:00,2025-01-05 16:25:00,Paid Social,Paid Social,Instagram Ads,Instagram Ads,1,1,0,0,0.0,0.0,,,Paid Social
JOURNEY-02183,CUST-02183,2025-02-02 17:23:00,2025-02-17 15:21:00,Display,Paid Search,Retargeting,Competitor Search,7,5,0,0,0.0,357.97,,,Display > Paid Search > Referral > Paid Search > Direct > Email > Paid Search
JOURNEY-02184,CUST-02184,2025-02-10 11:26:00,2025-02-13 07:07:00,Organic Search,Display,Educational Content,Retargeting,5,5,0,0,0.0,67.68,,,Organic Search > Direct > Email > Paid Search > Display
JOURNEY-02185,CUST-02185,2025-05-20 00:19:00,2025-05-20 00:19:00,Organic Search,Organic Search,Product Pages,Product Pages,1,1,0,0,0.0,0.0,,,Organic Search
JOURNEY-02186,CUST-02186,2025-01-15 10:24:00,2025-01-27 00:42:00,Organic Social,Display,TikTok Organic,Prospecting,7,5,0,0,0.0,278.3,,,Organic Social > Paid Social > Direct > Organic Social > Organic Search > Organic Social > Display
JOURNEY-02187,CUST-02187,2025-01-01 06:07:00,2025-01-06 22:34:00,Display,Organic Search,Prospecting,SEO Blog,4,4,0,0,0.0,136.45,,,Display > Email > Paid Social > Organic Search
JOURNEY-02188,CUST-02188,2025-05-21 04:50:00,2025-05-24 16:55:00,Paid Social,Referral,Facebook Ads,Affiliate,2,2,0,0,0.0,84.08,,,Paid Social > Referral
JOURNEY-02189,CUST-02189,2025-02-15 09:10:00,2025-02-27 22:52:00,Organic Search,Organic Search,SEO Blog,SEO Blog,5,4,0,0,0.0,301.7,,,Organic Search > Paid Social > Display > Referral > Organic Search
JOURNEY-02190,CUST-02190,2025-04-13 00:47:00,2025-04-16 19:34:00,Direct,Organic Search,Direct Visit,Educational Content,2,2,1,1,149.12,90.78,2025-04-16 19:34:00,3.78,Direct > Organic Search
JOURNEY-02191,CUST-02191,2025-03-06 18:57:00,2025-03-17 03:16:00,Organic Social,Paid Search,LinkedIn Organic,Product Search,6,3,0,0,0.0,248.32,,,Organic Social > Paid Search > Paid Search > Email > Organic Social > Paid Search
JOURNEY-02192,CUST-02192,2025-06-11 12:32:00,2025-06-11 12:32:00,Direct,Direct,Direct Visit,Direct Visit,1,1,0,0,0.0,0.0,,,Direct
JOURNEY-02193,CUST-02193,2025-06-09 14:52:00,2025-06-11 11:38:00,Display,Email,Banner Campaign,Newsletter,2,2,0,0,0.0,44.77,,,Display > Email
JOURNEY-02194,CUST-02194,2025-05-16 05:58:00,2025-05-20 03:31:00,Direct,Email,Direct Visit,Welcome Series,2,2,0,0,0.0,93.55,,,Direct > Email
JOURNEY-02195,CUST-02195,2025-03-13 17:48:00,2025-03-13 17:48:00,Direct,Direct,Direct Visit,Direct Visit,1,1,0,0,0.0,0.0,,,Direct
JOURNEY-02196,CUST-02196,2025-01-11 04:24:00,2025-01-16 13:32:00,Organic Social,Direct,TikTok Organic,Direct Visit,4,4,1,1,76.08,129.13,2025-01-16 13:32:00,5.38,Organic Social > Display > Organic Search > Direct
JOURNEY-02197,CUST-02197,2025-06-29 09:25:00,2025-07-05 16:57:00,Display,Paid Search,Prospecting,Competitor Search,3,2,0,0,0.0,151.53,,,Display > Paid Search > Paid Search
JOURNEY-02198,CUST-02198,2025-06-13 12:19:00,2025-06-13 12:19:00,Paid Social,Paid Social,LinkedIn Ads,LinkedIn Ads,1,1,0,0,0.0,0.0,,,Paid Social
JOURNEY-02199,CUST-02199,2025-02-09 11:53:00,2025-02-12 03:43:00,Email,Organic Search,Welcome Series,Educational Content,2,2,0,0,0.0,63.83,,,Email > Organic Search
JOURNEY-02200,CUST-02200,2025-01-01 23:33:00,2025-01-10 01:29:00,Organic Search,Email,Product Pages,Welcome Series,5,4,0,0,0.0,193.93,,,Organic Search > Organic Social > Paid Social > Organic Social > Email
JOURNEY-02201,CUST-02201,2025-03-14 09:33:00,2025-03-15 08:27:00,Organic Search,Display,Product Pages,Banner Campaign,2,2,0,0,0.0,22.9,,,Organic Search > Display
JOURNEY-02202,CUST-02202,2025-05-23 21:43:00,2025-05-25 12:36:00,Direct,Paid Search,Direct Visit,Product Search,2,2,0,0,0.0,38.88,,,Direct > Paid Search
JOURNEY-02203,CUST-02203,2025-03-25 06:16:00,2025-03-28 07:25:00,Direct,Email,Direct Visit,Newsletter,5,5,1,1,293.06,73.15,2025-03-28 07:25:00,3.05,Direct > Paid Social > Paid Search > Organic Social > Email
JOURNEY-02204,CUST-02204,2025-03-16 00:41:00,2025-03-23 00:43:00,Organic Social,Paid Search,TikTok Organic,Product Search,7,4,0,0,0.0,168.03,,,Organic Social > Display > Paid Search > Email > Paid Search > Email > Paid Search
JOURNEY-02205,CUST-02205,2025-06-07 06:36:00,2025-06-07 06:36:00,Paid Social,Paid Social,LinkedIn Ads,LinkedIn Ads,1,1,0,0,0.0,0.0,,,Paid Social
JOURNEY-02206,CUST-02206,2025-04-15 23:59:00,2025-04-20 13:09:00,Organic Search,Paid Search,Educational Content,Competitor Search,3,3,0,0,0.0,109.17,,,Organic Search > Direct > Paid Search
JOURNEY-02207,CUST-02207,2025-04-14 17:59:00,2025-04-24 06:36:00,Referral,Organic Social,Affiliate,LinkedIn Organic,6,5,1,1,146.64,228.62,2025-04-24 06:36:00,9.53,Referral > Direct > Email > Organic Search > Organic Search > Organic Social
JOURNEY-02208,CUST-02208,2025-02-24 02:01:00,2025-02-28 16:25:00,Paid Search,Organic Social,Brand Search,LinkedIn Organic,3,3,0,0,0.0,110.4,,,Paid Search > Paid Social > Organic Social
JOURNEY-02209,CUST-02209,2025-03-31 00:08:00,2025-04-16 16:07:00,Organic Search,Referral,Educational Content,Customer Referral,7,5,0,0,0.0,399.98,,,Organic Search > Paid Social > Direct > Referral > Paid Search > Paid Search > Referral
JOURNEY-02210,CUST-02210,2025-05-01 18:07:00,2025-05-06 10:41:00,Organic Search,Referral,Educational Content,Customer Referral,3,3,0,0,0.0,112.57,,,Organic Search > Paid Search > Referral
JOURNEY-02211,CUST-02211,2025-03-01 05:13:00,2025-03-12 09:58:00,Organic Search,Referral,SEO Blog,Customer Referral,5,4,0,0,0.0,268.75,,,Organic Search > Paid Search > Organic Social > Organic Search > Referral
JOURNEY-02212,CUST-02212,2025-01-02 08:05:00,2025-01-10 00:48:00,Direct,Paid Search,Direct Visit,Brand Search,6,5,0,0,0.0,184.72,,,Direct > Organic Search > Email > Organic Social > Email > Paid Search
JOURNEY-02213,CUST-02213,2025-06-10 12:45:00,2025-06-16 04:21:00,Display,Display,Retargeting,Prospecting,3,2,0,0,0.0,135.6,,,Display > Direct > Display
JOURNEY-02214,CUST-02214,2025-02-19 15:34:00,2025-02-23 02:34:00,Organic Search,Email,Educational Content,Welcome Series,3,3,0,0,0.0,83.0,,,Organic Search > Direct > Email
JOURNEY-02215,CUST-02215,2025-02-03 15:59:00,2025-02-05 19:40:00,Paid Search,Direct,Brand Search,Direct Visit,4,3,0,0,0.0,51.68,,,Paid Search > Direct > Email > Direct
JOURNEY-02216,CUST-02216,2025-05-15 09:53:00,2025-05-22 23:24:00,Paid Social,Paid Social,Facebook Ads,Facebook Ads,4,3,0,0,0.0,181.52,,,Paid Social > Display > Paid Search > Paid Social
JOURNEY-02217,CUST-02217,2025-06-03 16:55:00,2025-06-03 16:55:00,Paid Social,Paid Social,LinkedIn Ads,LinkedIn Ads,1,1,1,1,363.48,0.0,2025-06-03 16:55:00,0.0,Paid Social
JOURNEY-02218,CUST-02218,2025-05-02 22:23:00,2025-05-06 14:40:00,Paid Social,Paid Search,LinkedIn Ads,Brand Search,2,2,0,0,0.0,88.28,,,Paid Social > Paid Search
JOURNEY-02219,CUST-02219,2025-02-01 02:26:00,2025-02-12 07:49:00,Email,Organic Search,Welcome Series,Product Pages,6,5,0,0,0.0,269.38,,,Email > Paid Social > Organic Search > Display > Organic Social > Organic Search
JOURNEY-02220,CUST-02220,2025-04-16 20:19:00,2025-04-21 14:19:00,Referral,Paid Search,Customer Referral,Brand Search,3,3,0,0,0.0,114.0,,,Referral > Organic Search > Paid Search
JOURNEY-02221,CUST-02221,2025-05-08 22:44:00,2025-05-14 06:02:00,Organic Search,Email,Educational Content,Newsletter,3,3,1,1,137.76,127.3,2025-05-14 06:02:00,5.3,Organic Search > Organic Social > Email
JOURNEY-02222,CUST-02222,2025-05-14 20:05:00,2025-05-24 04:21:00,Paid Search,Paid Search,Competitor Search,Competitor Search,5,4,0,0,0.0,224.27,,,Paid Search > Organic Search > Email > Display > Paid Search
JOURNEY-02223,CUST-02223,2025-04-30 16:51:00,2025-05-03 01:36:00,Paid Search,Direct,Product Search,Direct Visit,3,3,1,1,153.78,56.75,2025-05-03 01:36:00,2.36,Paid Search > Email > Direct
JOURNEY-02224,CUST-02224,2025-03-17 13:07:00,2025-03-31 05:50:00,Referral,Referral,Affiliate,Customer Referral,7,4,1,1,76.94,328.72,2025-03-31 05:50:00,13.7,Referral > Email > Organic Search > Organic Search > Email > Paid Search > Referral
JOURNEY-02225,CUST-02225,2025-04-23 21:57:00,2025-04-24 18:26:00,Direct,Organic Search,Direct Visit,Product Pages,2,2,0,0,0.0,20.48,,,Direct > Organic Search
JOURNEY-02226,CUST-02226,2025-06-16 02:03:00,2025-06-28 05:11:00,Organic Social,Referral,Instagram Organic,Partner Website,5,5,0,0,0.0,291.13,,,Organic Social > Paid Search > Display > Organic Search > Referral
JOURNEY-02227,CUST-02227,2025-01-13 21:46:00,2025-01-20 14:30:00,Paid Search,Email,Brand Search,Promotional Email,4,4,1,1,85.29,160.73,2025-01-20 14:30:00,6.7,Paid Search > Organic Search > Referral > Email
JOURNEY-02228,CUST-02228,2025-04-29 03:26:00,2025-04-30 07:47:00,Paid Search,Referral,Brand Search,Partner Website,2,2,0,0,0.0,28.35,,,Paid Search > Referral
JOURNEY-02229,CUST-02229,2025-05-08 03:52:00,2025-05-09 05:31:00,Paid Social,Organic Search,Facebook Ads,Product Pages,2,2,0,0,0.0,25.65,,,Paid Social > Organic Search
JOURNEY-02230,CUST-02230,2025-02-10 06:40:00,2025-02-16 22:04:00,Email,Email,Newsletter,Welcome Series,5,4,0,0,0.0,159.4,,,Email > Display > Organic Search > Referral > Email
JOURNEY-02231,CUST-02231,2025-04-28 01:54:00,2025-05-04 06:32:00,Paid Search,Direct,Competitor Search,Direct Visit,4,4,0,0,0.0,148.63,,,Paid Search > Organic Search > Display > Direct
JOURNEY-02232,CUST-02232,2025-06-11 17:53:00,2025-06-16 00:48:00,Organic Search,Display,SEO Blog,Prospecting,3,3,0,0,0.0,102.92,,,Organic Search > Email > Display
JOURNEY-02233,CUST-02233,2025-02-11 15:24:00,2025-02-28 16:50:00,Paid Social,Paid Search,Instagram Ads,Product Search,8,6,0,0,0.0,409.43,,,Paid Social > Direct > Email > Paid Search > Email > Organic Search > Referral > Paid Search
JOURNEY-02234,CUST-02234,2025-04-15 14:31:00,2025-04-25 10:28:00,Paid Search,Organic Social,Product Search,Instagram Organic,5,4,0,0,0.0,235.95,,,Paid Search > Paid Social > Organic Search > Paid Search > Organic Social
JOURNEY-02235,CUST-02235,2025-05-22 16:42:00,2025-05-30 05:22:00,Paid Social,Referral,Facebook Ads,Customer Referral,5,4,1,1,159.18,180.67,2025-05-30 05:22:00,7.53,Paid Social > Organic Social > Paid Social > Direct > Referral
JOURNEY-02236,CUST-02236,2025-03-03 00:27:00,2025-03-05 03:16:00,Direct,Email,Direct Visit,Welcome Series,2,2,0,0,0.0,50.82,,,Direct > Email
JOURNEY-02237,CUST-02237,2025-06-09 19:57:00,2025-06-15 23:22:00,Email,Display,Welcome Series,Retargeting,4,4,0,0,0.0,147.42,,,Email > Paid Search > Direct > Display
JOURNEY-02238,CUST-02238,2025-01-18 09:02:00,2025-01-24 10:40:00,Display,Paid Search,Banner Campaign,Brand Search,4,3,0,0,0.0,145.63,,,Display > Email > Display > Paid Search
JOURNEY-02239,CUST-02239,2025-04-15 23:52:00,2025-04-22 19:49:00,Organic Search,Email,Educational Content,Welcome Series,4,4,1,1,100.34,163.95,2025-04-22 19:49:00,6.83,Organic Search > Direct > Referral > Email
JOURNEY-02240,CUST-02240,2025-02-16 12:12:00,2025-02-18 04:39:00,Organic Search,Display,Product Pages,Banner Campaign,2,2,0,0,0.0,40.45,,,Organic Search > Display
JOURNEY-02241,CUST-02241,2025-01-21 06:47:00,2025-01-23 07:54:00,Display,Paid Social,Banner Campaign,LinkedIn Ads,2,2,0,0,0.0,49.12,,,Display > Paid Social
JOURNEY-02242,CUST-02242,2025-01-18 14:36:00,2025-01-22 00:46:00,Organic Search,Direct,Educational Content,Direct Visit,2,2,1,1,144.56,82.17,2025-01-22 00:46:00,3.42,Organic Search > Direct
JOURNEY-02243,CUST-02243,2025-06-07 15:40:00,2025-06-07 15:40:00,Display,Display,Prospecting,Prospecting,1,1,0,0,0.0,0.0,,,Display
JOURNEY-02244,CUST-02244,2025-03-07 12:53:00,2025-03-07 18:52:00,Display,Paid Social,Banner Campaign,Instagram Ads,2,2,0,0,0.0,5.98,,,Display > Paid Social
JOURNEY-02245,CUST-02245,2025-02-11 15:07:00,2025-02-17 12:30:00,Paid Social,Organic Search,LinkedIn Ads,Educational Content,5,3,0,0,0.0,141.38,,,Paid Social > Email > Paid Social > Organic Search > Organic Search
JOURNEY-02246,CUST-02246,2025-03-12 20:26:00,2025-03-17 12:21:00,Organic Social,Organic Search,LinkedIn Organic,Product Pages,3,3,0,0,0.0,111.92,,,Organic Social > Paid Search > Organic Search
JOURNEY-02247,CUST-02247,2025-01-04 21:15:00,2025-01-16 01:35:00,Paid Search,Organic Search,Product Search,Product Pages,5,4,1,1,73.69,268.33,2025-01-16 01:35:00,11.18,Paid Search > Organic Social > Email > Paid Search > Organic Search
JOURNEY-02248,CUST-02248,2025-02-19 02:27:00,2025-02-24 00:51:00,Organic Search,Organic Search,Product Pages,Product Pages,4,3,0,0,0.0,118.4,,,Organic Search > Paid Search > Email > Organic Search
JOURNEY-02249,CUST-02249,2025-06-20 18:22:00,2025-06-21 06:01:00,Display,Direct,Prospecting,Direct Visit,2,2,0,0,0.0,11.65,,,Display > Direct
JOURNEY-02250,CUST-02250,2025-01-29 01:37:00,2025-02-01 07:00:00,Organic Search,Paid Search,SEO Blog,Brand Search,3,2,0,0,0.0,77.38,,,Organic Search > Paid Search > Paid Search
JOURNEY-02251,CUST-02251,2025-06-12 19:55:00,2025-06-15 14:21:00,Organic Social,Paid Social,TikTok Organic,Instagram Ads,2,2,0,0,0.0,66.43,,,Organic Social > Paid Social
JOURNEY-02252,CUST-02252,2025-02-28 01:37:00,2025-03-09 10:01:00,Referral,Email,Partner Website,Welcome Series,6,5,0,0,0.0,224.4,,,Referral > Paid Social > Email > Display > Organic Search > Email
JOURNEY-02253,CUST-02253,2025-06-15 02:42:00,2025-06-22 10:28:00,Organic Search,Paid Social,Educational Content,Facebook Ads,5,4,0,0,0.0,175.77,,,Organic Search > Referral > Organic Search > Display > Paid Social
JOURNEY-02254,CUST-02254,2025-01-22 18:41:00,2025-02-02 22:08:00,Paid Search,Direct,Competitor Search,Direct Visit,6,4,1,1,279.89,267.45,2025-02-02 22:08:00,11.14,Paid Search > Direct > Referral > Organic Search > Paid Search > Direct
JOURNEY-02255,CUST-02255,2025-03-14 19:14:00,2025-03-17 11:31:00,Organic Search,Referral,Educational Content,Partner Website,2,2,0,0,0.0,64.28,,,Organic Search > Referral
JOURNEY-02256,CUST-02256,2025-03-24 10:48:00,2025-03-27 23:20:00,Paid Search,Organic Search,Product Search,Educational Content,2,2,0,0,0.0,84.53,,,Paid Search > Organic Search
JOURNEY-02257,CUST-02257,2025-06-26 23:39:00,2025-07-12 12:42:00,Display,Paid Search,Banner Campaign,Brand Search,6,5,0,0,0.0,373.05,,,Display > Paid Search > Paid Social > Referral > Organic Social > Paid Search
JOURNEY-02258,CUST-02258,2025-03-27 17:54:00,2025-03-29 16:52:00,Referral,Paid Search,Affiliate,Competitor Search,3,3,0,0,0.0,46.97,,,Referral > Direct > Paid Search
JOURNEY-02259,CUST-02259,2025-06-11 15:33:00,2025-06-20 05:22:00,Referral,Paid Search,Partner Website,Competitor Search,5,5,1,1,139.21,205.82,2025-06-20 05:22:00,8.58,Referral > Paid Social > Email > Organic Search > Paid Search
JOURNEY-02260,CUST-02260,2025-06-23 17:33:00,2025-06-26 21:03:00,Paid Social,Email,Instagram Ads,Welcome Series,3,3,0,0,0.0,75.5,,,Paid Social > Referral > Email
JOURNEY-02261,CUST-02261,2025-03-04 13:25:00,2025-03-05 14:21:00,Email,Paid Social,Newsletter,LinkedIn Ads,2,2,0,0,0.0,24.93,,,Email > Paid Social
JOURNEY-02262,CUST-02262,2025-02-23 18:23:00,2025-03-05 08:59:00,Direct,Referral,Direct Visit,Partner Website,6,5,0,0,0.0,230.6,,,Direct > Organic Social > Referral > Organic Search > Email > Referral
JOURNEY-02263,CUST-02263,2025-06-04 03:21:00,2025-06-06 16:46:00,Direct,Email,Direct Visit,Welcome Series,3,3,0,0,0.0,61.42,,,Direct > Paid Social > Email
JOURNEY-02264,CUST-02264,2025-04-07 04:48:00,2025-04-09 04:47:00,Organic Search,Display,Product Pages,Prospecting,2,2,0,0,0.0,47.98,,,Organic Search > Display
JOURNEY-02265,CUST-02265,2025-01-20 12:31:00,2025-01-30 10:52:00,Paid Social,Paid Social,LinkedIn Ads,Facebook Ads,6,5,0,0,0.0,238.35,,,Paid Social > Organic Social > Display > Referral > Organic Search > Paid Social
JOURNEY-02266,CUST-02266,2025-01-07 02:23:00,2025-01-12 15:38:00,Paid Social,Organic Search,Facebook Ads,SEO Blog,3,3,0,0,0.0,133.25,,,Paid Social > Direct > Organic Search
JOURNEY-02267,CUST-02267,2025-04-14 21:13:00,2025-04-21 01:08:00,Paid Search,Organic Social,Competitor Search,Instagram Organic,4,4,0,0,0.0,147.92,,,Paid Search > Email > Referral > Organic Social
JOURNEY-02268,CUST-02268,2025-01-29 22:54:00,2025-02-10 08:56:00,Organic Search,Email,Educational Content,Promotional Email,6,5,0,0,0.0,274.03,,,Organic Search > Organic Social > Direct > Paid Search > Organic Search > Email
JOURNEY-02269,CUST-02269,2025-05-08 00:35:00,2025-05-08 00:35:00,Paid Search,Paid Search,Product Search,Product Search,1,1,0,0,0.0,0.0,,,Paid Search
JOURNEY-02270,CUST-02270,2025-06-12 03:53:00,2025-06-19 03:11:00,Paid Search,Display,Competitor Search,Banner Campaign,3,3,0,0,0.0,167.3,,,Paid Search > Paid Social > Display
JOURNEY-02271,CUST-02271,2025-01-27 11:05:00,2025-02-01 02:44:00,Direct,Paid Social,Direct Visit,LinkedIn Ads,4,4,0,0,0.0,111.65,,,Direct > Paid Search > Organic Search > Paid Social
JOURNEY-02272,CUST-02272,2025-03-28 08:34:00,2025-03-31 21:42:00,Paid Search,Paid Social,Competitor Search,Facebook Ads,2,2,0,0,0.0,85.13,,,Paid Search > Paid Social
JOURNEY-02273,CUST-02273,2025-03-31 13:09:00,2025-04-03 09:05:00,Organic Search,Email,SEO Blog,Promotional Email,2,2,0,0,0.0,67.93,,,Organic Search > Email
JOURNEY-02274,CUST-02274,2025-05-20 12:38:00,2025-05-30 14:15:00,Paid Search,Paid Search,Competitor Search,Competitor Search,4,3,0,0,0.0,241.62,,,Paid Search > Paid Social > Direct > Paid Search
JOURNEY-02275,CUST-02275,2025-01-31 12:14:00,2025-02-11 17:13:00,Referral,Paid Search,Customer Referral,Brand Search,5,5,1,1,54.18,268.98,2025-02-11 17:13:00,11.21,Referral > Paid Social > Email > Display > Paid Search
JOURNEY-02276,CUST-02276,2025-04-26 03:23:00,2025-05-05 12:43:00,Organic Search,Organic Search,Educational Content,Educational Content,5,4,0,0,0.0,225.33,,,Organic Search > Paid Search > Paid Social > Organic Social > Organic Search
JOURNEY-02277,CUST-02277,2025-05-08 22:04:00,2025-05-21 10:07:00,Display,Organic Social,Banner Campaign,TikTok Organic,7,4,1,1,224.23,300.05,2025-05-21 10:07:00,12.5,Display > Paid Search > Organic Social > Display > Organic Social > Paid Social > Organic Social
JOURNEY-02278,CUST-02278,2025-03-15 01:11:00,2025-03-21 04:25:00,Email,Direct,Promotional Email,Direct Visit,5,4,1,1,117.38,147.23,2025-03-21 04:25:00,6.13,Email > Direct > Organic Search > Organic Social > Direct
JOURNEY-02279,CUST-02279,2025-04-28 15:17:00,2025-05-01 20:42:00,Organic Social,Paid Search,TikTok Organic,Product Search,3,3,0,0,0.0,77.42,,,Organic Social > Referral > Paid Search
JOURNEY-02280,CUST-02280,2025-02-04 15:18:00,2025-02-06 17:05:00,Organic Search,Direct,Educational Content,Direct Visit,2,2,0,0,0.0,49.78,,,Organic Search > Direct
JOURNEY-02281,CUST-02281,2025-01-29 17:19:00,2025-02-03 07:22:00,Paid Social,Paid Search,LinkedIn Ads,Brand Search,4,3,0,0,0.0,110.05,,,Paid Social > Paid Social > Direct > Paid Search
JOURNEY-02282,CUST-02282,2025-04-22 18:29:00,2025-04-30 06:37:00,Email,Paid Search,Welcome Series,Brand Search,4,4,0,0,0.0,180.13,,,Email > Paid Social > Display > Paid Search
JOURNEY-02283,CUST-02283,2025-02-16 05:28:00,2025-02-18 23:51:00,Paid Search,Organic Search,Product Search,SEO Blog,4,3,0,0,0.0,66.38,,,Paid Search > Organic Social > Paid Search > Organic Search
JOURNEY-02284,CUST-02284,2025-01-20 19:56:00,2025-01-23 19:31:00,Paid Search,Direct,Brand Search,Direct Visit,2,2,0,0,0.0,71.58,,,Paid Search > Direct
JOURNEY-02285,CUST-02285,2025-02-16 19:11:00,2025-02-23 08:50:00,Paid Search,Organic Social,Brand Search,LinkedIn Organic,3,3,0,0,0.0,157.65,,,Paid Search > Organic Search > Organic Social
JOURNEY-02286,CUST-02286,2025-05-27 10:30:00,2025-06-01 05:10:00,Paid Social,Paid Search,Instagram Ads,Product Search,3,3,0,0,0.0,114.67,,,Paid Social > Organic Social > Paid Search
JOURNEY-02287,CUST-02287,2025-01-25 17:13:00,2025-02-03 06:07:00,Paid Social,Referral,Facebook Ads,Customer Referral,5,4,0,0,0.0,204.9,,,Paid Social > Email > Paid Search > Email > Referral
JOURNEY-02288,CUST-02288,2025-03-07 13:03:00,2025-03-13 03:08:00,Organic Social,Direct,Instagram Organic,Direct Visit,3,3,0,0,0.0,134.08,,,Organic Social > Display > Direct
JOURNEY-02289,CUST-02289,2025-03-26 01:52:00,2025-03-29 12:53:00,Paid Social,Organic Social,Facebook Ads,Instagram Organic,3,3,0,0,0.0,83.02,,,Paid Social > Organic Search > Organic Social
JOURNEY-02290,CUST-02290,2025-04-28 03:40:00,2025-04-30 10:19:00,Paid Search,Organic Social,Competitor Search,TikTok Organic,2,2,0,0,0.0,54.65,,,Paid Search > Organic Social
JOURNEY-02291,CUST-02291,2025-03-04 06:15:00,2025-03-04 06:15:00,Paid Search,Paid Search,Competitor Search,Competitor Search,1,1,0,0,0.0,0.0,,,Paid Search
JOURNEY-02292,CUST-02292,2025-01-27 06:04:00,2025-01-30 02:16:00,Paid Social,Referral,Instagram Ads,Affiliate,2,2,0,0,0.0,68.2,,,Paid Social > Referral
JOURNEY-02293,CUST-02293,2025-02-25 23:34:00,2025-03-03 21:56:00,Paid Social,Organic Search,LinkedIn Ads,Educational Content,3,3,0,0,0.0,142.37,,,Paid Social > Direct > Organic Search
JOURNEY-02294,CUST-02294,2025-03-07 03:58:00,2025-03-10 10:40:00,Organic Social,Display,TikTok Organic,Prospecting,2,2,0,0,0.0,78.7,,,Organic Social > Display
JOURNEY-02295,CUST-02295,2025-03-26 04:05:00,2025-04-07 09:19:00,Display,Referral,Retargeting,Affiliate,8,6,0,0,0.0,293.23,,,Display > Referral > Display > Paid Search > Organic Search > Paid Social > Email > Referral
JOURNEY-02296,CUST-02296,2025-04-23 13:59:00,2025-04-27 17:21:00,Email,Email,Newsletter,Welcome Series,3,2,1,1,119.14,99.37,2025-04-27 17:21:00,4.14,Email > Paid Social > Email
JOURNEY-02297,CUST-02297,2025-05-06 15:38:00,2025-05-13 03:42:00,Paid Social,Paid Search,Facebook Ads,Product Search,4,3,1,1,124.66,156.07,2025-05-13 03:42:00,6.5,Paid Social > Direct > Paid Social > Paid Search
JOURNEY-02298,CUST-02298,2025-01-21 04:47:00,2025-01-25 02:36:00,Email,Email,Welcome Series,Promotional Email,3,2,1,1,140.04,93.82,2025-01-25 02:36:00,3.91,Email > Direct > Email
JOURNEY-02299,CUST-02299,2025-06-08 17:44:00,2025-06-14 00:44:00,Paid Social,Organic Search,Instagram Ads,Educational Content,3,3,0,0,0.0,127.0,,,Paid Social > Email > Organic Search
JOURNEY-02300,CUST-02300,2025-06-03 19:52:00,2025-06-03 19:52:00,Paid Search,Paid Search,Brand Search,Brand Search,1,1,0,0,0.0,0.0,,,Paid Search
JOURNEY-02301,CUST-02301,2025-01-12 14:16:00,2025-01-12 14:16:00,Direct,Direct,Direct Visit,Direct Visit,1,1,0,0,0.0,0.0,,,Direct
JOURNEY-02302,CUST-02302,2025-01-18 20:37:00,2025-01-20 04:44:00,Organic Search,Paid Search,Educational Content,Brand Search,3,3,0,0,0.0,32.12,,,Organic Search > Organic Social > Paid Search
JOURNEY-02303,CUST-02303,2025-01-30 20:35:00,2025-01-30 20:35:00,Email,Email,Promotional Email,Promotional Email,1,1,0,0,0.0,0.0,,,Email
JOURNEY-02304,CUST-02304,2025-05-31 22:21:00,2025-06-12 13:39:00,Paid Search,Paid Search,Product Search,Brand Search,6,4,1,1,78.49,279.3,2025-06-12 13:39:00,11.64,Paid Search > Email > Organic Social > Paid Search > Direct > Paid Search
JOURNEY-02305,CUST-02305,2025-05-09 15:30:00,2025-05-13 01:13:00,Organic Search,Direct,SEO Blog,Direct Visit,2,2,0,0,0.0,81.72,,,Organic Search > Direct
JOURNEY-02306,CUST-02306,2025-03-13 19:29:00,2025-03-22 04:53:00,Organic Search,Paid Search,Educational Content,Product Search,4,4,0,0,0.0,201.4,,,Organic Search > Organic Social > Referral > Paid Search
JOURNEY-02307,CUST-02307,2025-03-09 07:12:00,2025-03-11 11:00:00,Direct,Direct,Direct Visit,Direct Visit,3,2,0,0,0.0,51.8,,,Direct > Organic Social > Direct
JOURNEY-02308,CUST-02308,2025-01-18 21:55:00,2025-01-22 13:30:00,Organic Search,Referral,SEO Blog,Customer Referral,2,2,0,0,0.0,87.58,,,Organic Search > Referral
JOURNEY-02309,CUST-02309,2025-02-15 05:32:00,2025-02-15 05:32:00,Paid Search,Paid Search,Brand Search,Brand Search,1,1,0,0,0.0,0.0,,,Paid Search
JOURNEY-02310,CUST-02310,2025-05-16 09:10:00,2025-05-21 09:54:00,Paid Social,Email,LinkedIn Ads,Newsletter,5,4,0,0,0.0,120.73,,,Paid Social > Paid Search > Direct > Paid Social > Email
JOURNEY-02311,CUST-02311,2025-01-04 02:32:00,2025-01-13 22:03:00,Organic Search,Paid Search,SEO Blog,Brand Search,5,4,0,0,0.0,235.52,,,Organic Search > Display > Email > Organic Search > Paid Search
JOURNEY-02312,CUST-02312,2025-02-05 03:01:00,2025-02-08 23:36:00,Email,Email,Welcome Series,Welcome Series,4,3,0,0,0.0,92.58,,,Email > Paid Social > Display > Email
JOURNEY-02313,CUST-02313,2025-05-05 02:35:00,2025-05-07 19:17:00,Organic Search,Direct,Product Pages,Direct Visit,2,2,0,0,0.0,64.7,,,Organic Search > Direct
JOURNEY-02314,CUST-02314,2025-05-03 09:39:00,2025-05-08 03:21:00,Paid Search,Email,Brand Search,Newsletter,4,4,1,1,73.93,113.7,2025-05-08 03:21:00,4.74,Paid Search > Display > Paid Social > Email
JOURNEY-02315,CUST-02315,2025-01-23 00:11:00,2025-02-02 14:34:00,Paid Social,Direct,Facebook Ads,Direct Visit,4,4,1,1,77.3,254.38,2025-02-02 14:34:00,10.6,Paid Social > Paid Search > Referral > Direct
JOURNEY-02316,CUST-02316,2025-04-11 06:44:00,2025-04-20 16:22:00,Organic Social,Email,LinkedIn Organic,Newsletter,6,6,0,0,0.0,225.63,,,Organic Social > Paid Search > Paid Social > Referral > Direct > Email
JOURNEY-02317,CUST-02317,2025-05-04 06:27:00,2025-05-17 21:08:00,Referral,Display,Customer Referral,Retargeting,7,5,0,0,0.0,326.68,,,Referral > Referral > Paid Search > Referral > Organic Search > Organic Social > Display
JOURNEY-02318,CUST-02318,2025-06-25 21:43:00,2025-06-30 01:20:00,Email,Paid Social,Promotional Email,Instagram Ads,4,4,0,0,0.0,99.62,,,Email > Paid Search > Display > Paid Social
JOURNEY-02319,CUST-02319,2025-06-22 08:41:00,2025-06-22 08:41:00,Organic Search,Organic Search,Product Pages,Product Pages,1,1,0,0,0.0,0.0,,,Organic Search
JOURNEY-02320,CUST-02320,2025-02-22 08:52:00,2025-02-22 08:52:00,Email,Email,Newsletter,Newsletter,1,1,0,0,0.0,0.0,,,Email
JOURNEY-02321,CUST-02321,2025-06-08 04:52:00,2025-06-12 00:08:00,Organic Search,Paid Social,SEO Blog,LinkedIn Ads,4,3,0,0,0.0,91.27,,,Organic Search > Direct > Organic Search > Paid Social
JOURNEY-02322,CUST-02322,2025-04-10 06:02:00,2025-04-16 06:53:00,Email,Referral,Promotional Email,Customer Referral,4,3,0,0,0.0,144.85,,,Email > Organic Search > Email > Referral
JOURNEY-02323,CUST-02323,2025-06-18 04:36:00,2025-06-22 20:05:00,Email,Organic Social,Newsletter,TikTok Organic,3,3,0,0,0.0,111.48,,,Email > Organic Search > Organic Social
JOURNEY-02324,CUST-02324,2025-02-15 18:15:00,2025-02-22 20:03:00,Organic Search,Referral,Product Pages,Affiliate,5,4,0,0,0.0,169.8,,,Organic Search > Paid Search > Referral > Email > Referral
JOURNEY-02325,CUST-02325,2025-05-30 09:31:00,2025-06-12 06:08:00,Email,Organic Social,Welcome Series,Instagram Organic,7,4,0,0,0.0,308.62,,,Email > Organic Search > Email > Direct > Email > Organic Search > Organic Social
JOURNEY-02326,CUST-02326,2025-05-06 19:55:00,2025-05-07 17:04:00,Paid Social,Organic Social,LinkedIn Ads,LinkedIn Organic,2,2,0,0,0.0,21.15,,,Paid Social > Organic Social
JOURNEY-02327,CUST-02327,2025-06-17 20:08:00,2025-06-24 08:51:00,Email,Direct,Newsletter,Direct Visit,5,4,0,0,0.0,156.72,,,Email > Paid Search > Email > Organic Search > Direct
JOURNEY-02328,CUST-02328,2025-04-08 08:12:00,2025-04-08 08:12:00,Email,Email,Newsletter,Newsletter,1,1,0,0,0.0,0.0,,,Email
JOURNEY-02329,CUST-02329,2025-01-10 20:00:00,2025-01-13 00:53:00,Organic Search,Referral,SEO Blog,Customer Referral,2,2,1,1,134.64,52.88,2025-01-13 00:53:00,2.2,Organic Search > Referral
JOURNEY-02330,CUST-02330,2025-03-04 19:39:00,2025-03-09 22:33:00,Referral,Email,Affiliate,Welcome Series,3,3,0,0,0.0,122.9,,,Referral > Display > Email
JOURNEY-02331,CUST-02331,2025-04-10 17:52:00,2025-04-13 00:27:00,Direct,Email,Direct Visit,Promotional Email,2,2,0,0,0.0,54.58,,,Direct > Email
JOURNEY-02332,CUST-02332,2025-05-27 07:47:00,2025-05-27 11:51:00,Organic Social,Direct,LinkedIn Organic,Direct Visit,2,2,0,0,0.0,4.07,,,Organic Social > Direct
JOURNEY-02333,CUST-02333,2025-06-06 19:43:00,2025-06-20 21:34:00,Email,Display,Newsletter,Banner Campaign,6,4,0,0,0.0,337.85,,,Email > Paid Social > Email > Display > Paid Search > Display
JOURNEY-02334,CUST-02334,2025-03-21 07:05:00,2025-03-23 07:57:00,Paid Search,Direct,Competitor Search,Direct Visit,2,2,1,1,169.55,48.87,2025-03-23 07:57:00,2.04,Paid Search > Direct
JOURNEY-02335,CUST-02335,2025-06-14 04:06:00,2025-06-19 02:34:00,Direct,Paid Search,Direct Visit,Product Search,4,3,1,1,37.86,118.47,2025-06-19 02:34:00,4.94,Direct > Paid Search > Paid Social > Paid Search
JOURNEY-02336,CUST-02336,2025-04-02 21:50:00,2025-04-13 12:30:00,Referral,Direct,Affiliate,Direct Visit,4,3,1,1,114.94,254.67,2025-04-13 12:30:00,10.61,Referral > Display > Referral > Direct
JOURNEY-02337,CUST-02337,2025-04-11 07:56:00,2025-04-19 16:10:00,Paid Social,Paid Search,LinkedIn Ads,Competitor Search,4,4,0,0,0.0,200.23,,,Paid Social > Direct > Organic Social > Paid Search
JOURNEY-02338,CUST-02338,2025-03-28 07:56:00,2025-03-29 19:33:00,Paid Social,Organic Social,Facebook Ads,LinkedIn Organic,2,2,0,0,0.0,35.62,,,Paid Social > Organic Social
JOURNEY-02339,CUST-02339,2025-03-09 20:15:00,2025-03-09 20:15:00,Direct,Direct,Direct Visit,Direct Visit,1,1,1,1,69.38,0.0,2025-03-09 20:15:00,0.0,Direct
JOURNEY-02340,CUST-02340,2025-06-22 16:52:00,2025-06-25 05:53:00,Referral,Display,Customer Referral,Prospecting,2,2,0,0,0.0,61.02,,,Referral > Display
JOURNEY-02341,CUST-02341,2025-06-18 20:43:00,2025-06-19 06:03:00,Paid Search,Referral,Product Search,Affiliate,2,2,0,0,0.0,9.33,,,Paid Search > Referral
JOURNEY-02342,CUST-02342,2025-04-19 09:15:00,2025-04-19 09:15:00,Organic Social,Organic Social,Instagram Organic,Instagram Organic,1,1,0,0,0.0,0.0,,,Organic Social
JOURNEY-02343,CUST-02343,2025-01-25 05:30:00,2025-02-03 06:42:00,Paid Social,Email,Facebook Ads,Promotional Email,4,4,1,1,44.08,217.2,2025-02-03 06:42:00,9.05,Paid Social > Display > Organic Search > Email
JOURNEY-02344,CUST-02344,2025-04-12 07:24:00,2025-04-17 20:48:00,Organic Search,Organic Search,Educational Content,Product Pages,4,3,1,1,171.13,133.4,2025-04-17 20:48:00,5.56,Organic Search > Direct > Paid Search > Organic Search
JOURNEY-02345,CUST-02345,2025-05-11 22:42:00,2025-05-23 19:57:00,Paid Social,Paid Search,Instagram Ads,Brand Search,6,5,0,0,0.0,285.25,,,Paid Social > Email > Organic Social > Email > Display > Paid Search
JOURNEY-02346,CUST-02346,2025-04-09 02:06:00,2025-04-15 17:36:00,Display,Direct,Retargeting,Direct Visit,4,4,0,0,0.0,159.5,,,Display > Organic Social > Paid Search > Direct
JOURNEY-02347,CUST-02347,2025-05-09 20:41:00,2025-05-09 20:41:00,Paid Search,Paid Search,Competitor Search,Competitor Search,1,1,0,0,0.0,0.0,,,Paid Search
JOURNEY-02348,CUST-02348,2025-05-08 20:39:00,2025-05-09 12:43:00,Paid Search,Email,Competitor Search,Newsletter,2,2,1,1,50.63,16.07,2025-05-09 12:43:00,0.67,Paid Search > Email
JOURNEY-02349,CUST-02349,2025-04-20 14:20:00,2025-04-30 08:20:00,Paid Search,Paid Search,Brand Search,Product Search,4,3,1,1,73.71,234.0,2025-04-30 08:20:00,9.75,Paid Search > Organic Search > Direct > Paid Search
JOURNEY-02350,CUST-02350,2025-01-26 13:05:00,2025-01-29 18:54:00,Referral,Email,Partner Website,Welcome Series,2,2,0,0,0.0,77.82,,,Referral > Email
JOURNEY-02351,CUST-02351,2025-01-12 05:47:00,2025-01-15 14:52:00,Referral,Paid Search,Partner Website,Brand Search,4,3,1,1,210.13,81.08,2025-01-15 14:52:00,3.38,Referral > Paid Search > Organic Social > Paid Search
JOURNEY-02352,CUST-02352,2025-03-08 18:51:00,2025-03-12 14:02:00,Display,Paid Social,Prospecting,Facebook Ads,4,4,0,0,0.0,91.18,,,Display > Paid Search > Organic Search > Paid Social
JOURNEY-02353,CUST-02353,2025-03-18 00:01:00,2025-03-24 07:05:00,Organic Search,Display,SEO Blog,Retargeting,4,4,1,1,241.1,151.07,2025-03-24 07:05:00,6.29,Organic Search > Paid Social > Paid Search > Display
JOURNEY-02354,CUST-02354,2025-06-01 06:57:00,2025-06-06 04:31:00,Paid Social,Paid Search,Facebook Ads,Brand Search,3,3,0,0,0.0,117.57,,,Paid Social > Referral > Paid Search
JOURNEY-02355,CUST-02355,2025-04-13 01:03:00,2025-04-17 14:18:00,Paid Search,Display,Product Search,Banner Campaign,3,3,1,1,49.34,109.25,2025-04-17 14:18:00,4.55,Paid Search > Direct > Display
JOURNEY-02356,CUST-02356,2025-05-03 18:20:00,2025-05-07 04:37:00,Paid Search,Direct,Competitor Search,Direct Visit,2,2,0,0,0.0,82.28,,,Paid Search > Direct
JOURNEY-02357,CUST-02357,2025-06-02 20:03:00,2025-06-18 12:55:00,Direct,Paid Social,Direct Visit,LinkedIn Ads,6,3,1,1,466.52,376.87,2025-06-18 12:55:00,15.7,Direct > Referral > Paid Social > Referral > Direct > Paid Social
JOURNEY-02358,CUST-02358,2025-06-01 01:40:00,2025-06-08 15:49:00,Direct,Direct,Direct Visit,Direct Visit,4,3,1,1,116.4,182.15,2025-06-08 15:49:00,7.59,Direct > Organic Search > Referral > Direct
JOURNEY-02359,CUST-02359,2025-05-17 04:55:00,2025-05-17 04:55:00,Direct,Direct,Direct Visit,Direct Visit,1,1,0,0,0.0,0.0,,,Direct
JOURNEY-02360,CUST-02360,2025-03-13 12:34:00,2025-03-13 12:34:00,Direct,Direct,Direct Visit,Direct Visit,1,1,0,0,0.0,0.0,,,Direct
JOURNEY-02361,CUST-02361,2025-06-06 21:46:00,2025-06-09 21:09:00,Organic Search,Organic Social,Educational Content,TikTok Organic,2,2,0,0,0.0,71.38,,,Organic Search > Organic Social
JOURNEY-02362,CUST-02362,2025-06-05 06:46:00,2025-06-08 03:43:00,Organic Search,Organic Search,Educational Content,Product Pages,4,3,0,0,0.0,68.95,,,Organic Search > Direct > Paid Social > Organic Search
JOURNEY-02363,CUST-02363,2025-01-03 12:33:00,2025-01-07 20:04:00,Paid Search,Organic Search,Competitor Search,SEO Blog,3,3,0,0,0.0,103.52,,,Paid Search > Email > Organic Search
JOURNEY-02364,CUST-02364,2025-05-24 04:16:00,2025-06-01 23:12:00,Organic Social,Paid Social,LinkedIn Organic,Instagram Ads,7,5,0,0,0.0,210.93,,,Organic Social > Display > Paid Social > Email > Organic Search > Organic Social > Paid Social
JOURNEY-02365,CUST-02365,2025-03-24 11:28:00,2025-03-31 08:57:00,Organic Search,Organic Search,Product Pages,Product Pages,5,4,0,0,0.0,165.48,,,Organic Search > Organic Social > Paid Social > Direct > Organic Search
JOURNEY-02366,CUST-02366,2025-01-03 05:26:00,2025-01-10 04:23:00,Organic Social,Email,LinkedIn Organic,Newsletter,5,4,0,0,0.0,166.95,,,Organic Social > Organic Search > Paid Social > Organic Social > Email
JOURNEY-02367,CUST-02367,2025-06-06 09:48:00,2025-06-17 13:05:00,Paid Search,Display,Brand Search,Prospecting,6,5,0,0,0.0,267.28,,,Paid Search > Direct > Paid Search > Referral > Email > Display
JOURNEY-02368,CUST-02368,2025-05-23 13:31:00,2025-06-01 04:44:00,Display,Display,Banner Campaign,Retargeting,7,6,1,1,281.88,207.22,2025-06-01 04:44:00,8.63,Display > Paid Search > Referral > Organic Search > Organic Social > Paid Social > Display
JOURNEY-02369,CUST-02369,2025-05-14 16:19:00,2025-05-14 16:19:00,Display,Display,Banner Campaign,Banner Campaign,1,1,0,0,0.0,0.0,,,Display
JOURNEY-02370,CUST-02370,2025-02-14 04:30:00,2025-02-21 05:29:00,Email,Paid Social,Welcome Series,Instagram Ads,6,3,0,0,0.0,168.98,,,Email > Paid Search > Email > Paid Search > Email > Paid Social
JOURNEY-02371,CUST-02371,2025-05-26 01:49:00,2025-06-05 17:26:00,Display,Direct,Banner Campaign,Direct Visit,5,5,0,0,0.0,255.62,,,Display > Paid Search > Organic Search > Organic Social > Direct
JOURNEY-02372,CUST-02372,2025-02-13 14:14:00,2025-02-28 06:19:00,Display,Direct,Prospecting,Direct Visit,7,5,1,1,65.3,352.08,2025-02-28 06:19:00,14.67,Display > Email > Organic Search > Referral > Organic Search > Email > Direct
JOURNEY-02373,CUST-02373,2025-05-20 07:15:00,2025-05-29 16:09:00,Organic Search,Organic Search,Educational Content,SEO Blog,5,4,0,0,0.0,224.9,,,Organic Search > Email > Paid Search > Paid Social > Organic Search
JOURNEY-02374,CUST-02374,2025-01-25 20:44:00,2025-01-25 20:44:00,Paid Search,Paid Search,Product Search,Product Search,1,1,0,0,0.0,0.0,,,Paid Search
JOURNEY-02375,CUST-02375,2025-06-01 08:06:00,2025-06-09 19:05:00,Paid Search,Email,Competitor Search,Promotional Email,4,4,1,1,57.99,202.98,2025-06-09 19:05:00,8.46,Paid Search > Organic Social > Organic Search > Email
JOURNEY-02376,CUST-02376,2025-03-07 22:02:00,2025-03-09 08:22:00,Direct,Display,Direct Visit,Banner Campaign,2,2,0,0,0.0,34.33,,,Direct > Display
JOURNEY-02377,CUST-02377,2025-03-04 21:43:00,2025-03-13 14:45:00,Paid Social,Paid Search,Facebook Ads,Competitor Search,4,4,0,0,0.0,209.03,,,Paid Social > Display > Email > Paid Search
JOURNEY-02378,CUST-02378,2025-06-04 13:03:00,2025-06-14 22:19:00,Email,Paid Social,Newsletter,Facebook Ads,6,5,0,0,0.0,249.27,,,Email > Display > Email > Organic Search > Direct > Paid Social
JOURNEY-02379,CUST-02379,2025-01-16 22:45:00,2025-01-25 02:42:00,Email,Organic Search,Promotional Email,Educational Content,5,4,1,1,114.83,195.95,2025-01-25 02:42:00,8.16,Email > Paid Search > Referral > Email > Organic Search
JOURNEY-02380,CUST-02380,2025-02-14 10:44:00,2025-02-17 13:59:00,Email,Paid Search,Newsletter,Brand Search,2,2,0,0,0.0,75.25,,,Email > Paid Search
JOURNEY-02381,CUST-02381,2025-05-04 05:58:00,2025-05-08 10:22:00,Paid Social,Paid Search,Instagram Ads,Competitor Search,3,3,0,0,0.0,100.4,,,Paid Social > Email > Paid Search
JOURNEY-02382,CUST-02382,2025-04-13 17:48:00,2025-04-24 12:15:00,Direct,Email,Direct Visit,Newsletter,5,4,0,0,0.0,258.45,,,Direct > Paid Social > Paid Search > Direct > Email
JOURNEY-02383,CUST-02383,2025-06-17 08:26:00,2025-06-20 18:33:00,Paid Social,Display,Facebook Ads,Banner Campaign,2,2,1,1,133.51,82.12,2025-06-20 18:33:00,3.42,Paid Social > Display
JOURNEY-02384,CUST-02384,2025-04-19 04:23:00,2025-04-25 16:04:00,Direct,Referral,Direct Visit,Partner Website,4,4,0,0,0.0,155.68,,,Direct > Organic Social > Paid Social > Referral
JOURNEY-02385,CUST-02385,2025-03-11 12:31:00,2025-03-16 08:26:00,Referral,Paid Social,Affiliate,Instagram Ads,3,3,0,0,0.0,115.92,,,Referral > Paid Search > Paid Social
JOURNEY-02386,CUST-02386,2025-04-29 12:54:00,2025-05-04 15:55:00,Paid Search,Organic Search,Brand Search,SEO Blog,4,4,0,0,0.0,123.02,,,Paid Search > Display > Direct > Organic Search
JOURNEY-02387,CUST-02387,2025-04-11 15:55:00,2025-04-15 03:06:00,Paid Search,Email,Product Search,Welcome Series,2,2,0,0,0.0,83.18,,,Paid Search > Email
JOURNEY-02388,CUST-02388,2025-01-07 07:57:00,2025-01-13 02:58:00,Email,Referral,Welcome Series,Affiliate,4,4,0,0,0.0,139.02,,,Email > Direct > Organic Social > Referral
JOURNEY-02389,CUST-02389,2025-04-17 15:12:00,2025-04-23 01:07:00,Organic Search,Paid Social,Educational Content,Facebook Ads,4,4,0,0,0.0,129.92,,,Organic Search > Referral > Paid Search > Paid Social
JOURNEY-02390,CUST-02390,2025-02-17 22:24:00,2025-03-04 15:40:00,Email,Organic Social,Newsletter,Instagram Organic,6,4,1,1,172.88,353.27,2025-03-04 15:40:00,14.72,Email > Paid Search > Email > Organic Search > Paid Search > Organic Social
JOURNEY-02391,CUST-02391,2025-06-05 17:21:00,2025-06-05 17:21:00,Paid Search,Paid Search,Competitor Search,Competitor Search,1,1,0,0,0.0,0.0,,,Paid Search
JOURNEY-02392,CUST-02392,2025-06-22 22:56:00,2025-06-24 04:08:00,Display,Email,Banner Campaign,Promotional Email,3,3,0,0,0.0,29.2,,,Display > Referral > Email
JOURNEY-02393,CUST-02393,2025-02-14 12:38:00,2025-02-21 05:05:00,Organic Search,Organic Social,Product Pages,Instagram Organic,3,3,0,0,0.0,160.45,,,Organic Search > Email > Organic Social
JOURNEY-02394,CUST-02394,2025-05-25 07:40:00,2025-05-28 23:58:00,Paid Search,Paid Search,Competitor Search,Product Search,2,1,0,0,0.0,88.3,,,Paid Search > Paid Search
JOURNEY-02395,CUST-02395,2025-06-14 02:15:00,2025-06-14 21:20:00,Paid Search,Display,Competitor Search,Prospecting,2,2,0,0,0.0,19.08,,,Paid Search > Display
JOURNEY-02396,CUST-02396,2025-05-12 00:12:00,2025-05-13 13:45:00,Direct,Paid Search,Direct Visit,Brand Search,4,3,0,0,0.0,37.55,,,Direct > Paid Search > Organic Search > Paid Search
JOURNEY-02397,CUST-02397,2025-03-02 18:28:00,2025-03-07 17:22:00,Paid Search,Paid Search,Brand Search,Brand Search,4,3,0,0,0.0,118.9,,,Paid Search > Display > Email > Paid Search
JOURNEY-02398,CUST-02398,2025-01-18 22:26:00,2025-01-19 20:59:00,Paid Search,Organic Social,Competitor Search,Instagram Organic,2,2,0,0,0.0,22.55,,,Paid Search > Organic Social
JOURNEY-02399,CUST-02399,2025-05-07 05:26:00,2025-05-11 23:39:00,Direct,Referral,Direct Visit,Customer Referral,4,4,1,1,372.54,114.22,2025-05-11 23:39:00,4.76,Direct > Paid Search > Organic Social > Referral
JOURNEY-02400,CUST-02400,2025-03-08 11:41:00,2025-03-16 05:42:00,Organic Social,Direct,Instagram Organic,Direct Visit,4,3,0,0,0.0,186.02,,,Organic Social > Organic Search > Organic Social > Direct
JOURNEY-02401,CUST-02401,2025-06-21 11:06:00,2025-06-29 22:18:00,Referral,Organic Search,Customer Referral,Product Pages,5,4,0,0,0.0,203.2,,,Referral > Organic Search > Display > Email > Organic Search
JOURNEY-02402,CUST-02402,2025-03-04 07:08:00,2025-03-08 22:56:00,Organic Social,Organic Social,TikTok Organic,Instagram Organic,5,4,0,0,0.0,111.8,,,Organic Social > Referral > Email > Direct > Organic Social
JOURNEY-02403,CUST-02403,2025-05-06 12:43:00,2025-05-09 06:27:00,Direct,Referral,Direct Visit,Affiliate,3,3,0,0,0.0,65.73,,,Direct > Email > Referral
JOURNEY-02404,CUST-02404,2025-05-17 06:46:00,2025-05-20 17:23:00,Paid Social,Direct,Instagram Ads,Direct Visit,3,3,0,0,0.0,82.62,,,Paid Social > Organic Social > Direct
JOURNEY-02405,CUST-02405,2025-01-29 13:42:00,2025-02-01 18:15:00,Paid Search,Organic Search,Product Search,Educational Content,4,3,0,0,0.0,76.55,,,Paid Search > Paid Search > Referral > Organic Search
JOURNEY-02406,CUST-02406,2025-05-18 09:24:00,2025-05-24 06:45:00,Display,Direct,Retargeting,Direct Visit,4,4,0,0,0.0,141.35,,,Display > Paid Search > Email > Direct
JOURNEY-02407,CUST-02407,2025-02-16 02:09:00,2025-02-21 12:13:00,Direct,Organic Search,Direct Visit,SEO Blog,4,3,0,0,0.0,130.07,,,Direct > Organic Search > Paid Social > Organic Search
JOURNEY-02408,CUST-02408,2025-03-04 21:22:00,2025-03-06 01:27:00,Direct,Display,Direct Visit,Prospecting,2,2,0,0,0.0,28.08,,,Direct > Display
JOURNEY-02409,CUST-02409,2025-01-22 21:27:00,2025-01-24 15:13:00,Organic Search,Display,Product Pages,Retargeting,3,3,0,0,0.0,41.77,,,Organic Search > Referral > Display
JOURNEY-02410,CUST-02410,2025-03-02 17:58:00,2025-03-06 12:17:00,Organic Social,Organic Search,TikTok Organic,Educational Content,4,3,0,0,0.0,90.32,,,Organic Social > Direct > Organic Social > Organic Search
JOURNEY-02411,CUST-02411,2025-02-02 14:08:00,2025-02-07 01:16:00,Display,Paid Social,Retargeting,LinkedIn Ads,3,3,1,1,94.09,107.13,2025-02-07 01:16:00,4.46,Display > Direct > Paid Social
JOURNEY-02412,CUST-02412,2025-01-05 04:59:00,2025-01-08 11:38:00,Direct,Paid Search,Direct Visit,Brand Search,3,3,0,0,0.0,78.65,,,Direct > Display > Paid Search
JOURNEY-02413,CUST-02413,2025-01-06 17:48:00,2025-01-14 01:02:00,Display,Paid Social,Banner Campaign,Facebook Ads,5,5,1,1,64.38,175.23,2025-01-14 01:02:00,7.3,Display > Paid Search > Direct > Organic Social > Paid Social
JOURNEY-02414,CUST-02414,2025-04-21 20:06:00,2025-05-02 15:19:00,Paid Search,Email,Product Search,Promotional Email,6,4,1,1,100.65,259.22,2025-05-02 15:19:00,10.8,Paid Search > Email > Paid Search > Direct > Display > Email
JOURNEY-02415,CUST-02415,2025-06-11 01:47:00,2025-06-11 01:47:00,Referral,Referral,Partner Website,Partner Website,1,1,0,0,0.0,0.0,,,Referral
JOURNEY-02416,CUST-02416,2025-03-02 05:41:00,2025-03-08 16:02:00,Paid Search,Paid Social,Brand Search,Instagram Ads,4,4,0,0,0.0,154.35,,,Paid Search > Email > Display > Paid Social
JOURNEY-02417,CUST-02417,2025-05-24 18:08:00,2025-05-25 09:35:00,Paid Search,Display,Brand Search,Retargeting,2,2,0,0,0.0,15.45,,,Paid Search > Display
JOURNEY-02418,CUST-02418,2025-03-08 13:17:00,2025-03-08 22:21:00,Paid Search,Organic Social,Brand Search,TikTok Organic,2,2,0,0,0.0,9.07,,,Paid Search > Organic Social
JOURNEY-02419,CUST-02419,2025-02-24 00:56:00,2025-03-02 21:44:00,Referral,Referral,Partner Website,Partner Website,3,2,0,0,0.0,164.8,,,Referral > Organic Search > Referral
JOURNEY-02420,CUST-02420,2025-04-12 03:28:00,2025-04-13 19:52:00,Paid Search,Organic Search,Brand Search,SEO Blog,2,2,0,0,0.0,40.4,,,Paid Search > Organic Search
JOURNEY-02421,CUST-02421,2025-06-14 00:07:00,2025-06-22 15:53:00,Direct,Email,Direct Visit,Welcome Series,5,5,0,0,0.0,207.77,,,Direct > Organic Search > Paid Social > Display > Email
JOURNEY-02422,CUST-02422,2025-02-03 03:45:00,2025-02-07 15:19:00,Paid Social,Display,LinkedIn Ads,Retargeting,3,3,0,0,0.0,107.57,,,Paid Social > Direct > Display
JOURNEY-02423,CUST-02423,2025-01-01 01:53:00,2025-01-01 22:28:00,Organic Social,Paid Search,Instagram Organic,Brand Search,2,2,0,0,0.0,20.58,,,Organic Social > Paid Search
JOURNEY-02424,CUST-02424,2025-04-05 05:42:00,2025-04-13 20:54:00,Direct,Paid Search,Direct Visit,Brand Search,6,4,1,1,152.24,207.2,2025-04-13 20:54:00,8.63,Direct > Referral > Direct > Organic Search > Referral > Paid Search
JOURNEY-02425,CUST-02425,2025-02-10 22:53:00,2025-02-21 09:04:00,Organic Social,Organic Search,Instagram Organic,SEO Blog,5,5,1,1,92.85,250.18,2025-02-21 09:04:00,10.42,Organic Social > Paid Social > Referral > Email > Organic Search
JOURNEY-02426,CUST-02426,2025-05-02 08:45:00,2025-05-03 04:17:00,Email,Paid Search,Newsletter,Brand Search,3,3,1,1,30.16,19.53,2025-05-03 04:17:00,0.81,Email > Organic Social > Paid Search
JOURNEY-02427,CUST-02427,2025-03-16 12:18:00,2025-03-23 14:07:00,Organic Social,Direct,Instagram Organic,Direct Visit,4,2,1,1,142.54,169.82,2025-03-23 14:07:00,7.08,Organic Social > Direct > Organic Social > Direct
JOURNEY-02428,CUST-02428,2025-06-05 05:54:00,2025-06-15 15:35:00,Direct,Paid Search,Direct Visit,Brand Search,6,5,0,0,0.0,249.68,,,Direct > Paid Search > Organic Search > Paid Social > Referral > Paid Search
JOURNEY-02429,CUST-02429,2025-04-24 16:15:00,2025-04-30 12:58:00,Display,Organic Search,Banner Campaign,SEO Blog,4,3,0,0,0.0,140.72,,,Display > Direct > Display > Organic Search
JOURNEY-02430,CUST-02430,2025-02-01 02:23:00,2025-02-14 13:22:00,Paid Search,Organic Search,Brand Search,SEO Blog,7,5,0,0,0.0,322.98,,,Paid Search > Display > Paid Search > Organic Search > Organic Social > Direct > Organic Search
JOURNEY-02431,CUST-02431,2025-04-04 08:53:00,2025-04-14 18:02:00,Direct,Referral,Direct Visit,Affiliate,5,4,0,0,0.0,249.15,,,Direct > Paid Search > Organic Search > Paid Search > Referral
JOURNEY-02432,CUST-02432,2025-05-19 23:51:00,2025-05-26 12:44:00,Direct,Email,Direct Visit,Welcome Series,4,4,0,0,0.0,156.88,,,Direct > Paid Search > Organic Search > Email
JOURNEY-02433,CUST-02433,2025-04-11 13:06:00,2025-04-13 12:23:00,Direct,Direct,Direct Visit,Direct Visit,3,2,0,0,0.0,47.28,,,Direct > Paid Social > Direct
JOURNEY-02434,CUST-02434,2025-06-16 22:28:00,2025-06-26 12:04:00,Direct,Paid Search,Direct Visit,Product Search,6,5,1,1,136.97,229.6,2025-06-26 12:04:00,9.57,Direct > Referral > Email > Organic Search > Direct > Paid Search
JOURNEY-02435,CUST-02435,2025-01-20 10:54:00,2025-01-28 22:19:00,Display,Display,Retargeting,Prospecting,6,4,0,0,0.0,203.42,,,Display > Display > Referral > Paid Social > Email > Display
JOURNEY-02436,CUST-02436,2025-05-06 03:16:00,2025-05-12 03:16:00,Organic Search,Paid Social,Educational Content,Instagram Ads,3,3,0,0,0.0,144.0,,,Organic Search > Email > Paid Social
JOURNEY-02437,CUST-02437,2025-02-20 05:17:00,2025-03-01 00:34:00,Organic Social,Paid Search,LinkedIn Organic,Competitor Search,4,2,0,0,0.0,211.28,,,Organic Social > Paid Search > Organic Social > Paid Search
JOURNEY-02438,CUST-02438,2025-01-23 21:18:00,2025-01-31 08:12:00,Direct,Email,Direct Visit,Newsletter,6,4,0,0,0.0,178.9,,,Direct > Organic Search > Organic Search > Display > Direct > Email
JOURNEY-02439,CUST-02439,2025-04-15 21:20:00,2025-04-24 00:54:00,Paid Social,Paid Social,Facebook Ads,Facebook Ads,7,4,0,0,0.0,195.57,,,Paid Social > Email > Paid Social > Referral > Email > Organic Search > Paid Social
JOURNEY-02440,CUST-02440,2025-03-16 03:43:00,2025-03-25 01:45:00,Organic Social,Paid Search,TikTok Organic,Competitor Search,5,4,1,1,162.08,214.03,2025-03-25 01:45:00,8.92,Organic Social > Organic Search > Organic Search > Paid Social > Paid Search
JOURNEY-02441,CUST-02441,2025-01-12 08:42:00,2025-01-18 00:16:00,Display,Display,Banner Campaign,Retargeting,5,4,1,1,80.62,135.57,2025-01-18 00:16:00,5.65,Display > Paid Social > Direct > Organic Social > Display
JOURNEY-02442,CUST-02442,2025-04-25 04:02:00,2025-04-28 15:38:00,Direct,Display,Direct Visit,Prospecting,2,2,0,0,0.0,83.6,,,Direct > Display
JOURNEY-02443,CUST-02443,2025-05-06 08:35:00,2025-05-17 15:13:00,Organic Search,Organic Search,Product Pages,Educational Content,6,5,0,0,0.0,270.63,,,Organic Search > Paid Social > Email > Organic Social > Referral > Organic Search
JOURNEY-02444,CUST-02444,2025-02-01 11:36:00,2025-02-06 11:51:00,Paid Search,Direct,Competitor Search,Direct Visit,3,3,1,1,182.57,120.25,2025-02-06 11:51:00,5.01,Paid Search > Email > Direct
JOURNEY-02445,CUST-02445,2025-02-22 11:23:00,2025-02-23 18:04:00,Paid Social,Paid Social,Instagram Ads,LinkedIn Ads,2,1,0,0,0.0,30.68,,,Paid Social > Paid Social
JOURNEY-02446,CUST-02446,2025-02-01 12:36:00,2025-02-03 09:08:00,Organic Search,Paid Social,Educational Content,LinkedIn Ads,2,2,0,0,0.0,44.53,,,Organic Search > Paid Social
JOURNEY-02447,CUST-02447,2025-02-01 09:11:00,2025-02-05 00:14:00,Paid Search,Paid Social,Brand Search,Facebook Ads,2,2,0,0,0.0,87.05,,,Paid Search > Paid Social
JOURNEY-02448,CUST-02448,2025-04-15 01:29:00,2025-04-16 21:56:00,Organic Social,Paid Search,Instagram Organic,Competitor Search,3,3,0,0,0.0,44.45,,,Organic Social > Referral > Paid Search
JOURNEY-02449,CUST-02449,2025-04-22 04:31:00,2025-04-27 09:13:00,Display,Email,Prospecting,Newsletter,4,3,0,0,0.0,124.7,,,Display > Paid Search > Paid Search > Email
JOURNEY-02450,CUST-02450,2025-06-13 09:56:00,2025-06-18 14:13:00,Direct,Email,Direct Visit,Promotional Email,3,3,1,1,87.04,124.28,2025-06-18 14:13:00,5.18,Direct > Paid Social > Email
JOURNEY-02451,CUST-02451,2025-04-03 17:58:00,2025-04-09 21:22:00,Direct,Organic Search,Direct Visit,Product Pages,3,3,1,1,190.15,147.4,2025-04-09 21:22:00,6.14,Direct > Paid Social > Organic Search
JOURNEY-02452,CUST-02452,2025-04-13 20:41:00,2025-04-19 12:30:00,Paid Social,Display,LinkedIn Ads,Banner Campaign,4,4,0,0,0.0,135.82,,,Paid Social > Organic Search > Email > Display
JOURNEY-02453,CUST-02453,2025-03-12 06:41:00,2025-03-18 23:49:00,Email,Organic Search,Promotional Email,SEO Blog,4,4,0,0,0.0,161.13,,,Email > Direct > Organic Social > Organic Search
JOURNEY-02454,CUST-02454,2025-02-15 17:21:00,2025-02-18 13:10:00,Display,Paid Social,Retargeting,Facebook Ads,2,2,0,0,0.0,67.82,,,Display > Paid Social
JOURNEY-02455,CUST-02455,2025-03-29 08:21:00,2025-03-31 17:56:00,Direct,Display,Direct Visit,Prospecting,3,3,0,0,0.0,57.58,,,Direct > Paid Search > Display
JOURNEY-02456,CUST-02456,2025-06-14 20:20:00,2025-06-24 12:48:00,Paid Search,Paid Search,Product Search,Product Search,4,3,0,0,0.0,232.47,,,Paid Search > Direct > Paid Social > Paid Search
JOURNEY-02457,CUST-02457,2025-04-08 23:55:00,2025-04-10 12:35:00,Organic Search,Organic Social,SEO Blog,Instagram Organic,2,2,1,1,108.81,36.67,2025-04-10 12:35:00,1.53,Organic Search > Organic Social
JOURNEY-02458,CUST-02458,2025-02-10 12:41:00,2025-02-10 12:41:00,Organic Search,Organic Search,Product Pages,Product Pages,1,1,0,0,0.0,0.0,,,Organic Search
JOURNEY-02459,CUST-02459,2025-05-10 19:20:00,2025-05-10 19:20:00,Organic Search,Organic Search,Educational Content,Educational Content,1,1,0,0,0.0,0.0,,,Organic Search
JOURNEY-02460,CUST-02460,2025-04-14 14:32:00,2025-04-14 14:32:00,Organic Search,Organic Search,Educational Content,Educational Content,1,1,0,0,0.0,0.0,,,Organic Search
JOURNEY-02461,CUST-02461,2025-05-21 16:14:00,2025-05-31 07:26:00,Organic Search,Email,Educational Content,Newsletter,4,3,0,0,0.0,231.2,,,Organic Search > Organic Social > Organic Search > Email
JOURNEY-02462,CUST-02462,2025-01-11 22:31:00,2025-01-12 07:17:00,Email,Referral,Promotional Email,Customer Referral,2,2,0,0,0.0,8.77,,,Email > Referral
JOURNEY-02463,CUST-02463,2025-03-27 02:09:00,2025-03-31 13:07:00,Organic Search,Paid Search,Educational Content,Product Search,4,4,0,0,0.0,106.97,,,Organic Search > Organic Social > Paid Social > Paid Search
JOURNEY-02464,CUST-02464,2025-01-08 23:30:00,2025-01-11 22:50:00,Direct,Paid Search,Direct Visit,Brand Search,2,2,0,0,0.0,71.33,,,Direct > Paid Search
JOURNEY-02465,CUST-02465,2025-03-14 02:35:00,2025-03-18 16:21:00,Display,Paid Social,Prospecting,Facebook Ads,3,3,0,0,0.0,109.77,,,Display > Paid Search > Paid Social
JOURNEY-02466,CUST-02466,2025-02-23 00:02:00,2025-02-25 17:30:00,Email,Organic Social,Welcome Series,Instagram Organic,2,2,0,0,0.0,65.47,,,Email > Organic Social
JOURNEY-02467,CUST-02467,2025-02-02 12:29:00,2025-02-18 14:00:00,Organic Search,Paid Search,Educational Content,Competitor Search,8,6,1,1,126.48,385.52,2025-02-18 14:00:00,16.06,Organic Search > Direct > Organic Social > Paid Social > Organic Search > Paid Social > Email > Paid Search
JOURNEY-02468,CUST-02468,2025-04-02 20:00:00,2025-04-07 07:12:00,Email,Referral,Promotional Email,Customer Referral,3,3,0,0,0.0,107.2,,,Email > Display > Referral
JOURNEY-02469,CUST-02469,2025-04-02 17:50:00,2025-04-02 17:50:00,Direct,Direct,Direct Visit,Direct Visit,1,1,0,0,0.0,0.0,,,Direct
JOURNEY-02470,CUST-02470,2025-06-20 15:15:00,2025-06-21 21:29:00,Organic Social,Direct,LinkedIn Organic,Direct Visit,2,2,0,0,0.0,30.23,,,Organic Social > Direct
JOURNEY-02471,CUST-02471,2025-02-25 21:19:00,2025-03-15 04:22:00,Paid Search,Referral,Product Search,Partner Website,8,6,1,1,106.92,415.05,2025-03-15 04:22:00,17.29,Paid Search > Organic Search > Organic Social > Display > Paid Search > Paid Social > Organic Search > Referral
JOURNEY-02472,CUST-02472,2025-06-25 04:34:00,2025-06-28 00:27:00,Email,Organic Search,Welcome Series,Product Pages,2,2,1,1,119.12,67.88,2025-06-28 00:27:00,2.83,Email > Organic Search
JOURNEY-02473,CUST-02473,2025-05-29 11:35:00,2025-06-03 18:09:00,Organic Search,Organic Social,Product Pages,Instagram Organic,5,5,0,0,0.0,126.57,,,Organic Search > Paid Social > Paid Search > Display > Organic Social
JOURNEY-02474,CUST-02474,2025-06-21 09:12:00,2025-06-26 22:17:00,Email,Organic Search,Welcome Series,Educational Content,3,3,0,0,0.0,133.08,,,Email > Paid Social > Organic Search
JOURNEY-02475,CUST-02475,2025-03-14 06:47:00,2025-03-14 06:47:00,Organic Search,Organic Search,Educational Content,Educational Content,1,1,0,0,0.0,0.0,,,Organic Search
JOURNEY-02476,CUST-02476,2025-01-15 17:54:00,2025-01-24 12:25:00,Organic Search,Direct,Educational Content,Direct Visit,4,4,1,1,63.86,210.52,2025-01-24 12:25:00,8.77,Organic Search > Paid Search > Paid Social > Direct
JOURNEY-02477,CUST-02477,2025-04-12 01:30:00,2025-04-12 01:30:00,Direct,Direct,Direct Visit,Direct Visit,1,1,0,0,0.0,0.0,,,Direct
JOURNEY-02478,CUST-02478,2025-03-24 18:08:00,2025-03-28 02:48:00,Direct,Organic Search,Direct Visit,Product Pages,5,3,0,0,0.0,80.67,,,Direct > Organic Search > Email > Direct > Organic Search
JOURNEY-02479,CUST-02479,2025-04-24 21:54:00,2025-04-25 16:09:00,Paid Social,Referral,Instagram Ads,Affiliate,2,2,0,0,0.0,18.25,,,Paid Social > Referral
JOURNEY-02480,CUST-02480,2025-01-22 21:10:00,2025-01-23 14:15:00,Paid Social,Paid Social,Instagram Ads,LinkedIn Ads,3,2,1,1,322.1,17.08,2025-01-23 14:15:00,0.71,Paid Social > Organic Search > Paid Social
JOURNEY-02481,CUST-02481,2025-04-21 10:59:00,2025-04-22 15:10:00,Paid Social,Organic Social,Instagram Ads,Instagram Organic,2,2,1,1,80.5,28.18,2025-04-22 15:10:00,1.17,Paid Social > Organic Social
JOURNEY-02482,CUST-02482,2025-06-14 18:47:00,2025-06-16 20:30:00,Paid Social,Organic Search,LinkedIn Ads,Product Pages,3,3,0,0,0.0,49.72,,,Paid Social > Email > Organic Search
JOURNEY-02483,CUST-02483,2025-01-07 08:01:00,2025-01-10 07:21:00,Paid Search,Direct,Competitor Search,Direct Visit,2,2,0,0,0.0,71.33,,,Paid Search > Direct
JOURNEY-02484,CUST-02484,2025-03-27 22:12:00,2025-03-30 15:12:00,Email,Referral,Newsletter,Partner Website,3,3,0,0,0.0,65.0,,,Email > Paid Search > Referral
JOURNEY-02485,CUST-02485,2025-03-26 09:34:00,2025-04-02 03:45:00,Paid Social,Paid Social,LinkedIn Ads,Instagram Ads,4,3,0,0,0.0,162.18,,,Paid Social > Direct > Paid Search > Paid Social
JOURNEY-02486,CUST-02486,2025-05-23 22:25:00,2025-05-23 22:25:00,Paid Search,Paid Search,Brand Search,Brand Search,1,1,0,0,0.0,0.0,,,Paid Search
JOURNEY-02487,CUST-02487,2025-05-07 23:46:00,2025-05-19 03:07:00,Referral,Paid Social,Partner Website,Facebook Ads,6,5,0,0,0.0,267.35,,,Referral > Paid Search > Display > Direct > Paid Search > Paid Social
JOURNEY-02488,CUST-02488,2025-05-13 14:39:00,2025-05-14 22:04:00,Referral,Paid Social,Partner Website,Instagram Ads,2,2,0,0,0.0,31.42,,,Referral > Paid Social
JOURNEY-02489,CUST-02489,2025-04-08 16:51:00,2025-04-13 11:24:00,Paid Search,Direct,Product Search,Direct Visit,4,3,0,0,0.0,114.55,,,Paid Search > Paid Search > Organic Search > Direct
JOURNEY-02490,CUST-02490,2025-01-19 17:21:00,2025-01-23 11:25:00,Paid Social,Direct,Instagram Ads,Direct Visit,2,2,0,0,0.0,90.07,,,Paid Social > Direct
JOURNEY-02491,CUST-02491,2025-05-25 15:37:00,2025-06-08 02:49:00,Display,Paid Search,Retargeting,Brand Search,6,4,0,0,0.0,323.2,,,Display > Paid Search > Organic Search > Email > Organic Search > Paid Search
JOURNEY-02492,CUST-02492,2025-05-27 20:49:00,2025-05-30 23:03:00,Email,Organic Social,Welcome Series,LinkedIn Organic,2,2,0,0,0.0,74.23,,,Email > Organic Social
JOURNEY-02493,CUST-02493,2025-04-23 19:00:00,2025-04-26 00:50:00,Display,Organic Search,Prospecting,Educational Content,3,2,0,0,0.0,53.83,,,Display > Organic Search > Organic Search
JOURNEY-02494,CUST-02494,2025-03-26 06:09:00,2025-03-29 00:47:00,Referral,Organic Social,Customer Referral,TikTok Organic,2,2,0,0,0.0,66.63,,,Referral > Organic Social
JOURNEY-02495,CUST-02495,2025-05-28 05:21:00,2025-05-31 00:19:00,Organic Search,Paid Social,Product Pages,LinkedIn Ads,3,3,0,0,0.0,66.97,,,Organic Search > Paid Search > Paid Social
JOURNEY-02496,CUST-02496,2025-01-24 07:20:00,2025-01-28 21:24:00,Referral,Paid Social,Customer Referral,Facebook Ads,3,3,0,0,0.0,110.07,,,Referral > Email > Paid Social
JOURNEY-02497,CUST-02497,2025-05-20 08:42:00,2025-05-21 17:02:00,Paid Search,Organic Search,Competitor Search,Educational Content,2,2,0,0,0.0,32.33,,,Paid Search > Organic Search
JOURNEY-02498,CUST-02498,2025-05-03 08:08:00,2025-05-04 02:17:00,Organic Search,Referral,SEO Blog,Affiliate,2,2,0,0,0.0,18.15,,,Organic Search > Referral
JOURNEY-02499,CUST-02499,2025-04-16 12:43:00,2025-04-23 17:20:00,Paid Social,Email,LinkedIn Ads,Promotional Email,4,3,0,0,0.0,172.62,,,Paid Social > Referral > Paid Social > Email
JOURNEY-02500,CUST-02500,2025-04-13 21:58:00,2025-04-18 21:00:00,Organic Search,Referral,SEO Blog,Customer Referral,3,3,0,0,0.0,119.03,,,Organic Search > Paid Search > Referral
JOURNEY-02501,CUST-02501,2025-02-28 15:02:00,2025-02-28 15:02:00,Paid Search,Paid Search,Product Search,Product Search,1,1,0,0,0.0,0.0,,,Paid Search
JOURNEY-02502,CUST-02502,2025-06-15 10:37:00,2025-06-20 00:29:00,Organic Social,Display,LinkedIn Organic,Banner Campaign,3,3,0,0,0.0,109.87,,,Organic Social > Paid Social > Display
JOURNEY-02503,CUST-02503,2025-06-15 05:51:00,2025-06-28 07:25:00,Direct,Organic Social,Direct Visit,Instagram Organic,6,5,0,0,0.0,313.57,,,Direct > Email > Referral > Direct > Paid Search > Organic Social
JOURNEY-02504,CUST-02504,2025-02-26 17:24:00,2025-03-01 20:35:00,Organic Social,Direct,TikTok Organic,Direct Visit,2,2,0,0,0.0,75.18,,,Organic Social > Direct
JOURNEY-02505,CUST-02505,2025-04-12 14:49:00,2025-04-26 16:55:00,Organic Social,Paid Search,Instagram Organic,Brand Search,6,5,0,0,0.0,338.1,,,Organic Social > Organic Search > Email > Paid Social > Email > Paid Search
JOURNEY-02506,CUST-02506,2025-01-11 04:13:00,2025-01-16 07:46:00,Direct,Paid Search,Direct Visit,Competitor Search,3,3,0,0,0.0,123.55,,,Direct > Paid Social > Paid Search
JOURNEY-02507,CUST-02507,2025-03-28 06:18:00,2025-03-29 07:27:00,Paid Social,Organic Social,LinkedIn Ads,LinkedIn Organic,2,2,1,1,124.61,25.15,2025-03-29 07:27:00,1.05,Paid Social > Organic Social
JOURNEY-02508,CUST-02508,2025-05-23 05:06:00,2025-06-02 08:38:00,Direct,Display,Direct Visit,Retargeting,4,4,1,1,120.84,243.53,2025-06-02 08:38:00,10.15,Direct > Email > Organic Search > Display
JOURNEY-02509,CUST-02509,2025-03-30 00:37:00,2025-04-03 17:39:00,Organic Search,Email,Educational Content,Promotional Email,3,3,0,0,0.0,113.03,,,Organic Search > Paid Social > Email
JOURNEY-02510,CUST-02510,2025-03-26 11:47:00,2025-03-29 18:43:00,Organic Search,Paid Search,SEO Blog,Product Search,3,3,1,1,366.78,78.93,2025-03-29 18:43:00,3.29,Organic Search > Display > Paid Search
JOURNEY-02511,CUST-02511,2025-03-13 20:04:00,2025-03-23 08:46:00,Paid Search,Organic Search,Brand Search,Product Pages,5,5,0,0,0.0,228.7,,,Paid Search > Display > Referral > Paid Social > Organic Search
JOURNEY-02512,CUST-02512,2025-05-18 09:16:00,2025-05-24 05:07:00,Paid Social,Email,Facebook Ads,Newsletter,3,2,0,0,0.0,139.85,,,Paid Social > Email > Email
JOURNEY-02513,CUST-02513,2025-05-10 18:48:00,2025-05-17 02:21:00,Organic Search,Email,Product Pages,Promotional Email,4,3,1,1,107.27,151.55,2025-05-17 02:21:00,6.31,Organic Search > Paid Search > Organic Search > Email
JOURNEY-02514,CUST-02514,2025-03-16 02:33:00,2025-03-18 17:04:00,Direct,Paid Search,Direct Visit,Product Search,2,2,0,0,0.0,62.52,,,Direct > Paid Search
JOURNEY-02515,CUST-02515,2025-05-22 03:49:00,2025-06-05 07:53:00,Referral,Paid Search,Affiliate,Product Search,8,5,0,0,0.0,340.07,,,Referral > Paid Search > Referral > Paid Social > Display > Email > Paid Social > Paid Search
JOURNEY-02516,CUST-02516,2025-02-14 22:07:00,2025-02-17 19:07:00,Paid Search,Paid Social,Product Search,LinkedIn Ads,3,3,0,0,0.0,69.0,,,Paid Search > Referral > Paid Social
JOURNEY-02517,CUST-02517,2025-06-06 22:56:00,2025-06-11 18:50:00,Paid Social,Paid Search,Facebook Ads,Product Search,3,2,0,0,0.0,115.9,,,Paid Social > Paid Search > Paid Search
JOURNEY-02518,CUST-02518,2025-06-25 00:35:00,2025-06-29 13:58:00,Direct,Organic Search,Direct Visit,Educational Content,3,3,1,1,109.12,109.38,2025-06-29 13:58:00,4.56,Direct > Display > Organic Search
JOURNEY-02519,CUST-02519,2025-03-02 18:09:00,2025-03-05 12:21:00,Organic Social,Paid Search,TikTok Organic,Competitor Search,2,2,0,0,0.0,66.2,,,Organic Social > Paid Search
JOURNEY-02520,CUST-02520,2025-06-09 19:01:00,2025-06-16 16:47:00,Referral,Paid Search,Customer Referral,Brand Search,5,5,1,1,74.71,165.77,2025-06-16 16:47:00,6.91,Referral > Display > Paid Social > Organic Search > Paid Search
JOURNEY-02521,CUST-02521,2025-02-21 01:47:00,2025-02-28 10:19:00,Paid Search,Display,Competitor Search,Retargeting,4,4,1,1,237.59,176.53,2025-02-28 10:19:00,7.36,Paid Search > Referral > Paid Social > Display
JOURNEY-02522,CUST-02522,2025-03-22 04:04:00,2025-03-26 02:09:00,Paid Social,Email,LinkedIn Ads,Newsletter,2,2,0,0,0.0,94.08,,,Paid Social > Email
JOURNEY-02523,CUST-02523,2025-02-16 21:44:00,2025-02-23 02:48:00,Paid Social,Email,Instagram Ads,Newsletter,5,5,1,1,108.69,149.07,2025-02-23 02:48:00,6.21,Paid Social > Display > Direct > Organic Search > Email
JOURNEY-02524,CUST-02524,2025-01-10 04:08:00,2025-01-19 00:43:00,Direct,Email,Direct Visit,Promotional Email,5,4,0,0,0.0,212.58,,,Direct > Direct > Organic Search > Paid Search > Email
JOURNEY-02525,CUST-02525,2025-05-09 17:48:00,2025-05-19 11:32:00,Paid Search,Organic Social,Brand Search,TikTok Organic,6,4,0,0,0.0,233.73,,,Paid Search > Organic Social > Paid Search > Paid Social > Display > Organic Social
JOURNEY-02526,CUST-02526,2025-02-13 10:14:00,2025-02-22 08:15:00,Organic Search,Email,Educational Content,Promotional Email,4,4,0,0,0.0,214.02,,,Organic Search > Paid Social > Referral > Email
JOURNEY-02527,CUST-02527,2025-02-03 14:36:00,2025-02-07 04:32:00,Email,Email,Welcome Series,Promotional Email,2,1,1,1,155.78,85.93,2025-02-07 04:32:00,3.58,Email > Email
JOURNEY-02528,CUST-02528,2025-04-30 20:49:00,2025-05-06 17:24:00,Organic Search,Paid Search,Educational Content,Brand Search,6,5,0,0,0.0,140.58,,,Organic Search > Display > Direct > Organic Social > Paid Search > Paid Search
JOURNEY-02529,CUST-02529,2025-02-01 02:38:00,2025-02-15 02:19:00,Email,Referral,Promotional Email,Partner Website,6,5,0,0,0.0,335.68,,,Email > Organic Social > Paid Social > Direct > Paid Social > Referral
JOURNEY-02530,CUST-02530,2025-06-29 00:03:00,2025-06-29 00:03:00,Paid Social,Paid Social,LinkedIn Ads,LinkedIn Ads,1,1,0,0,0.0,0.0,,,Paid Social
JOURNEY-02531,CUST-02531,2025-01-17 04:35:00,2025-01-18 15:58:00,Email,Organic Search,Promotional Email,Educational Content,2,2,0,0,0.0,35.38,,,Email > Organic Search
JOURNEY-02532,CUST-02532,2025-06-29 11:26:00,2025-07-03 14:33:00,Email,Paid Social,Promotional Email,LinkedIn Ads,3,3,0,0,0.0,99.12,,,Email > Direct > Paid Social
JOURNEY-02533,CUST-02533,2025-04-24 04:10:00,2025-04-28 23:33:00,Paid Social,Organic Social,LinkedIn Ads,TikTok Organic,4,4,0,0,0.0,115.38,,,Paid Social > Paid Search > Direct > Organic Social
JOURNEY-02534,CUST-02534,2025-02-17 23:14:00,2025-02-23 22:21:00,Paid Social,Paid Search,LinkedIn Ads,Product Search,3,2,0,0,0.0,143.12,,,Paid Social > Paid Social > Paid Search
JOURNEY-02535,CUST-02535,2025-06-14 00:36:00,2025-06-15 04:27:00,Direct,Paid Social,Direct Visit,Facebook Ads,2,2,0,0,0.0,27.85,,,Direct > Paid Social
JOURNEY-02536,CUST-02536,2025-02-21 21:55:00,2025-02-28 07:22:00,Direct,Paid Search,Direct Visit,Competitor Search,4,3,0,0,0.0,153.45,,,Direct > Paid Search > Organic Search > Paid Search
JOURNEY-02537,CUST-02537,2025-06-19 06:35:00,2025-06-19 11:51:00,Organic Social,Direct,LinkedIn Organic,Direct Visit,2,2,0,0,0.0,5.27,,,Organic Social > Direct
JOURNEY-02538,CUST-02538,2025-04-10 17:58:00,2025-04-13 01:42:00,Paid Search,Paid Search,Brand Search,Product Search,3,2,0,0,0.0,55.73,,,Paid Search > Email > Paid Search
JOURNEY-02539,CUST-02539,2025-05-31 08:26:00,2025-06-03 01:56:00,Paid Search,Referral,Competitor Search,Customer Referral,2,2,0,0,0.0,65.5,,,Paid Search > Referral
JOURNEY-02540,CUST-02540,2025-06-06 03:01:00,2025-06-06 03:01:00,Paid Search,Paid Search,Product Search,Product Search,1,1,0,0,0.0,0.0,,,Paid Search
JOURNEY-02541,CUST-02541,2025-06-14 00:38:00,2025-06-19 15:35:00,Paid Search,Direct,Brand Search,Direct Visit,3,3,0,0,0.0,134.95,,,Paid Search > Paid Social > Direct
JOURNEY-02542,CUST-02542,2025-02-18 02:34:00,2025-02-21 14:15:00,Paid Search,Paid Search,Brand Search,Competitor Search,4,3,0,0,0.0,83.68,,,Paid Search > Direct > Organic Social > Paid Search
JOURNEY-02543,CUST-02543,2025-05-19 22:35:00,2025-05-27 12:14:00,Referral,Paid Social,Affiliate,Facebook Ads,5,5,0,0,0.0,181.65,,,Referral > Organic Search > Organic Social > Email > Paid Social
JOURNEY-02544,CUST-02544,2025-06-16 04:31:00,2025-06-16 04:31:00,Organic Social,Organic Social,Instagram Organic,Instagram Organic,1,1,0,0,0.0,0.0,,,Organic Social
JOURNEY-02545,CUST-02545,2025-03-06 06:34:00,2025-03-18 18:16:00,Direct,Paid Search,Direct Visit,Product Search,5,4,0,0,0.0,299.7,,,Direct > Organic Search > Organic Social > Direct > Paid Search
JOURNEY-02546,CUST-02546,2025-03-09 01:56:00,2025-03-14 14:39:00,Paid Search,Organic Social,Brand Search,Instagram Organic,3,3,0,0,0.0,132.72,,,Paid Search > Organic Search > Organic Social
JOURNEY-02547,CUST-02547,2025-01-29 22:46:00,2025-02-10 22:07:00,Email,Email,Newsletter,Newsletter,5,3,0,0,0.0,287.35,,,Email > Direct > Email > Paid Search > Email
JOURNEY-02548,CUST-02548,2025-03-14 14:46:00,2025-03-16 19:15:00,Organic Search,Paid Search,Educational Content,Competitor Search,2,2,0,0,0.0,52.48,,,Organic Search > Paid Search
JOURNEY-02549,CUST-02549,2025-06-16 00:42:00,2025-06-26 11:11:00,Direct,Email,Direct Visit,Welcome Series,4,3,0,0,0.0,250.48,,,Direct > Organic Search > Direct > Email
JOURNEY-02550,CUST-02550,2025-05-24 22:44:00,2025-05-31 15:17:00,Organic Search,Paid Social,Product Pages,Facebook Ads,4,3,0,0,0.0,160.55,,,Organic Search > Organic Search > Direct > Paid Social
JOURNEY-02551,CUST-02551,2025-01-13 00:53:00,2025-01-15 18:23:00,Referral,Email,Partner Website,Newsletter,2,2,0,0,0.0,65.5,,,Referral > Email
JOURNEY-02552,CUST-02552,2025-04-15 06:27:00,2025-04-15 06:27:00,Paid Social,Paid Social,Facebook Ads,Facebook Ads,1,1,0,0,0.0,0.0,,,Paid Social
JOURNEY-02553,CUST-02553,2025-02-03 14:35:00,2025-02-07 22:01:00,Paid Social,Referral,LinkedIn Ads,Customer Referral,4,3,0,0,0.0,103.43,,,Paid Social > Paid Social > Paid Search > Referral
JOURNEY-02554,CUST-02554,2025-03-21 14:50:00,2025-03-25 08:09:00,Organic Social,Organic Search,LinkedIn Organic,Product Pages,4,4,0,0,0.0,89.32,,,Organic Social > Direct > Paid Social > Organic Search
JOURNEY-02555,CUST-02555,2025-06-15 11:12:00,2025-06-19 16:11:00,Direct,Direct,Direct Visit,Direct Visit,3,2,0,0,0.0,100.98,,,Direct > Organic Search > Direct
JOURNEY-02556,CUST-02556,2025-05-01 18:01:00,2025-05-05 23:32:00,Organic Social,Paid Social,Instagram Organic,Instagram Ads,4,4,0,0,0.0,101.52,,,Organic Social > Organic Search > Direct > Paid Social
JOURNEY-02557,CUST-02557,2025-05-11 02:30:00,2025-05-16 20:42:00,Email,Organic Search,Welcome Series,Product Pages,3,2,0,0,0.0,138.2,,,Email > Email > Organic Search
JOURNEY-02558,CUST-02558,2025-01-28 20:51:00,2025-02-04 20:39:00,Direct,Direct,Direct Visit,Direct Visit,3,2,0,0,0.0,167.8,,,Direct > Paid Social > Direct
JOURNEY-02559,CUST-02559,2025-02-04 23:10:00,2025-02-12 04:20:00,Paid Search,Organic Search,Brand Search,Educational Content,4,3,1,1,96.93,173.17,2025-02-12 04:20:00,7.22,Paid Search > Paid Social > Paid Social > Organic Search
JOURNEY-02560,CUST-02560,2025-04-19 03:56:00,2025-04-24 21:04:00,Email,Display,Newsletter,Retargeting,5,4,1,1,65.43,137.13,2025-04-24 21:04:00,5.71,Email > Paid Social > Paid Search > Display > Display
JOURNEY-02561,CUST-02561,2025-01-04 03:26:00,2025-01-11 16:39:00,Email,Paid Search,Promotional Email,Competitor Search,4,4,0,0,0.0,181.22,,,Email > Organic Search > Paid Social > Paid Search
JOURNEY-02562,CUST-02562,2025-06-03 06:31:00,2025-06-08 09:35:00,Direct,Email,Direct Visit,Newsletter,4,4,0,0,0.0,123.07,,,Direct > Display > Paid Search > Email
JOURNEY-02563,CUST-02563,2025-03-21 08:51:00,2025-03-25 08:03:00,Paid Social,Email,Instagram Ads,Newsletter,3,3,1,1,46.35,95.2,2025-03-25 08:03:00,3.97,Paid Social > Direct > Email
JOURNEY-02564,CUST-02564,2025-05-12 09:49:00,2025-05-15 09:54:00,Display,Paid Social,Prospecting,Instagram Ads,3,3,0,0,0.0,72.08,,,Display > Direct > Paid Social
JOURNEY-02565,CUST-02565,2025-05-01 16:04:00,2025-05-05 18:56:00,Paid Social,Referral,Facebook Ads,Customer Referral,4,3,0,0,0.0,98.87,,,Paid Social > Paid Social > Paid Search > Referral
JOURNEY-02566,CUST-02566,2025-02-09 16:56:00,2025-02-13 03:34:00,Direct,Email,Direct Visit,Promotional Email,2,2,0,0,0.0,82.63,,,Direct > Email
JOURNEY-02567,CUST-02567,2025-01-28 12:44:00,2025-02-01 09:12:00,Direct,Organic Search,Direct Visit,Product Pages,2,2,0,0,0.0,92.47,,,Direct > Organic Search
JOURNEY-02568,CUST-02568,2025-05-05 09:20:00,2025-05-05 09:20:00,Direct,Direct,Direct Visit,Direct Visit,1,1,0,0,0.0,0.0,,,Direct
JOURNEY-02569,CUST-02569,2025-05-12 00:43:00,2025-05-18 04:05:00,Direct,Referral,Direct Visit,Partner Website,4,4,0,0,0.0,147.37,,,Direct > Email > Display > Referral
JOURNEY-02570,CUST-02570,2025-03-28 23:53:00,2025-04-02 08:25:00,Organic Search,Referral,Educational Content,Customer Referral,3,3,0,0,0.0,104.53,,,Organic Search > Direct > Referral
JOURNEY-02571,CUST-02571,2025-06-21 09:29:00,2025-06-21 09:29:00,Direct,Direct,Direct Visit,Direct Visit,1,1,1,1,81.61,0.0,2025-06-21 09:29:00,0.0,Direct
JOURNEY-02572,CUST-02572,2025-02-12 19:14:00,2025-02-19 01:38:00,Paid Search,Display,Brand Search,Retargeting,3,3,0,0,0.0,150.4,,,Paid Search > Direct > Display
JOURNEY-02573,CUST-02573,2025-04-09 01:25:00,2025-04-13 01:29:00,Email,Display,Promotional Email,Prospecting,3,3,1,1,95.69,96.07,2025-04-13 01:29:00,4.0,Email > Referral > Display
JOURNEY-02574,CUST-02574,2025-05-14 21:23:00,2025-05-15 11:10:00,Organic Social,Paid Social,TikTok Organic,Instagram Ads,2,2,0,0,0.0,13.78,,,Organic Social > Paid Social
JOURNEY-02575,CUST-02575,2025-03-26 09:31:00,2025-03-29 22:42:00,Organic Search,Display,Educational Content,Retargeting,2,2,0,0,0.0,85.18,,,Organic Search > Display
JOURNEY-02576,CUST-02576,2025-06-21 16:04:00,2025-06-28 09:40:00,Paid Search,Email,Competitor Search,Newsletter,4,4,0,0,0.0,161.6,,,Paid Search > Organic Search > Paid Social > Email
JOURNEY-02577,CUST-02577,2025-06-02 12:51:00,2025-06-09 11:05:00,Referral,Email,Customer Referral,Welcome Series,4,4,0,0,0.0,166.23,,,Referral > Paid Search > Organic Social > Email
JOURNEY-02578,CUST-02578,2025-02-25 02:11:00,2025-02-26 15:41:00,Display,Referral,Retargeting,Partner Website,3,3,0,0,0.0,37.5,,,Display > Organic Search > Referral
JOURNEY-02579,CUST-02579,2025-06-05 17:27:00,2025-06-11 17:11:00,Direct,Paid Search,Direct Visit,Brand Search,4,4,0,0,0.0,143.73,,,Direct > Organic Social > Paid Social > Paid Search
JOURNEY-02580,CUST-02580,2025-04-26 04:03:00,2025-05-05 04:55:00,Referral,Direct,Partner Website,Direct Visit,4,4,1,1,146.85,216.87,2025-05-05 04:55:00,9.04,Referral > Paid Search > Organic Social > Direct
JOURNEY-02581,CUST-02581,2025-05-06 14:20:00,2025-05-10 12:33:00,Organic Search,Email,Educational Content,Newsletter,2,2,1,1,100.04,94.22,2025-05-10 12:33:00,3.93,Organic Search > Email
JOURNEY-02582,CUST-02582,2025-05-19 22:16:00,2025-05-25 23:34:00,Referral,Direct,Affiliate,Direct Visit,4,4,0,0,0.0,145.3,,,Referral > Organic Search > Paid Search > Direct
JOURNEY-02583,CUST-02583,2025-04-27 21:06:00,2025-05-01 23:50:00,Display,Paid Search,Banner Campaign,Brand Search,3,3,0,0,0.0,98.73,,,Display > Direct > Paid Search
JOURNEY-02584,CUST-02584,2025-04-14 18:27:00,2025-04-17 13:02:00,Organic Search,Organic Search,Product Pages,Product Pages,3,2,0,0,0.0,66.58,,,Organic Search > Paid Social > Organic Search
JOURNEY-02585,CUST-02585,2025-05-18 02:33:00,2025-05-25 21:32:00,Paid Social,Email,LinkedIn Ads,Newsletter,6,5,1,1,242.67,186.98,2025-05-25 21:32:00,7.79,Paid Social > Email > Referral > Organic Search > Organic Social > Email
JOURNEY-02586,CUST-02586,2025-02-14 13:53:00,2025-02-22 10:29:00,Email,Paid Search,Welcome Series,Brand Search,4,3,0,0,0.0,188.6,,,Email > Display > Email > Paid Search
JOURNEY-02587,CUST-02587,2025-03-15 23:20:00,2025-03-15 23:20:00,Email,Email,Promotional Email,Promotional Email,1,1,0,0,0.0,0.0,,,Email
JOURNEY-02588,CUST-02588,2025-03-17 17:35:00,2025-03-19 12:29:00,Referral,Display,Affiliate,Banner Campaign,2,2,0,0,0.0,42.9,,,Referral > Display
JOURNEY-02589,CUST-02589,2025-04-04 23:26:00,2025-04-10 22:19:00,Organic Social,Referral,TikTok Organic,Partner Website,3,3,1,1,139.32,142.88,2025-04-10 22:19:00,5.95,Organic Social > Paid Search > Referral
JOURNEY-02590,CUST-02590,2025-02-16 19:51:00,2025-02-22 07:31:00,Email,Display,Welcome Series,Prospecting,3,3,1,1,215.47,131.67,2025-02-22 07:31:00,5.49,Email > Referral > Display
JOURNEY-02591,CUST-02591,2025-04-24 17:10:00,2025-04-26 19:10:00,Paid Search,Direct,Brand Search,Direct Visit,3,3,0,0,0.0,50.0,,,Paid Search > Paid Social > Direct
JOURNEY-02592,CUST-02592,2025-01-20 17:57:00,2025-01-23 03:16:00,Display,Paid Social,Prospecting,Instagram Ads,4,4,1,1,52.94,57.32,2025-01-23 03:16:00,2.39,Display > Email > Organic Social > Paid Social
JOURNEY-02593,CUST-02593,2025-04-26 03:35:00,2025-04-26 03:35:00,Paid Social,Paid Social,Facebook Ads,Facebook Ads,1,1,0,0,0.0,0.0,,,Paid Social
JOURNEY-02594,CUST-02594,2025-04-16 15:19:00,2025-04-18 19:40:00,Email,Paid Search,Promotional Email,Competitor Search,3,3,0,0,0.0,52.35,,,Email > Organic Search > Paid Search
JOURNEY-02595,CUST-02595,2025-01-17 08:26:00,2025-01-22 20:10:00,Paid Social,Paid Search,Facebook Ads,Brand Search,4,3,0,0,0.0,131.73,,,Paid Social > Display > Paid Social > Paid Search
JOURNEY-02596,CUST-02596,2025-02-16 00:20:00,2025-02-21 07:25:00,Organic Social,Paid Search,TikTok Organic,Brand Search,3,3,1,1,64.98,127.08,2025-02-21 07:25:00,5.3,Organic Social > Email > Paid Search
JOURNEY-02597,CUST-02597,2025-05-12 21:48:00,2025-05-20 06:07:00,Organic Search,Display,SEO Blog,Banner Campaign,4,4,0,0,0.0,176.32,,,Organic Search > Email > Direct > Display
JOURNEY-02598,CUST-02598,2025-06-10 04:39:00,2025-06-10 04:39:00,Display,Display,Retargeting,Retargeting,1,1,0,0,0.0,0.0,,,Display
JOURNEY-02599,CUST-02599,2025-03-01 23:17:00,2025-03-07 01:12:00,Paid Search,Referral,Competitor Search,Affiliate,4,3,0,0,0.0,121.92,,,Paid Search > Paid Social > Paid Search > Referral
JOURNEY-02600,CUST-02600,2025-04-15 10:32:00,2025-04-17 00:56:00,Email,Referral,Promotional Email,Customer Referral,2,2,0,0,0.0,38.4,,,Email > Referral
JOURNEY-02601,CUST-02601,2025-06-26 08:13:00,2025-07-02 02:00:00,Email,Paid Search,Promotional Email,Competitor Search,4,3,0,0,0.0,137.78,,,Email > Paid Search > Paid Social > Paid Search
JOURNEY-02602,CUST-02602,2025-02-03 04:10:00,2025-02-06 15:28:00,Direct,Organic Social,Direct Visit,TikTok Organic,3,3,0,0,0.0,83.3,,,Direct > Paid Search > Organic Social
JOURNEY-02603,CUST-02603,2025-01-13 20:27:00,2025-01-16 15:38:00,Email,Paid Social,Promotional Email,Facebook Ads,3,3,0,0,0.0,67.18,,,Email > Organic Social > Paid Social
JOURNEY-02604,CUST-02604,2025-05-08 04:43:00,2025-05-08 10:02:00,Direct,Organic Social,Direct Visit,TikTok Organic,2,2,0,0,0.0,5.32,,,Direct > Organic Social
JOURNEY-02605,CUST-02605,2025-04-05 02:37:00,2025-04-09 17:35:00,Organic Search,Email,Product Pages,Welcome Series,4,3,1,1,230.3,110.97,2025-04-09 17:35:00,4.62,Organic Search > Organic Search > Paid Search > Email
JOURNEY-02606,CUST-02606,2025-05-11 05:52:00,2025-05-16 03:20:00,Email,Organic Search,Newsletter,Product Pages,4,4,1,1,143.07,117.47,2025-05-16 03:20:00,4.89,Email > Paid Search > Direct > Organic Search
JOURNEY-02607,CUST-02607,2025-06-02 20:18:00,2025-06-09 22:37:00,Organic Social,Paid Social,LinkedIn Organic,Instagram Ads,4,4,1,1,131.74,170.32,2025-06-09 22:37:00,7.1,Organic Social > Paid Search > Direct > Paid Social
JOURNEY-02608,CUST-02608,2025-05-06 01:12:00,2025-05-12 01:07:00,Email,Display,Welcome Series,Banner Campaign,3,3,0,0,0.0,143.92,,,Email > Organic Search > Display
JOURNEY-02609,CUST-02609,2025-06-04 21:00:00,2025-06-10 20:24:00,Paid Social,Paid Search,LinkedIn Ads,Brand Search,5,5,0,0,0.0,143.4,,,Paid Social > Organic Social > Organic Search > Display > Paid Search
JOURNEY-02610,CUST-02610,2025-02-24 15:26:00,2025-02-26 17:52:00,Paid Search,Organic Search,Brand Search,SEO Blog,3,3,0,0,0.0,50.43,,,Paid Search > Paid Social > Organic Search
JOURNEY-02611,CUST-02611,2025-04-30 18:59:00,2025-05-05 11:20:00,Organic Search,Paid Search,SEO Blog,Product Search,3,3,0,0,0.0,112.35,,,Organic Search > Paid Social > Paid Search
JOURNEY-02612,CUST-02612,2025-06-11 00:44:00,2025-06-21 06:13:00,Paid Social,Organic Social,Instagram Ads,TikTok Organic,5,4,0,0,0.0,245.48,,,Paid Social > Email > Display > Email > Organic Social
JOURNEY-02613,CUST-02613,2025-03-03 09:58:00,2025-03-06 07:54:00,Paid Search,Paid Social,Product Search,Instagram Ads,3,2,0,0,0.0,69.93,,,Paid Search > Paid Social > Paid Social
JOURNEY-02614,CUST-02614,2025-01-02 10:12:00,2025-01-02 20:41:00,Email,Paid Search,Newsletter,Brand Search,3,3,0,0,0.0,10.48,,,Email > Display > Paid Search
JOURNEY-02615,CUST-02615,2025-05-24 04:27:00,2025-05-26 04:14:00,Email,Paid Social,Newsletter,Facebook Ads,3,3,0,0,0.0,47.78,,,Email > Organic Social > Paid Social
JOURNEY-02616,CUST-02616,2025-03-01 03:20:00,2025-03-08 11:34:00,Direct,Organic Social,Direct Visit,TikTok Organic,5,4,0,0,0.0,176.23,,,Direct > Organic Search > Paid Social > Organic Search > Organic Social
JOURNEY-02617,CUST-02617,2025-04-29 22:05:00,2025-05-02 17:24:00,Display,Direct,Banner Campaign,Direct Visit,2,2,1,1,86.72,67.32,2025-05-02 17:24:00,2.8,Display > Direct
JOURNEY-02618,CUST-02618,2025-03-21 18:10:00,2025-04-01 00:26:00,Paid Search,Organic Social,Product Search,Instagram Organic,5,3,0,0,0.0,246.27,,,Paid Search > Organic Social > Paid Search > Email > Organic Social
JOURNEY-02619,CUST-02619,2025-03-20 04:25:00,2025-04-01 12:58:00,Email,Paid Social,Promotional Email,Facebook Ads,5,4,0,0,0.0,296.55,,,Email > Paid Social > Display > Organic Social > Paid Social
JOURNEY-02620,CUST-02620,2025-04-20 10:46:00,2025-04-27 11:20:00,Email,Display,Welcome Series,Banner Campaign,3,3,0,0,0.0,168.57,,,Email > Direct > Display
JOURNEY-02621,CUST-02621,2025-05-01 06:42:00,2025-05-06 14:51:00,Email,Paid Social,Newsletter,LinkedIn Ads,4,3,0,0,0.0,128.15,,,Email > Organic Search > Organic Search > Paid Social
JOURNEY-02622,CUST-02622,2025-06-02 05:13:00,2025-06-03 05:03:00,Organic Search,Paid Social,SEO Blog,Facebook Ads,2,2,0,0,0.0,23.83,,,Organic Search > Paid Social
JOURNEY-02623,CUST-02623,2025-03-09 09:36:00,2025-03-18 08:23:00,Paid Search,Paid Search,Brand Search,Product Search,4,3,0,0,0.0,214.78,,,Paid Search > Organic Search > Display > Paid Search
JOURNEY-02624,CUST-02624,2025-02-02 07:37:00,2025-02-04 04:12:00,Organic Search,Paid Search,SEO Blog,Competitor Search,3,2,0,0,0.0,44.58,,,Organic Search > Paid Search > Paid Search
JOURNEY-02625,CUST-02625,2025-03-05 02:35:00,2025-03-11 16:16:00,Display,Paid Search,Prospecting,Brand Search,3,3,0,0,0.0,157.68,,,Display > Organic Search > Paid Search
JOURNEY-02626,CUST-02626,2025-04-29 23:18:00,2025-05-09 13:48:00,Direct,Paid Social,Direct Visit,Instagram Ads,4,2,0,0,0.0,230.5,,,Direct > Paid Social > Direct > Paid Social
JOURNEY-02627,CUST-02627,2025-02-25 09:02:00,2025-02-25 09:02:00,Email,Email,Newsletter,Newsletter,1,1,0,0,0.0,0.0,,,Email
JOURNEY-02628,CUST-02628,2025-05-31 22:15:00,2025-06-07 15:29:00,Referral,Paid Social,Affiliate,Instagram Ads,6,5,0,0,0.0,161.23,,,Referral > Display > Email > Referral > Paid Search > Paid Social
JOURNEY-02629,CUST-02629,2025-02-17 16:20:00,2025-02-24 06:08:00,Organic Search,Email,Educational Content,Welcome Series,3,3,0,0,0.0,157.8,,,Organic Search > Paid Social > Email
JOURNEY-02630,CUST-02630,2025-05-21 03:11:00,2025-05-21 17:26:00,Organic Search,Display,Educational Content,Prospecting,2,2,0,0,0.0,14.25,,,Organic Search > Display
JOURNEY-02631,CUST-02631,2025-05-29 14:48:00,2025-06-01 23:58:00,Email,Paid Social,Welcome Series,LinkedIn Ads,2,2,0,0,0.0,81.17,,,Email > Paid Social
JOURNEY-02632,CUST-02632,2025-02-07 04:37:00,2025-02-11 15:53:00,Display,Organic Search,Retargeting,SEO Blog,4,4,0,0,0.0,107.27,,,Display > Paid Search > Email > Organic Search
JOURNEY-02633,CUST-02633,2025-01-09 09:03:00,2025-01-14 14:33:00,Direct,Display,Direct Visit,Prospecting,3,3,0,0,0.0,125.5,,,Direct > Paid Search > Display
JOURNEY-02634,CUST-02634,2025-05-31 12:48:00,2025-06-08 15:42:00,Paid Social,Organic Search,Instagram Ads,SEO Blog,4,4,0,0,0.0,194.9,,,Paid Social > Email > Paid Search > Organic Search
JOURNEY-02635,CUST-02635,2025-02-26 23:15:00,2025-03-03 08:55:00,Direct,Email,Direct Visit,Promotional Email,4,3,0,0,0.0,105.67,,,Direct > Email > Paid Search > Email
JOURNEY-02636,CUST-02636,2025-01-14 17:59:00,2025-01-18 13:12:00,Email,Organic Search,Newsletter,SEO Blog,2,2,0,0,0.0,91.22,,,Email > Organic Search
JOURNEY-02637,CUST-02637,2025-06-17 22:55:00,2025-06-22 06:37:00,Organic Search,Email,Product Pages,Promotional Email,3,3,0,0,0.0,103.7,,,Organic Search > Direct > Email
JOURNEY-02638,CUST-02638,2025-04-28 12:24:00,2025-05-10 06:45:00,Direct,Organic Search,Direct Visit,Educational Content,6,5,0,0,0.0,282.35,,,Direct > Referral > Direct > Paid Social > Display > Organic Search
JOURNEY-02639,CUST-02639,2025-03-18 01:13:00,2025-03-19 20:00:00,Referral,Direct,Affiliate,Direct Visit,4,4,1,1,90.49,42.78,2025-03-19 20:00:00,1.78,Referral > Paid Social > Paid Search > Direct
JOURNEY-02640,CUST-02640,2025-05-26 13:48:00,2025-06-01 02:29:00,Email,Display,Newsletter,Banner Campaign,3,3,0,0,0.0,132.68,,,Email > Referral > Display
JOURNEY-02641,CUST-02641,2025-02-18 07:31:00,2025-02-19 13:48:00,Paid Search,Paid Social,Brand Search,Facebook Ads,2,2,0,0,0.0,30.28,,,Paid Search > Paid Social
JOURNEY-02642,CUST-02642,2025-03-03 06:45:00,2025-03-03 06:45:00,Display,Display,Prospecting,Prospecting,1,1,0,0,0.0,0.0,,,Display
JOURNEY-02643,CUST-02643,2025-02-02 10:37:00,2025-02-08 04:04:00,Email,Display,Newsletter,Retargeting,6,4,0,0,0.0,137.45,,,Email > Paid Search > Direct > Email > Direct > Display
JOURNEY-02644,CUST-02644,2025-02-10 12:42:00,2025-02-18 19:37:00,Referral,Paid Search,Affiliate,Competitor Search,4,2,0,0,0.0,198.92,,,Referral > Paid Search > Referral > Paid Search
JOURNEY-02645,CUST-02645,2025-01-27 10:32:00,2025-02-05 12:37:00,Paid Search,Referral,Competitor Search,Affiliate,4,2,0,0,0.0,218.08,,,Paid Search > Referral > Paid Search > Referral
JOURNEY-02646,CUST-02646,2025-04-23 05:42:00,2025-04-30 18:32:00,Organic Search,Organic Search,Educational Content,Product Pages,4,3,0,0,0.0,180.83,,,Organic Search > Direct > Paid Social > Organic Search
JOURNEY-02647,CUST-02647,2025-06-27 08:04:00,2025-07-14 19:43:00,Organic Social,Paid Search,TikTok Organic,Competitor Search,8,6,0,0,0.0,419.65,,,Organic Social > Organic Search > Direct > Referral > Organic Social > Paid Search > Paid Social > Paid Search
JOURNEY-02648,CUST-02648,2025-02-13 12:16:00,2025-02-16 03:07:00,Paid Search,Email,Brand Search,Welcome Series,3,3,0,0,0.0,62.85,,,Paid Search > Display > Email
JOURNEY-02649,CUST-02649,2025-05-26 18:08:00,2025-06-01 06:57:00,Organic Social,Organic Social,LinkedIn Organic,LinkedIn Organic,5,4,0,0,0.0,132.82,,,Organic Social > Paid Social > Organic Search > Display > Organic Social
JOURNEY-02650,CUST-02650,2025-02-28 00:32:00,2025-03-08 14:44:00,Direct,Organic Search,Direct Visit,SEO Blog,4,4,0,0,0.0,206.2,,,Direct > Paid Social > Paid Search > Organic Search
JOURNEY-02651,CUST-02651,2025-02-07 10:29:00,2025-02-22 01:53:00,Referral,Paid Search,Affiliate,Brand Search,8,5,1,1,147.93,351.4,2025-02-22 01:53:00,14.64,Referral > Direct > Paid Social > Email > Referral > Paid Social > Paid Social > Paid Search
JOURNEY-02652,CUST-02652,2025-02-18 19:40:00,2025-02-23 20:12:00,Paid Social,Paid Search,Facebook Ads,Brand Search,4,3,0,0,0.0,120.53,,,Paid Social > Paid Social > Direct > Paid Search
JOURNEY-02653,CUST-02653,2025-02-15 17:35:00,2025-02-20 08:44:00,Paid Social,Referral,Facebook Ads,Partner Website,3,3,0,0,0.0,111.15,,,Paid Social > Direct > Referral
JOURNEY-02654,CUST-02654,2025-05-23 13:16:00,2025-05-31 17:22:00,Email,Paid Social,Promotional Email,Facebook Ads,6,4,0,0,0.0,196.1,,,Email > Paid Search > Organic Search > Paid Social > Email > Paid Social
JOURNEY-02655,CUST-02655,2025-01-03 15:14:00,2025-01-08 13:25:00,Display,Direct,Banner Campaign,Direct Visit,3,3,0,0,0.0,118.18,,,Display > Organic Search > Direct
JOURNEY-02656,CUST-02656,2025-06-29 11:05:00,2025-07-12 10:35:00,Organic Search,Organic Search,Educational Content,SEO Blog,6,5,0,0,0.0,311.5,,,Organic Search > Paid Search > Paid Social > Email > Direct > Organic Search
JOURNEY-02657,CUST-02657,2025-04-17 07:31:00,2025-04-20 01:21:00,Display,Paid Social,Prospecting,Facebook Ads,2,2,0,0,0.0,65.83,,,Display > Paid Social
JOURNEY-02658,CUST-02658,2025-01-17 05:48:00,2025-01-21 19:27:00,Organic Search,Organic Search,Product Pages,Product Pages,4,3,0,0,0.0,109.65,,,Organic Search > Paid Social > Paid Search > Organic Search
JOURNEY-02659,CUST-02659,2025-02-24 09:53:00,2025-03-04 05:28:00,Organic Search,Email,SEO Blog,Welcome Series,5,3,1,1,76.65,187.58,2025-03-04 05:28:00,7.82,Organic Search > Organic Search > Referral > Organic Search > Email
JOURNEY-02660,CUST-02660,2025-06-04 11:05:00,2025-06-04 11:05:00,Direct,Direct,Direct Visit,Direct Visit,1,1,0,0,0.0,0.0,,,Direct
JOURNEY-02661,CUST-02661,2025-03-05 05:44:00,2025-03-08 22:22:00,Paid Social,Direct,LinkedIn Ads,Direct Visit,4,4,0,0,0.0,88.63,,,Paid Social > Organic Search > Email > Direct
JOURNEY-02662,CUST-02662,2025-03-20 18:20:00,2025-03-30 01:03:00,Direct,Email,Direct Visit,Promotional Email,5,4,0,0,0.0,222.72,,,Direct > Email > Paid Social > Referral > Email
JOURNEY-02663,CUST-02663,2025-01-10 09:57:00,2025-01-15 06:24:00,Referral,Paid Social,Partner Website,Instagram Ads,5,5,0,0,0.0,116.45,,,Referral > Organic Social > Organic Search > Display > Paid Social
JOURNEY-02664,CUST-02664,2025-06-14 23:38:00,2025-06-16 00:28:00,Referral,Paid Search,Partner Website,Brand Search,3,3,0,0,0.0,24.83,,,Referral > Email > Paid Search
JOURNEY-02665,CUST-02665,2025-02-02 18:03:00,2025-02-04 07:19:00,Email,Paid Social,Welcome Series,Facebook Ads,3,3,0,0,0.0,37.27,,,Email > Display > Paid Social
JOURNEY-02666,CUST-02666,2025-06-17 18:28:00,2025-06-25 21:20:00,Paid Social,Email,LinkedIn Ads,Newsletter,5,3,0,0,0.0,194.87,,,Paid Social > Paid Social > Email > Organic Search > Email
JOURNEY-02667,CUST-02667,2025-06-01 18:06:00,2025-06-16 03:55:00,Paid Search,Direct,Competitor Search,Direct Visit,6,5,0,0,0.0,345.82,,,Paid Search > Paid Social > Referral > Paid Search > Organic Search > Direct
JOURNEY-02668,CUST-02668,2025-06-27 00:49:00,2025-06-30 04:47:00,Referral,Email,Customer Referral,Newsletter,3,3,1,1,84.73,75.97,2025-06-30 04:47:00,3.17,Referral > Direct > Email
JOURNEY-02669,CUST-02669,2025-05-01 16:03:00,2025-05-15 09:03:00,Organic Social,Referral,Instagram Organic,Partner Website,7,7,1,1,180.04,329.0,2025-05-15 09:03:00,13.71,Organic Social > Paid Social > Organic Search > Display > Direct > Paid Search > Referral
JOURNEY-02670,CUST-02670,2025-02-21 02:56:00,2025-02-27 00:04:00,Paid Search,Direct,Product Search,Direct Visit,4,4,0,0,0.0,141.13,,,Paid Search > Organic Search > Display > Direct
JOURNEY-02671,CUST-02671,2025-03-05 06:23:00,2025-03-06 16:09:00,Email,Organic Social,Promotional Email,TikTok Organic,2,2,0,0,0.0,33.77,,,Email > Organic Social
JOURNEY-02672,CUST-02672,2025-06-05 23:24:00,2025-06-17 15:57:00,Organic Social,Organic Search,LinkedIn Organic,Educational Content,5,3,0,0,0.0,280.55,,,Organic Social > Paid Search > Organic Search > Paid Search > Organic Search
JOURNEY-02673,CUST-02673,2025-05-20 10:54:00,2025-05-24 14:57:00,Display,Organic Social,Retargeting,TikTok Organic,3,3,0,0,0.0,100.05,,,Display > Paid Search > Organic Social
JOURNEY-02674,CUST-02674,2025-01-27 01:56:00,2025-02-03 22:50:00,Organic Social,Paid Search,Instagram Organic,Brand Search,4,4,0,0,0.0,188.9,,,Organic Social > Paid Social > Organic Search > Paid Search
JOURNEY-02675,CUST-02675,2025-05-16 15:47:00,2025-05-25 07:55:00,Email,Paid Social,Welcome Series,LinkedIn Ads,5,4,0,0,0.0,208.13,,,Email > Display > Email > Organic Search > Paid Social
JOURNEY-02676,CUST-02676,2025-03-23 04:30:00,2025-03-26 07:41:00,Direct,Organic Search,Direct Visit,Educational Content,2,2,0,0,0.0,75.18,,,Direct > Organic Search
JOURNEY-02677,CUST-02677,2025-04-06 12:53:00,2025-04-19 06:27:00,Email,Paid Social,Promotional Email,Instagram Ads,8,4,1,1,74.41,305.57,2025-04-19 06:27:00,12.73,Email > Organic Search > Paid Search > Paid Social > Organic Search > Paid Search > Email > Paid Social
JOURNEY-02678,CUST-02678,2025-06-15 21:18:00,2025-06-23 20:45:00,Paid Social,Display,LinkedIn Ads,Banner Campaign,6,6,1,1,122.76,191.45,2025-06-23 20:45:00,7.98,Paid Social > Organic Search > Organic Social > Email > Paid Search > Display
JOURNEY-02679,CUST-02679,2025-01-31 15:31:00,2025-02-06 09:30:00,Referral,Organic Search,Customer Referral,SEO Blog,3,3,1,1,231.75,137.98,2025-02-06 09:30:00,5.75,Referral > Paid Social > Organic Search
JOURNEY-02680,CUST-02680,2025-02-26 06:42:00,2025-03-08 04:22:00,Paid Search,Paid Social,Competitor Search,Instagram Ads,5,5,0,0,0.0,237.67,,,Paid Search > Organic Search > Email > Referral > Paid Social
JOURNEY-02681,CUST-02681,2025-05-21 14:38:00,2025-05-23 23:56:00,Paid Social,Email,Facebook Ads,Newsletter,2,2,0,0,0.0,57.3,,,Paid Social > Email
JOURNEY-02682,CUST-02682,2025-05-17 21:13:00,2025-05-20 14:35:00,Organic Social,Organic Search,LinkedIn Organic,Educational Content,2,2,1,1,356.27,65.37,2025-05-20 14:35:00,2.72,Organic Social > Organic Search
JOURNEY-02683,CUST-02683,2025-03-10 06:50:00,2025-03-17 19:05:00,Organic Search,Direct,Educational Content,Direct Visit,5,5,0,0,0.0,180.25,,,Organic Search > Paid Search > Display > Referral > Direct
JOURNEY-02684,CUST-02684,2025-03-12 10:21:00,2025-03-13 18:53:00,Display,Organic Search,Banner Campaign,SEO Blog,2,2,0,0,0.0,32.53,,,Display > Organic Search
JOURNEY-02685,CUST-02685,2025-01-09 22:33:00,2025-01-12 16:26:00,Display,Direct,Prospecting,Direct Visit,2,2,1,1,287.93,65.88,2025-01-12 16:26:00,2.75,Display > Direct
JOURNEY-02686,CUST-02686,2025-04-25 00:04:00,2025-04-27 03:55:00,Email,Paid Social,Newsletter,Facebook Ads,2,2,0,0,0.0,51.85,,,Email > Paid Social
JOURNEY-02687,CUST-02687,2025-03-11 21:22:00,2025-03-15 15:43:00,Paid Search,Referral,Brand Search,Customer Referral,3,2,0,0,0.0,90.35,,,Paid Search > Paid Search > Referral
JOURNEY-02688,CUST-02688,2025-06-15 16:23:00,2025-06-28 01:12:00,Email,Paid Search,Promotional Email,Competitor Search,5,3,0,0,0.0,296.82,,,Email > Paid Search > Email > Paid Social > Paid Search
JOURNEY-02689,CUST-02689,2025-02-03 15:05:00,2025-02-05 11:32:00,Organic Social,Direct,TikTok Organic,Direct Visit,2,2,0,0,0.0,44.45,,,Organic Social > Direct
JOURNEY-02690,CUST-02690,2025-02-10 01:08:00,2025-02-14 02:25:00,Display,Paid Social,Retargeting,LinkedIn Ads,4,4,1,1,42.77,97.28,2025-02-14 02:25:00,4.05,Display > Email > Organic Social > Paid Social
JOURNEY-02691,CUST-02691,2025-04-06 02:26:00,2025-04-13 09:39:00,Paid Search,Paid Search,Product Search,Product Search,4,3,0,0,0.0,175.22,,,Paid Search > Paid Social > Organic Search > Paid Search
JOURNEY-02692,CUST-02692,2025-05-19 20:23:00,2025-05-23 09:08:00,Display,Paid Search,Banner Campaign,Competitor Search,4,4,1,1,112.84,84.75,2025-05-23 09:08:00,3.53,Display > Organic Social > Organic Search > Paid Search
JOURNEY-02693,CUST-02693,2025-02-17 00:28:00,2025-02-18 07:51:00,Organic Search,Email,Product Pages,Newsletter,4,3,0,0,0.0,31.38,,,Organic Search > Email > Paid Search > Email
JOURNEY-02694,CUST-02694,2025-06-18 10:05:00,2025-06-18 10:05:00,Referral,Referral,Customer Referral,Customer Referral,1,1,1,1,50.29,0.0,2025-06-18 10:05:00,0.0,Referral
JOURNEY-02695,CUST-02695,2025-03-14 19:43:00,2025-03-22 07:19:00,Direct,Organic Social,Direct Visit,LinkedIn Organic,4,4,1,1,108.71,179.6,2025-03-22 07:19:00,7.48,Direct > Paid Search > Email > Organic Social
JOURNEY-02696,CUST-02696,2025-01-05 02:22:00,2025-01-10 05:15:00,Paid Social,Paid Social,Facebook Ads,LinkedIn Ads,3,2,0,0,0.0,122.88,,,Paid Social > Organic Social > Paid Social
JOURNEY-02697,CUST-02697,2025-06-28 02:44:00,2025-07-04 19:10:00,Organic Social,Direct,LinkedIn Organic,Direct Visit,4,3,0,0,0.0,160.43,,,Organic Social > Direct > Email > Direct
JOURNEY-02698,CUST-02698,2025-06-26 09:59:00,2025-07-01 23:12:00,Paid Search,Direct,Brand Search,Direct Visit,4,3,0,0,0.0,133.22,,,Paid Search > Email > Paid Search > Direct
JOURNEY-02699,CUST-02699,2025-03-21 02:01:00,2025-03-21 12:03:00,Display,Organic Search,Banner Campaign,Educational Content,2,2,0,0,0.0,10.03,,,Display > Organic Search
JOURNEY-02700,CUST-02700,2025-04-25 06:45:00,2025-05-05 00:30:00,Organic Search,Paid Social,Product Pages,LinkedIn Ads,4,4,0,0,0.0,233.75,,,Organic Search > Email > Direct > Paid Social
JOURNEY-02701,CUST-02701,2025-01-23 05:41:00,2025-01-28 16:56:00,Organic Search,Paid Search,Product Pages,Brand Search,4,4,0,0,0.0,131.25,,,Organic Search > Referral > Paid Social > Paid Search
JOURNEY-02702,CUST-02702,2025-02-08 14:08:00,2025-02-13 17:22:00,Email,Paid Social,Promotional Email,Instagram Ads,3,3,1,1,96.91,123.23,2025-02-13 17:22:00,5.13,Email > Organic Search > Paid Social
JOURNEY-02703,CUST-02703,2025-03-11 13:15:00,2025-03-17 07:47:00,Paid Search,Organic Search,Brand Search,Educational Content,4,3,0,0,0.0,138.53,,,Paid Search > Display > Paid Search > Organic Search
JOURNEY-02704,CUST-02704,2025-05-02 05:57:00,2025-05-11 18:01:00,Referral,Organic Search,Partner Website,Educational Content,6,5,0,0,0.0,228.07,,,Referral > Organic Search > Display > Paid Search > Direct > Organic Search
JOURNEY-02705,CUST-02705,2025-04-14 04:46:00,2025-04-19 08:36:00,Paid Search,Email,Competitor Search,Welcome Series,3,3,1,1,148.61,123.83,2025-04-19 08:36:00,5.16,Paid Search > Organic Social > Email
JOURNEY-02706,CUST-02706,2025-06-01 10:20:00,2025-06-06 20:23:00,Organic Social,Email,Instagram Organic,Newsletter,3,3,0,0,0.0,130.05,,,Organic Social > Direct > Email
JOURNEY-02707,CUST-02707,2025-05-30 18:30:00,2025-06-11 02:10:00,Organic Search,Organic Search,Educational Content,Educational Content,5,4,1,1,75.14,271.67,2025-06-11 02:10:00,11.32,Organic Search > Paid Search > Direct > Paid Social > Organic Search
JOURNEY-02708,CUST-02708,2025-03-28 08:53:00,2025-04-05 03:17:00,Organic Search,Email,SEO Blog,Newsletter,4,4,0,0,0.0,186.4,,,Organic Search > Referral > Paid Social > Email
JOURNEY-02709,CUST-02709,2025-02-21 06:12:00,2025-02-22 07:45:00,Organic Social,Paid Social,TikTok Organic,Facebook Ads,3,3,1,1,73.3,25.55,2025-02-22 07:45:00,1.06,Organic Social > Paid Search > Paid Social
JOURNEY-02710,CUST-02710,2025-06-06 22:10:00,2025-06-11 08:41:00,Display,Referral,Prospecting,Affiliate,3,3,0,0,0.0,106.52,,,Display > Paid Social > Referral
JOURNEY-02711,CUST-02711,2025-02-18 07:18:00,2025-02-25 15:40:00,Paid Search,Display,Brand Search,Prospecting,4,3,0,0,0.0,176.37,,,Paid Search > Direct > Direct > Display
JOURNEY-02712,CUST-02712,2025-06-04 02:32:00,2025-06-10 14:27:00,Paid Social,Paid Social,LinkedIn Ads,Facebook Ads,5,3,0,0,0.0,155.92,,,Paid Social > Paid Search > Email > Paid Search > Paid Social
JOURNEY-02713,CUST-02713,2025-04-30 04:54:00,2025-05-08 02:04:00,Paid Search,Email,Brand Search,Newsletter,4,4,1,1,104.8,189.17,2025-05-08 02:04:00,7.88,Paid Search > Organic Search > Organic Social > Email
JOURNEY-02714,CUST-02714,2025-02-02 04:59:00,2025-02-03 06:03:00,Referral,Referral,Customer Referral,Partner Website,4,3,0,0,0.0,25.07,,,Referral > Organic Social > Organic Search > Referral
JOURNEY-02715,CUST-02715,2025-05-28 05:35:00,2025-05-28 05:35:00,Paid Social,Paid Social,Facebook Ads,Facebook Ads,1,1,0,0,0.0,0.0,,,Paid Social
JOURNEY-02716,CUST-02716,2025-06-25 18:25:00,2025-06-29 03:39:00,Email,Organic Search,Newsletter,Educational Content,3,2,0,0,0.0,81.23,,,Email > Organic Search > Organic Search
JOURNEY-02717,CUST-02717,2025-06-25 17:21:00,2025-07-01 01:32:00,Paid Search,Organic Search,Competitor Search,Educational Content,3,3,0,0,0.0,128.18,,,Paid Search > Referral > Organic Search
JOURNEY-02718,CUST-02718,2025-03-24 02:48:00,2025-03-24 02:48:00,Organic Search,Organic Search,Educational Content,Educational Content,1,1,0,0,0.0,0.0,,,Organic Search
JOURNEY-02719,CUST-02719,2025-01-21 02:31:00,2025-01-24 10:19:00,Organic Search,Organic Search,Educational Content,SEO Blog,3,2,0,0,0.0,79.8,,,Organic Search > Paid Search > Organic Search
JOURNEY-02720,CUST-02720,2025-02-21 20:58:00,2025-02-26 07:03:00,Organic Search,Email,SEO Blog,Promotional Email,4,3,0,0,0.0,106.08,,,Organic Search > Referral > Organic Search > Email
JOURNEY-02721,CUST-02721,2025-01-25 20:06:00,2025-01-29 13:06:00,Email,Display,Newsletter,Banner Campaign,3,3,1,1,110.38,89.0,2025-01-29 13:06:00,3.71,Email > Paid Search > Display
JOURNEY-02722,CUST-02722,2025-01-26 11:18:00,2025-01-30 07:15:00,Email,Direct,Welcome Series,Direct Visit,2,2,0,0,0.0,91.95,,,Email > Direct
JOURNEY-02723,CUST-02723,2025-04-25 07:31:00,2025-05-03 23:07:00,Paid Search,Email,Product Search,Welcome Series,6,4,1,1,117.16,207.6,2025-05-03 23:07:00,8.65,Paid Search > Organic Social > Display > Email > Organic Social > Email
JOURNEY-02724,CUST-02724,2025-06-18 15:33:00,2025-06-26 02:20:00,Paid Social,Organic Social,Facebook Ads,TikTok Organic,6,4,1,1,141.36,178.78,2025-06-26 02:20:00,7.45,Paid Social > Email > Organic Social > Paid Social > Display > Organic Social
JOURNEY-02725,CUST-02725,2025-05-12 06:53:00,2025-05-16 22:33:00,Organic Social,Organic Search,TikTok Organic,SEO Blog,4,4,0,0,0.0,111.67,,,Organic Social > Email > Direct > Organic Search
JOURNEY-02726,CUST-02726,2025-04-03 14:08:00,2025-04-07 13:51:00,Paid Search,Paid Search,Competitor Search,Brand Search,3,2,1,1,66.42,95.72,2025-04-07 13:51:00,3.99,Paid Search > Display > Paid Search
JOURNEY-02727,CUST-02727,2025-04-05 18:54:00,2025-04-14 18:39:00,Direct,Organic Social,Direct Visit,LinkedIn Organic,4,4,0,0,0.0,215.75,,,Direct > Paid Search > Organic Search > Organic Social
JOURNEY-02728,CUST-02728,2025-06-27 18:29:00,2025-06-27 18:29:00,Organic Search,Organic Search,Product Pages,Product Pages,1,1,0,0,0.0,0.0,,,Organic Search
JOURNEY-02729,CUST-02729,2025-02-03 09:05:00,2025-02-10 00:53:00,Organic Search,Email,SEO Blog,Welcome Series,3,3,0,0,0.0,159.8,,,Organic Search > Paid Search > Email
JOURNEY-02730,CUST-02730,2025-02-07 00:07:00,2025-02-12 03:39:00,Referral,Paid Search,Partner Website,Competitor Search,3,3,0,0,0.0,123.53,,,Referral > Email > Paid Search
JOURNEY-02731,CUST-02731,2025-01-09 12:52:00,2025-01-12 23:17:00,Display,Email,Prospecting,Promotional Email,2,2,0,0,0.0,82.42,,,Display > Email
JOURNEY-02732,CUST-02732,2025-04-18 06:58:00,2025-04-21 22:25:00,Display,Paid Search,Banner Campaign,Product Search,3,3,0,0,0.0,87.45,,,Display > Organic Social > Paid Search
JOURNEY-02733,CUST-02733,2025-01-04 15:29:00,2025-01-08 11:19:00,Organic Social,Organic Search,Instagram Organic,Product Pages,3,3,0,0,0.0,91.83,,,Organic Social > Paid Social > Organic Search
JOURNEY-02734,CUST-02734,2025-01-01 17:12:00,2025-01-01 17:12:00,Referral,Referral,Partner Website,Partner Website,1,1,0,0,0.0,0.0,,,Referral
JOURNEY-02735,CUST-02735,2025-06-28 09:31:00,2025-07-06 14:25:00,Paid Search,Paid Social,Product Search,Facebook Ads,5,5,1,1,160.7,196.9,2025-07-06 14:25:00,8.2,Paid Search > Organic Search > Email > Direct > Paid Social
JOURNEY-02736,CUST-02736,2025-05-21 11:32:00,2025-05-21 11:32:00,Paid Social,Paid Social,Facebook Ads,Facebook Ads,1,1,1,1,179.89,0.0,2025-05-21 11:32:00,0.0,Paid Social
JOURNEY-02737,CUST-02737,2025-01-28 10:53:00,2025-02-03 01:54:00,Paid Search,Paid Social,Competitor Search,LinkedIn Ads,3,3,0,0,0.0,135.02,,,Paid Search > Organic Search > Paid Social
JOURNEY-02738,CUST-02738,2025-05-02 16:51:00,2025-05-15 07:54:00,Paid Social,Organic Search,Facebook Ads,Educational Content,7,3,0,0,0.0,303.05,,,Paid Social > Paid Search > Paid Search > Organic Search > Paid Social > Paid Search > Organic Search
JOURNEY-02739,CUST-02739,2025-01-22 09:59:00,2025-01-24 10:40:00,Email,Display,Welcome Series,Retargeting,3,3,0,0,0.0,48.68,,,Email > Paid Search > Display
JOURNEY-02740,CUST-02740,2025-05-19 08:40:00,2025-05-22 22:49:00,Paid Search,Organic Search,Brand Search,SEO Blog,2,2,0,0,0.0,86.15,,,Paid Search > Organic Search
JOURNEY-02741,CUST-02741,2025-04-09 20:26:00,2025-04-14 10:46:00,Paid Social,Paid Search,Facebook Ads,Product Search,5,5,0,0,0.0,110.33,,,Paid Social > Email > Direct > Organic Search > Paid Search
JOURNEY-02742,CUST-02742,2025-05-30 10:28:00,2025-06-01 05:02:00,Email,Paid Search,Welcome Series,Product Search,3,3,1,1,66.59,42.57,2025-06-01 05:02:00,1.77,Email > Referral > Paid Search
JOURNEY-02743,CUST-02743,2025-06-19 15:50:00,2025-06-19 15:50:00,Organic Social,Organic Social,Instagram Organic,Instagram Organic,1,1,0,0,0.0,0.0,,,Organic Social
JOURNEY-02744,CUST-02744,2025-03-02 16:52:00,2025-03-06 06:05:00,Direct,Display,Direct Visit,Prospecting,2,2,0,0,0.0,85.22,,,Direct > Display
JOURNEY-02745,CUST-02745,2025-03-09 11:25:00,2025-03-12 20:25:00,Paid Social,Direct,Facebook Ads,Direct Visit,3,3,0,0,0.0,81.0,,,Paid Social > Email > Direct
JOURNEY-02746,CUST-02746,2025-06-13 08:04:00,2025-06-20 11:00:00,Organic Search,Organic Search,SEO Blog,SEO Blog,5,4,0,0,0.0,170.93,,,Organic Search > Paid Search > Display > Email > Organic Search
JOURNEY-02747,CUST-02747,2025-03-06 14:11:00,2025-03-08 18:31:00,Email,Referral,Newsletter,Affiliate,3,3,0,0,0.0,52.33,,,Email > Direct > Referral
JOURNEY-02748,CUST-02748,2025-06-16 16:17:00,2025-06-17 02:09:00,Email,Organic Search,Promotional Email,Educational Content,2,2,0,0,0.0,9.87,,,Email > Organic Search
JOURNEY-02749,CUST-02749,2025-05-09 13:57:00,2025-05-13 07:11:00,Direct,Display,Direct Visit,Banner Campaign,3,3,0,0,0.0,89.23,,,Direct > Organic Search > Display
JOURNEY-02750,CUST-02750,2025-03-24 23:35:00,2025-04-08 11:38:00,Paid Search,Organic Search,Brand Search,Product Pages,6,5,0,0,0.0,348.05,,,Paid Search > Paid Social > Organic Social > Organic Search > Email > Organic Search
JOURNEY-02751,CUST-02751,2025-06-21 04:08:00,2025-06-25 22:44:00,Paid Social,Organic Search,Instagram Ads,Product Pages,3,3,1,1,84.2,114.6,2025-06-25 22:44:00,4.78,Paid Social > Paid Search > Organic Search
JOURNEY-02752,CUST-02752,2025-02-08 16:14:00,2025-02-12 11:10:00,Email,Organic Search,Promotional Email,Educational Content,3,2,0,0,0.0,90.93,,,Email > Email > Organic Search
JOURNEY-02753,CUST-02753,2025-03-10 11:24:00,2025-03-10 11:24:00,Referral,Referral,Customer Referral,Customer Referral,1,1,0,0,0.0,0.0,,,Referral
JOURNEY-02754,CUST-02754,2025-04-17 09:35:00,2025-04-21 23:05:00,Paid Search,Paid Search,Product Search,Competitor Search,3,2,1,1,249.84,109.5,2025-04-21 23:05:00,4.56,Paid Search > Paid Social > Paid Search
JOURNEY-02755,CUST-02755,2025-05-21 08:25:00,2025-05-28 12:33:00,Paid Social,Direct,Facebook Ads,Direct Visit,5,4,0,0,0.0,172.13,,,Paid Social > Referral > Display > Paid Social > Direct
JOURNEY-02756,CUST-02756,2025-02-18 07:19:00,2025-02-22 08:51:00,Organic Search,Paid Social,Educational Content,Instagram Ads,3,3,0,0,0.0,97.53,,,Organic Search > Referral > Paid Social
JOURNEY-02757,CUST-02757,2025-06-19 19:03:00,2025-06-25 10:04:00,Direct,Organic Search,Direct Visit,Product Pages,4,3,0,0,0.0,135.02,,,Direct > Organic Search > Paid Social > Organic Search
JOURNEY-02758,CUST-02758,2025-06-27 17:15:00,2025-06-30 19:12:00,Organic Social,Paid Social,Instagram Organic,Instagram Ads,3,3,0,0,0.0,73.95,,,Organic Social > Email > Paid Social
JOURNEY-02759,CUST-02759,2025-04-19 18:42:00,2025-04-21 14:34:00,Organic Social,Paid Social,Instagram Organic,Facebook Ads,4,3,0,0,0.0,43.87,,,Organic Social > Organic Search > Paid Social > Paid Social
JOURNEY-02760,CUST-02760,2025-01-19 04:13:00,2025-01-23 10:39:00,Organic Social,Organic Search,LinkedIn Organic,Educational Content,3,3,1,1,157.37,102.43,2025-01-23 10:39:00,4.27,Organic Social > Paid Search > Organic Search
JOURNEY-02761,CUST-02761,2025-02-12 07:51:00,2025-02-17 04:57:00,Email,Organic Search,Newsletter,SEO Blog,4,3,0,0,0.0,117.1,,,Email > Organic Search > Paid Search > Organic Search
JOURNEY-02762,CUST-02762,2025-04-09 12:53:00,2025-04-14 23:32:00,Paid Social,Direct,Facebook Ads,Direct Visit,4,4,1,1,343.91,130.65,2025-04-14 23:32:00,5.44,Paid Social > Paid Search > Organic Search > Direct
JOURNEY-02763,CUST-02763,2025-05-27 23:32:00,2025-06-09 06:27:00,Email,Organic Social,Newsletter,Instagram Organic,6,5,0,0,0.0,294.92,,,Email > Organic Search > Referral > Email > Direct > Organic Social
JOURNEY-02764,CUST-02764,2025-03-27 14:32:00,2025-04-02 09:06:00,Email,Paid Social,Newsletter,Facebook Ads,4,4,1,1,314.03,138.57,2025-04-02 09:06:00,5.77,Email > Display > Organic Social > Paid Social
JOURNEY-02765,CUST-02765,2025-02-02 08:28:00,2025-02-05 22:46:00,Organic Social,Paid Social,LinkedIn Organic,Instagram Ads,3,3,0,0,0.0,86.3,,,Organic Social > Organic Search > Paid Social
JOURNEY-02766,CUST-02766,2025-01-17 22:58:00,2025-01-21 16:18:00,Organic Social,Email,Instagram Organic,Promotional Email,3,3,1,1,171.45,89.33,2025-01-21 16:18:00,3.72,Organic Social > Organic Search > Email
JOURNEY-02767,CUST-02767,2025-06-28 09:55:00,2025-07-05 07:59:00,Organic Search,Referral,Educational Content,Partner Website,3,3,0,0,0.0,166.07,,,Organic Search > Display > Referral
JOURNEY-02768,CUST-02768,2025-06-25 17:59:00,2025-06-29 00:08:00,Organic Search,Organic Social,Educational Content,LinkedIn Organic,4,3,0,0,0.0,78.15,,,Organic Search > Organic Social > Paid Search > Organic Social
JOURNEY-02769,CUST-02769,2025-03-07 19:00:00,2025-03-16 21:40:00,Email,Paid Social,Newsletter,LinkedIn Ads,6,5,0,0,0.0,218.67,,,Email > Organic Search > Paid Search > Referral > Paid Search > Paid Social
JOURNEY-02770,CUST-02770,2025-01-13 17:55:00,2025-01-20 01:42:00,Email,Paid Search,Welcome Series,Product Search,4,3,0,0,0.0,151.78,,,Email > Paid Search > Organic Social > Paid Search
JOURNEY-02771,CUST-02771,2025-01-15 05:57:00,2025-01-21 06:40:00,Organic Social,Paid Social,LinkedIn Organic,Instagram Ads,5,5,0,0,0.0,144.72,,,Organic Social > Email > Paid Search > Direct > Paid Social
JOURNEY-02772,CUST-02772,2025-04-15 02:58:00,2025-04-20 15:21:00,Email,Direct,Promotional Email,Direct Visit,4,4,0,0,0.0,132.38,,,Email > Paid Social > Organic Social > Direct
JOURNEY-02773,CUST-02773,2025-03-30 16:38:00,2025-04-04 19:43:00,Direct,Referral,Direct Visit,Affiliate,3,3,1,1,79.46,123.08,2025-04-04 19:43:00,5.13,Direct > Organic Search > Referral
JOURNEY-02774,CUST-02774,2025-04-25 11:11:00,2025-04-28 02:40:00,Direct,Display,Direct Visit,Retargeting,2,2,0,0,0.0,63.48,,,Direct > Display
JOURNEY-02775,CUST-02775,2025-04-02 14:30:00,2025-04-07 11:23:00,Paid Search,Organic Social,Product Search,LinkedIn Organic,3,3,0,0,0.0,116.88,,,Paid Search > Paid Social > Organic Social
JOURNEY-02776,CUST-02776,2025-02-18 14:44:00,2025-02-27 10:25:00,Organic Search,Paid Social,SEO Blog,Instagram Ads,6,5,1,1,112.17,211.68,2025-02-27 10:25:00,8.82,Organic Search > Email > Organic Social > Direct > Direct > Paid Social
JOURNEY-02777,CUST-02777,2025-02-17 23:21:00,2025-02-20 19:42:00,Organic Social,Organic Search,Instagram Organic,Product Pages,2,2,0,0,0.0,68.35,,,Organic Social > Organic Search
JOURNEY-02778,CUST-02778,2025-01-24 22:58:00,2025-02-06 05:11:00,Organic Search,Direct,SEO Blog,Direct Visit,8,6,0,0,0.0,294.22,,,Organic Search > Paid Search > Referral > Paid Social > Display > Paid Social > Paid Social > Direct
JOURNEY-02779,CUST-02779,2025-04-24 18:55:00,2025-04-30 22:13:00,Display,Paid Search,Prospecting,Product Search,3,3,0,0,0.0,147.3,,,Display > Paid Social > Paid Search
JOURNEY-02780,CUST-02780,2025-02-04 12:18:00,2025-02-12 18:19:00,Organic Search,Direct,Educational Content,Direct Visit,5,4,0,0,0.0,198.02,,,Organic Search > Paid Social > Direct > Display > Direct
JOURNEY-02781,CUST-02781,2025-05-11 22:00:00,2025-05-28 09:09:00,Email,Paid Search,Welcome Series,Brand Search,7,5,0,0,0.0,395.15,,,Email > Referral > Organic Search > Display > Organic Search > Paid Search > Paid Search
JOURNEY-02782,CUST-02782,2025-02-20 07:41:00,2025-02-28 18:47:00,Display,Referral,Prospecting,Affiliate,5,5,0,0,0.0,203.1,,,Display > Organic Social > Paid Social > Organic Search > Referral
JOURNEY-02783,CUST-02783,2025-05-19 13:27:00,2025-05-26 23:58:00,Email,Referral,Newsletter,Partner Website,4,4,1,1,144.69,178.52,2025-05-26 23:58:00,7.44,Email > Direct > Paid Social > Referral
JOURNEY-02784,CUST-02784,2025-05-30 22:17:00,2025-06-04 16:54:00,Referral,Organic Search,Customer Referral,SEO Blog,4,4,0,0,0.0,114.62,,,Referral > Paid Search > Direct > Organic Search
JOURNEY-02785,CUST-02785,2025-05-23 20:21:00,2025-06-01 18:57:00,Direct,Organic Search,Direct Visit,SEO Blog,6,3,1,1,50.42,214.6,2025-06-01 18:57:00,8.94,Direct > Organic Search > Referral > Direct > Organic Search > Organic Search
JOURNEY-02786,CUST-02786,2025-02-08 20:26:00,2025-02-20 22:54:00,Display,Paid Social,Prospecting,Instagram Ads,6,6,0,0,0.0,290.47,,,Display > Organic Social > Paid Search > Referral > Organic Search > Paid Social
JOURNEY-02787,CUST-02787,2025-05-11 04:51:00,2025-05-15 19:08:00,Paid Social,Paid Social,Instagram Ads,LinkedIn Ads,4,2,0,0,0.0,110.28,,,Paid Social > Display > Paid Social > Paid Social
JOURNEY-02788,CUST-02788,2025-04-15 07:32:00,2025-04-18 03:53:00,Paid Search,Email,Product Search,Welcome Series,3,3,0,0,0.0,68.35,,,Paid Search > Organic Social > Email
JOURNEY-02789,CUST-02789,2025-02-13 08:37:00,2025-02-14 12:22:00,Organic Search,Display,Educational Content,Prospecting,2,2,0,0,0.0,27.75,,,Organic Search > Display
JOURNEY-02790,CUST-02790,2025-01-29 19:32:00,2025-02-01 20:23:00,Paid Search,Paid Social,Product Search,Instagram Ads,2,2,0,0,0.0,72.85,,,Paid Search > Paid Social
JOURNEY-02791,CUST-02791,2025-05-17 14:30:00,2025-05-26 21:00:00,Display,Organic Social,Retargeting,Instagram Organic,5,4,0,0,0.0,222.5,,,Display > Paid Search > Referral > Display > Organic Social
JOURNEY-02792,CUST-02792,2025-06-03 09:04:00,2025-06-12 21:33:00,Paid Social,Organic Social,Facebook Ads,LinkedIn Organic,6,4,1,1,99.11,228.48,2025-06-12 21:33:00,9.52,Paid Social > Direct > Direct > Paid Social > Display > Organic Social
JOURNEY-02793,CUST-02793,2025-02-04 23:56:00,2025-02-13 12:13:00,Organic Search,Paid Social,Product Pages,Facebook Ads,4,4,1,1,60.07,204.28,2025-02-13 12:13:00,8.51,Organic Search > Display > Email > Paid Social
JOURNEY-02794,CUST-02794,2025-04-19 17:13:00,2025-04-23 10:18:00,Direct,Paid Social,Direct Visit,Instagram Ads,3,3,1,1,79.45,89.08,2025-04-23 10:18:00,3.71,Direct > Email > Paid Social
JOURNEY-02795,CUST-02795,2025-04-16 11:33:00,2025-04-19 01:25:00,Organic Social,Paid Search,TikTok Organic,Brand Search,4,3,1,1,211.16,61.87,2025-04-19 01:25:00,2.58,Organic Social > Direct > Paid Search > Paid Search
JOURNEY-02796,CUST-02796,2025-03-03 21:03:00,2025-03-08 02:49:00,Organic Search,Paid Social,SEO Blog,LinkedIn Ads,3,3,0,0,0.0,101.77,,,Organic Search > Organic Social > Paid Social
JOURNEY-02797,CUST-02797,2025-06-19 15:27:00,2025-06-24 15:19:00,Direct,Organic Social,Direct Visit,Instagram Organic,3,3,0,0,0.0,119.87,,,Direct > Paid Search > Organic Social
JOURNEY-02798,CUST-02798,2025-02-04 19:49:00,2025-02-16 16:09:00,Paid Search,Organic Search,Product Search,Educational Content,5,4,0,0,0.0,284.33,,,Paid Search > Paid Search > Email > Paid Social > Organic Search
JOURNEY-02799,CUST-02799,2025-04-09 03:25:00,2025-04-13 01:14:00,Email,Organic Search,Promotional Email,Product Pages,2,2,0,0,0.0,93.82,,,Email > Organic Search
JOURNEY-02800,CUST-02800,2025-04-13 15:29:00,2025-04-17 20:08:00,Referral,Paid Search,Partner Website,Competitor Search,3,2,0,0,0.0,100.65,,,Referral > Paid Search > Paid Search
JOURNEY-02801,CUST-02801,2025-06-17 23:52:00,2025-06-21 22:37:00,Organic Search,Email,SEO Blog,Newsletter,5,4,1,1,142.13,94.75,2025-06-21 22:37:00,3.95,Organic Search > Paid Search > Email > Organic Social > Email
JOURNEY-02802,CUST-02802,2025-05-24 06:46:00,2025-05-29 02:54:00,Direct,Referral,Direct Visit,Affiliate,3,3,0,0,0.0,116.13,,,Direct > Organic Search > Referral
JOURNEY-02803,CUST-02803,2025-05-23 22:30:00,2025-05-23 22:30:00,Email,Email,Welcome Series,Welcome Series,1,1,0,0,0.0,0.0,,,Email
JOURNEY-02804,CUST-02804,2025-01-01 21:41:00,2025-01-10 10:14:00,Organic Social,Display,TikTok Organic,Retargeting,4,4,1,1,119.9,204.55,2025-01-10 10:14:00,8.52,Organic Social > Email > Paid Social > Display
JOURNEY-02805,CUST-02805,2025-06-20 19:04:00,2025-06-21 06:05:00,Paid Social,Email,Instagram Ads,Promotional Email,2,2,0,0,0.0,11.02,,,Paid Social > Email
JOURNEY-02806,CUST-02806,2025-01-28 10:04:00,2025-02-09 15:29:00,Display,Organic Social,Prospecting,LinkedIn Organic,6,4,1,1,86.0,293.42,2025-02-09 15:29:00,12.23,Display > Paid Search > Organic Search > Paid Search > Organic Search > Organic Social
JOURNEY-02807,CUST-02807,2025-04-24 20:27:00,2025-05-03 18:44:00,Paid Search,Paid Search,Brand Search,Brand Search,5,3,0,0,0.0,214.28,,,Paid Search > Paid Social > Paid Search > Organic Search > Paid Search
JOURNEY-02808,CUST-02808,2025-01-30 15:04:00,2025-02-07 14:16:00,Direct,Email,Direct Visit,Promotional Email,4,4,1,1,81.12,191.2,2025-02-07 14:16:00,7.97,Direct > Organic Social > Paid Search > Email
JOURNEY-02809,CUST-02809,2025-06-16 16:22:00,2025-06-26 20:32:00,Paid Social,Direct,LinkedIn Ads,Direct Visit,4,3,0,0,0.0,244.17,,,Paid Social > Email > Email > Direct
JOURNEY-02810,CUST-02810,2025-03-28 22:40:00,2025-04-04 11:19:00,Display,Referral,Retargeting,Customer Referral,4,3,0,0,0.0,156.65,,,Display > Paid Search > Display > Referral
JOURNEY-02811,CUST-02811,2025-05-30 21:57:00,2025-06-09 01:56:00,Direct,Email,Direct Visit,Newsletter,5,3,1,1,54.99,219.98,2025-06-09 01:56:00,9.17,Direct > Organic Social > Email > Direct > Email
JOURNEY-02812,CUST-02812,2025-03-08 00:13:00,2025-03-13 08:18:00,Email,Referral,Promotional Email,Affiliate,4,3,0,0,0.0,128.08,,,Email > Display > Display > Referral
JOURNEY-02813,CUST-02813,2025-02-14 14:01:00,2025-02-17 05:29:00,Paid Social,Direct,LinkedIn Ads,Direct Visit,3,3,0,0,0.0,63.47,,,Paid Social > Referral > Direct
JOURNEY-02814,CUST-02814,2025-06-22 12:08:00,2025-06-22 12:08:00,Paid Social,Paid Social,Facebook Ads,Facebook Ads,1,1,0,0,0.0,0.0,,,Paid Social
JOURNEY-02815,CUST-02815,2025-01-16 06:07:00,2025-01-16 11:14:00,Paid Search,Organic Social,Brand Search,LinkedIn Organic,2,2,0,0,0.0,5.12,,,Paid Search > Organic Social
JOURNEY-02816,CUST-02816,2025-03-17 04:52:00,2025-03-20 10:32:00,Organic Search,Direct,Educational Content,Direct Visit,4,3,0,0,0.0,77.67,,,Organic Search > Organic Search > Paid Search > Direct
JOURNEY-02817,CUST-02817,2025-02-12 07:29:00,2025-02-12 07:29:00,Organic Search,Organic Search,Educational Content,Educational Content,1,1,0,0,0.0,0.0,,,Organic Search
JOURNEY-02818,CUST-02818,2025-01-26 17:28:00,2025-01-28 16:47:00,Direct,Paid Search,Direct Visit,Brand Search,3,3,1,1,119.84,47.32,2025-01-28 16:47:00,1.97,Direct > Paid Social > Paid Search
JOURNEY-02819,CUST-02819,2025-06-25 12:03:00,2025-06-26 08:58:00,Paid Search,Direct,Product Search,Direct Visit,2,2,0,0,0.0,20.92,,,Paid Search > Direct
JOURNEY-02820,CUST-02820,2025-01-14 07:08:00,2025-01-18 09:26:00,Direct,Paid Social,Direct Visit,Facebook Ads,3,3,0,0,0.0,98.3,,,Direct > Referral > Paid Social
JOURNEY-02821,CUST-02821,2025-01-29 09:58:00,2025-02-10 09:26:00,Organic Social,Paid Social,LinkedIn Organic,Instagram Ads,6,4,1,1,89.7,287.47,2025-02-10 09:26:00,11.98,Organic Social > Referral > Paid Social > Direct > Referral > Paid Social
JOURNEY-02822,CUST-02822,2025-03-15 20:17:00,2025-03-18 12:10:00,Paid Social,Referral,LinkedIn Ads,Affiliate,4,4,1,1,532.94,63.88,2025-03-18 12:10:00,2.66,Paid Social > Direct > Paid Search > Referral
JOURNEY-02823,CUST-02823,2025-06-15 05:45:00,2025-06-22 18:15:00,Paid Social,Paid Social,LinkedIn Ads,Instagram Ads,4,3,0,0,0.0,180.5,,,Paid Social > Email > Paid Search > Paid Social
JOURNEY-02824,CUST-02824,2025-02-14 15:48:00,2025-02-28 06:41:00,Organic Social,Direct,LinkedIn Organic,Direct Visit,5,5,0,0,0.0,326.88,,,Organic Social > Referral > Email > Organic Search > Direct
JOURNEY-02825,CUST-02825,2025-03-02 10:59:00,2025-03-10 09:58:00,Paid Search,Paid Search,Product Search,Brand Search,7,5,0,0,0.0,190.98,,,Paid Search > Referral > Paid Social > Email > Paid Social > Display > Paid Search
JOURNEY-02826,CUST-02826,2025-03-04 23:10:00,2025-03-13 08:00:00,Organic Search,Organic Search,SEO Blog,Product Pages,4,3,0,0,0.0,200.83,,,Organic Search > Direct > Paid Social > Organic Search
JOURNEY-02827,CUST-02827,2025-03-05 05:54:00,2025-03-15 14:42:00,Referral,Paid Social,Partner Website,LinkedIn Ads,5,5,0,0,0.0,248.8,,,Referral > Organic Search > Direct > Paid Search > Paid Social
JOURNEY-02828,CUST-02828,2025-03-18 02:54:00,2025-03-21 02:20:00,Email,Organic Social,Welcome Series,LinkedIn Organic,2,2,0,0,0.0,71.43,,,Email > Organic Social
JOURNEY-02829,CUST-02829,2025-01-22 00:41:00,2025-01-23 14:25:00,Email,Paid Social,Newsletter,Instagram Ads,2,2,0,0,0.0,37.73,,,Email > Paid Social
JOURNEY-02830,CUST-02830,2025-05-02 15:01:00,2025-05-06 05:20:00,Paid Social,Organic Social,Facebook Ads,TikTok Organic,3,3,0,0,0.0,86.32,,,Paid Social > Organic Search > Organic Social
JOURNEY-02831,CUST-02831,2025-04-18 09:27:00,2025-04-28 09:34:00,Organic Search,Paid Social,Product Pages,LinkedIn Ads,5,5,0,0,0.0,240.12,,,Organic Search > Direct > Paid Search > Email > Paid Social
JOURNEY-02832,CUST-02832,2025-06-26 15:44:00,2025-07-01 16:04:00,Email,Paid Search,Newsletter,Competitor Search,3,3,0,0,0.0,120.33,,,Email > Direct > Paid Search
JOURNEY-02833,CUST-02833,2025-04-08 07:09:00,2025-04-15 02:53:00,Email,Paid Search,Welcome Series,Brand Search,3,3,0,0,0.0,163.73,,,Email > Paid Social > Paid Search
JOURNEY-02834,CUST-02834,2025-06-15 23:14:00,2025-06-21 07:13:00,Display,Referral,Prospecting,Affiliate,3,3,0,0,0.0,127.98,,,Display > Organic Search > Referral
JOURNEY-02835,CUST-02835,2025-05-12 16:01:00,2025-05-16 07:37:00,Referral,Organic Social,Customer Referral,TikTok Organic,4,3,0,0,0.0,87.6,,,Referral > Referral > Organic Search > Organic Social
JOURNEY-02836,CUST-02836,2025-02-25 11:45:00,2025-03-02 09:26:00,Paid Search,Email,Product Search,Welcome Series,5,5,0,0,0.0,117.68,,,Paid Search > Direct > Organic Search > Referral > Email
JOURNEY-02837,CUST-02837,2025-02-28 20:50:00,2025-03-06 13:26:00,Email,Email,Newsletter,Welcome Series,7,3,1,1,29.52,136.6,2025-03-06 13:26:00,5.69,Email > Organic Search > Email > Organic Search > Email > Referral > Email
JOURNEY-02838,CUST-02838,2025-05-23 21:35:00,2025-05-28 20:43:00,Email,Paid Search,Welcome Series,Product Search,4,3,0,0,0.0,119.13,,,Email > Paid Search > Referral > Paid Search
JOURNEY-02839,CUST-02839,2025-04-29 16:26:00,2025-05-07 17:29:00,Paid Social,Organic Search,Facebook Ads,Educational Content,5,5,1,1,71.52,193.05,2025-05-07 17:29:00,8.04,Paid Social > Paid Search > Display > Referral > Organic Search
JOURNEY-02840,CUST-02840,2025-03-25 00:08:00,2025-03-31 23:15:00,Paid Search,Organic Search,Competitor Search,Product Pages,5,4,0,0,0.0,167.12,,,Paid Search > Direct > Display > Paid Search > Organic Search
JOURNEY-02841,CUST-02841,2025-06-05 01:39:00,2025-06-10 05:24:00,Email,Email,Welcome Series,Welcome Series,6,4,0,0,0.0,123.75,,,Email > Paid Social > Paid Search > Email > Organic Search > Email
JOURNEY-02842,CUST-02842,2025-03-07 08:51:00,2025-03-17 19:42:00,Organic Search,Direct,SEO Blog,Direct Visit,5,5,1,1,248.5,250.85,2025-03-17 19:42:00,10.45,Organic Search > Paid Social > Paid Search > Referral > Direct
JOURNEY-02843,CUST-02843,2025-01-20 06:07:00,2025-01-22 00:31:00,Display,Paid Search,Banner Campaign,Brand Search,3,3,0,0,0.0,42.4,,,Display > Organic Search > Paid Search
JOURNEY-02844,CUST-02844,2025-06-03 19:36:00,2025-06-09 18:37:00,Paid Search,Display,Product Search,Banner Campaign,5,4,0,0,0.0,143.02,,,Paid Search > Email > Direct > Email > Display
JOURNEY-02845,CUST-02845,2025-04-15 09:50:00,2025-04-15 16:23:00,Paid Search,Referral,Product Search,Partner Website,2,2,0,0,0.0,6.55,,,Paid Search > Referral
JOURNEY-02846,CUST-02846,2025-03-19 15:42:00,2025-03-27 02:23:00,Organic Social,Organic Search,Instagram Organic,Product Pages,4,4,0,0,0.0,178.68,,,Organic Social > Paid Search > Paid Social > Organic Search
JOURNEY-02847,CUST-02847,2025-06-05 00:58:00,2025-06-09 16:19:00,Email,Email,Promotional Email,Newsletter,5,4,0,0,0.0,111.35,,,Email > Paid Social > Paid Search > Direct > Email
JOURNEY-02848,CUST-02848,2025-06-23 19:54:00,2025-06-25 17:18:00,Email,Paid Search,Welcome Series,Product Search,4,3,0,0,0.0,45.4,,,Email > Paid Search > Organic Search > Paid Search
JOURNEY-02849,CUST-02849,2025-05-23 04:55:00,2025-05-30 07:56:00,Organic Search,Organic Social,Educational Content,LinkedIn Organic,3,3,0,0,0.0,171.02,,,Organic Search > Direct > Organic Social
JOURNEY-02850,CUST-02850,2025-06-26 20:23:00,2025-07-10 22:15:00,Referral,Display,Partner Website,Retargeting,8,7,1,1,214.5,337.87,2025-07-10 22:15:00,14.08,Referral > Paid Search > Organic Social > Organic Search > Email > Paid Search > Direct > Display
JOURNEY-02851,CUST-02851,2025-01-19 09:38:00,2025-01-20 07:54:00,Organic Search,Paid Search,SEO Blog,Brand Search,2,2,1,1,62.17,22.27,2025-01-20 07:54:00,0.93,Organic Search > Paid Search
JOURNEY-02852,CUST-02852,2025-02-26 13:06:00,2025-02-26 13:06:00,Email,Email,Newsletter,Newsletter,1,1,0,0,0.0,0.0,,,Email
JOURNEY-02853,CUST-02853,2025-03-31 09:04:00,2025-03-31 09:04:00,Direct,Direct,Direct Visit,Direct Visit,1,1,0,0,0.0,0.0,,,Direct
JOURNEY-02854,CUST-02854,2025-03-14 15:44:00,2025-03-15 01:23:00,Display,Paid Search,Retargeting,Brand Search,2,2,0,0,0.0,9.65,,,Display > Paid Search
JOURNEY-02855,CUST-02855,2025-04-20 03:45:00,2025-04-26 19:00:00,Organic Social,Paid Social,LinkedIn Organic,Instagram Ads,4,4,0,0,0.0,159.25,,,Organic Social > Organic Search > Paid Search > Paid Social
JOURNEY-02856,CUST-02856,2025-04-14 05:31:00,2025-04-22 13:07:00,Paid Social,Direct,Instagram Ads,Direct Visit,4,4,1,1,111.64,199.6,2025-04-22 13:07:00,8.32,Paid Social > Organic Social > Paid Search > Direct
JOURNEY-02857,CUST-02857,2025-06-24 16:44:00,2025-06-28 10:28:00,Paid Search,Email,Competitor Search,Welcome Series,4,4,0,0,0.0,89.73,,,Paid Search > Paid Social > Direct > Email
JOURNEY-02858,CUST-02858,2025-05-14 09:12:00,2025-05-22 13:11:00,Organic Social,Email,LinkedIn Organic,Newsletter,4,4,0,0,0.0,195.98,,,Organic Social > Paid Social > Paid Search > Email
JOURNEY-02859,CUST-02859,2025-01-28 01:18:00,2025-01-31 02:10:00,Paid Search,Paid Search,Brand Search,Product Search,3,2,0,0,0.0,72.87,,,Paid Search > Organic Social > Paid Search
JOURNEY-02860,CUST-02860,2025-06-19 22:07:00,2025-06-22 10:16:00,Paid Social,Organic Search,Facebook Ads,Educational Content,2,2,1,1,231.1,60.15,2025-06-22 10:16:00,2.51,Paid Social > Organic Search
JOURNEY-02861,CUST-02861,2025-02-18 06:33:00,2025-02-26 10:07:00,Organic Search,Paid Search,SEO Blog,Competitor Search,5,5,0,0,0.0,195.57,,,Organic Search > Direct > Organic Social > Email > Paid Search
JOURNEY-02862,CUST-02862,2025-01-11 18:54:00,2025-01-17 20:40:00,Organic Search,Paid Social,Educational Content,LinkedIn Ads,4,3,0,0,0.0,145.77,,,Organic Search > Direct > Organic Search > Paid Social
JOURNEY-02863,CUST-02863,2025-03-23 14:26:00,2025-03-29 01:25:00,Email,Referral,Newsletter,Customer Referral,4,4,0,0,0.0,130.98,,,Email > Display > Organic Search > Referral
JOURNEY-02864,CUST-02864,2025-06-06 00:29:00,2025-06-10 10:41:00,Referral,Email,Affiliate,Welcome Series,4,3,1,1,200.74,106.2,2025-06-10 10:41:00,4.42,Referral > Email > Organic Social > Email
JOURNEY-02865,CUST-02865,2025-01-19 12:36:00,2025-01-19 12:36:00,Paid Social,Paid Social,Instagram Ads,Instagram Ads,1,1,0,0,0.0,0.0,,,Paid Social
JOURNEY-02866,CUST-02866,2025-05-01 11:21:00,2025-05-02 02:19:00,Direct,Referral,Direct Visit,Affiliate,2,2,1,1,147.48,14.97,2025-05-02 02:19:00,0.62,Direct > Referral
JOURNEY-02867,CUST-02867,2025-03-24 09:10:00,2025-03-26 22:04:00,Paid Social,Direct,Instagram Ads,Direct Visit,2,2,0,0,0.0,60.9,,,Paid Social > Direct
JOURNEY-02868,CUST-02868,2025-03-30 06:11:00,2025-04-01 02:21:00,Display,Organic Social,Prospecting,LinkedIn Organic,2,2,0,0,0.0,44.17,,,Display > Organic Social
JOURNEY-02869,CUST-02869,2025-03-13 00:59:00,2025-03-18 09:16:00,Paid Search,Referral,Brand Search,Customer Referral,5,4,0,0,0.0,128.28,,,Paid Search > Email > Organic Social > Email > Referral
JOURNEY-02870,CUST-02870,2025-04-21 17:10:00,2025-04-29 14:04:00,Organic Search,Organic Search,Product Pages,Educational Content,4,3,0,0,0.0,188.9,,,Organic Search > Referral > Organic Social > Organic Search
JOURNEY-02871,CUST-02871,2025-05-09 12:26:00,2025-05-10 06:59:00,Email,Referral,Newsletter,Partner Website,4,3,0,0,0.0,18.55,,,Email > Organic Search > Email > Referral
JOURNEY-02872,CUST-02872,2025-06-08 11:38:00,2025-06-15 15:10:00,Paid Search,Direct,Brand Search,Direct Visit,5,4,0,0,0.0,171.53,,,Paid Search > Email > Paid Search > Organic Search > Direct
JOURNEY-02873,CUST-02873,2025-01-04 12:16:00,2025-01-06 16:47:00,Paid Search,Organic Social,Competitor Search,LinkedIn Organic,4,3,0,0,0.0,52.52,,,Paid Search > Organic Search > Paid Search > Organic Social
JOURNEY-02874,CUST-02874,2025-06-28 11:21:00,2025-07-03 16:08:00,Referral,Organic Search,Customer Referral,SEO Blog,3,3,0,0,0.0,124.78,,,Referral > Direct > Organic Search
JOURNEY-02875,CUST-02875,2025-01-03 02:41:00,2025-01-07 10:40:00,Paid Social,Referral,LinkedIn Ads,Partner Website,4,3,0,0,0.0,103.98,,,Paid Social > Paid Search > Paid Social > Referral
JOURNEY-02876,CUST-02876,2025-04-21 10:12:00,2025-04-22 12:19:00,Paid Search,Email,Competitor Search,Promotional Email,2,2,0,0,0.0,26.12,,,Paid Search > Email
JOURNEY-02877,CUST-02877,2025-03-19 14:35:00,2025-03-21 13:12:00,Paid Search,Email,Competitor Search,Welcome Series,2,2,1,1,98.6,46.62,2025-03-21 13:12:00,1.94,Paid Search > Email
JOURNEY-02878,CUST-02878,2025-04-10 10:15:00,2025-04-15 15:21:00,Organic Search,Organic Search,Product Pages,SEO Blog,3,2,0,0,0.0,125.1,,,Organic Search > Direct > Organic Search
JOURNEY-02879,CUST-02879,2025-05-31 16:35:00,2025-06-10 16:43:00,Organic Search,Paid Social,Product Pages,LinkedIn Ads,6,5,1,1,84.98,240.13,2025-06-10 16:43:00,10.01,Organic Search > Email > Direct > Paid Search > Paid Social > Paid Social
JOURNEY-02880,CUST-02880,2025-04-17 10:09:00,2025-04-17 10:09:00,Organic Social,Organic Social,Instagram Organic,Instagram Organic,1,1,0,0,0.0,0.0,,,Organic Social
JOURNEY-02881,CUST-02881,2025-06-26 16:36:00,2025-06-26 16:36:00,Paid Search,Paid Search,Brand Search,Brand Search,1,1,0,0,0.0,0.0,,,Paid Search
JOURNEY-02882,CUST-02882,2025-02-09 13:39:00,2025-02-14 07:50:00,Referral,Paid Social,Affiliate,Facebook Ads,4,4,1,1,60.37,114.18,2025-02-14 07:50:00,4.76,Referral > Email > Organic Search > Paid Social
JOURNEY-02883,CUST-02883,2025-03-15 14:11:00,2025-03-20 15:48:00,Paid Search,Organic Social,Competitor Search,LinkedIn Organic,3,3,0,0,0.0,121.62,,,Paid Search > Display > Organic Social
JOURNEY-02884,CUST-02884,2025-02-19 14:42:00,2025-02-23 22:51:00,Referral,Organic Search,Partner Website,Product Pages,4,4,0,0,0.0,104.15,,,Referral > Paid Social > Direct > Organic Search
JOURNEY-02885,CUST-02885,2025-05-05 22:21:00,2025-05-18 01:31:00,Paid Search,Direct,Competitor Search,Direct Visit,6,5,0,0,0.0,291.17,,,Paid Search > Paid Social > Referral > Organic Social > Referral > Direct
JOURNEY-02886,CUST-02886,2025-05-04 18:13:00,2025-05-11 05:48:00,Paid Social,Referral,LinkedIn Ads,Affiliate,7,5,1,1,162.89,155.58,2025-05-11 05:48:00,6.48,Paid Social > Paid Search > Paid Social > Organic Search > Organic Social > Paid Search > Referral
JOURNEY-02887,CUST-02887,2025-06-11 04:34:00,2025-06-20 16:14:00,Direct,Display,Direct Visit,Banner Campaign,5,5,0,0,0.0,227.67,,,Direct > Organic Search > Organic Social > Paid Social > Display
JOURNEY-02888,CUST-02888,2025-05-02 00:17:00,2025-05-08 18:25:00,Paid Search,Email,Product Search,Promotional Email,4,3,1,1,175.3,162.13,2025-05-08 18:25:00,6.76,Paid Search > Organic Search > Paid Search > Email
JOURNEY-02889,CUST-02889,2025-04-02 20:43:00,2025-04-11 09:29:00,Organic Social,Paid Search,TikTok Organic,Competitor Search,4,2,1,1,38.11,204.77,2025-04-11 09:29:00,8.53,Organic Social > Paid Search > Paid Search > Paid Search
JOURNEY-02890,CUST-02890,2025-01-08 07:57:00,2025-01-11 17:40:00,Paid Social,Email,Instagram Ads,Newsletter,2,2,0,0,0.0,81.72,,,Paid Social > Email
JOURNEY-02891,CUST-02891,2025-02-17 21:02:00,2025-02-20 10:18:00,Paid Search,Paid Social,Brand Search,Instagram Ads,2,2,0,0,0.0,61.27,,,Paid Search > Paid Social
JOURNEY-02892,CUST-02892,2025-04-12 02:55:00,2025-04-14 14:42:00,Organic Search,Display,Product Pages,Banner Campaign,2,2,0,0,0.0,59.78,,,Organic Search > Display
JOURNEY-02893,CUST-02893,2025-01-30 03:03:00,2025-02-02 13:27:00,Paid Search,Paid Social,Brand Search,Instagram Ads,2,2,0,0,0.0,82.4,,,Paid Search > Paid Social
JOURNEY-02894,CUST-02894,2025-03-01 19:49:00,2025-03-04 03:54:00,Organic Search,Paid Search,Educational Content,Product Search,3,3,0,0,0.0,56.08,,,Organic Search > Direct > Paid Search
JOURNEY-02895,CUST-02895,2025-02-01 14:29:00,2025-02-10 07:09:00,Display,Paid Social,Retargeting,Facebook Ads,7,4,0,0,0.0,208.67,,,Display > Direct > Organic Search > Direct > Paid Social > Display > Paid Social
JOURNEY-02896,CUST-02896,2025-02-17 19:55:00,2025-02-22 13:17:00,Paid Search,Paid Search,Product Search,Competitor Search,4,3,0,0,0.0,113.37,,,Paid Search > Organic Social > Display > Paid Search
JOURNEY-02897,CUST-02897,2025-03-17 22:59:00,2025-03-26 14:32:00,Display,Referral,Retargeting,Customer Referral,5,3,0,0,0.0,207.55,,,Display > Referral > Paid Search > Display > Referral
JOURNEY-02898,CUST-02898,2025-04-09 10:20:00,2025-04-20 15:17:00,Paid Social,Organic Search,Instagram Ads,SEO Blog,7,5,1,1,53.15,268.95,2025-04-20 15:17:00,11.21,Paid Social > Organic Social > Direct > Paid Social > Paid Social > Email > Organic Search
JOURNEY-02899,CUST-02899,2025-02-20 16:27:00,2025-02-27 00:41:00,Organic Social,Email,Instagram Organic,Welcome Series,4,3,0,0,0.0,152.23,,,Organic Social > Organic Search > Organic Social > Email
JOURNEY-02900,CUST-02900,2025-03-27 12:35:00,2025-04-03 03:37:00,Paid Social,Organic Search,LinkedIn Ads,Product Pages,3,3,0,0,0.0,159.03,,,Paid Social > Referral > Organic Search
JOURNEY-02901,CUST-02901,2025-04-28 12:45:00,2025-04-29 20:56:00,Paid Search,Organic Search,Competitor Search,SEO Blog,2,2,0,0,0.0,32.18,,,Paid Search > Organic Search
JOURNEY-02902,CUST-02902,2025-06-21 21:28:00,2025-06-24 16:20:00,Referral,Paid Social,Partner Website,Facebook Ads,2,2,0,0,0.0,66.87,,,Referral > Paid Social
JOURNEY-02903,CUST-02903,2025-05-04 02:16:00,2025-05-09 20:48:00,Organic Search,Organic Social,Product Pages,Instagram Organic,4,3,0,0,0.0,138.53,,,Organic Search > Organic Social > Paid Search > Organic Social
JOURNEY-02904,CUST-02904,2025-03-26 16:54:00,2025-03-31 18:27:00,Paid Search,Paid Search,Competitor Search,Competitor Search,3,2,1,1,80.45,121.55,2025-03-31 18:27:00,5.06,Paid Search > Paid Social > Paid Search
JOURNEY-02905,CUST-02905,2025-04-10 16:26:00,2025-04-18 19:46:00,Organic Search,Referral,Educational Content,Partner Website,4,4,0,0,0.0,195.33,,,Organic Search > Paid Social > Email > Referral
JOURNEY-02906,CUST-02906,2025-03-01 10:11:00,2025-03-10 16:28:00,Email,Email,Promotional Email,Welcome Series,4,3,1,1,96.94,222.28,2025-03-10 16:28:00,9.26,Email > Paid Search > Display > Email
JOURNEY-02907,CUST-02907,2025-04-17 08:34:00,2025-04-24 19:03:00,Paid Social,Paid Search,Instagram Ads,Competitor Search,4,3,0,0,0.0,178.48,,,Paid Social > Paid Search > Email > Paid Search
JOURNEY-02908,CUST-02908,2025-04-28 05:44:00,2025-05-08 16:51:00,Email,Paid Search,Welcome Series,Competitor Search,6,4,0,0,0.0,251.12,,,Email > Organic Social > Organic Search > Organic Search > Organic Social > Paid Search
JOURNEY-02909,CUST-02909,2025-03-17 21:29:00,2025-03-21 04:59:00,Paid Search,Organic Search,Product Search,Product Pages,2,2,1,1,133.15,79.5,2025-03-21 04:59:00,3.31,Paid Search > Organic Search
JOURNEY-02910,CUST-02910,2025-02-26 10:50:00,2025-03-06 21:40:00,Paid Search,Organic Search,Competitor Search,Product Pages,5,3,0,0,0.0,202.83,,,Paid Search > Organic Search > Paid Social > Paid Search > Organic Search
JOURNEY-02911,CUST-02911,2025-01-13 19:36:00,2025-01-17 17:40:00,Direct,Paid Search,Direct Visit,Competitor Search,2,2,1,1,74.08,94.07,2025-01-17 17:40:00,3.92,Direct > Paid Search
JOURNEY-02912,CUST-02912,2025-04-28 10:34:00,2025-05-01 07:25:00,Email,Paid Search,Promotional Email,Brand Search,4,4,1,1,142.77,68.85,2025-05-01 07:25:00,2.87,Email > Referral > Display > Paid Search
JOURNEY-02913,CUST-02913,2025-01-27 14:32:00,2025-02-03 10:51:00,Referral,Paid Social,Partner Website,LinkedIn Ads,4,4,1,1,34.2,164.32,2025-02-03 10:51:00,6.85,Referral > Paid Search > Email > Paid Social
JOURNEY-02914,CUST-02914,2025-04-02 11:04:00,2025-04-02 11:04:00,Organic Social,Organic Social,TikTok Organic,TikTok Organic,1,1,0,0,0.0,0.0,,,Organic Social
JOURNEY-02915,CUST-02915,2025-06-16 10:53:00,2025-06-22 09:51:00,Referral,Email,Customer Referral,Newsletter,7,5,0,0,0.0,142.97,,,Referral > Email > Organic Search > Email > Organic Social > Paid Search > Email
JOURNEY-02916,CUST-02916,2025-01-16 00:32:00,2025-01-27 08:15:00,Referral,Display,Affiliate,Prospecting,7,6,0,0,0.0,271.72,,,Referral > Organic Social > Paid Search > Organic Search > Display > Paid Social > Display
JOURNEY-02917,CUST-02917,2025-03-07 10:05:00,2025-03-14 05:25:00,Referral,Organic Search,Partner Website,Educational Content,4,4,1,1,110.03,163.33,2025-03-14 05:25:00,6.81,Referral > Paid Search > Paid Social > Organic Search
JOURNEY-02918,CUST-02918,2025-04-25 00:42:00,2025-04-25 09:11:00,Direct,Organic Social,Direct Visit,LinkedIn Organic,2,2,1,1,220.96,8.48,2025-04-25 09:11:00,0.35,Direct > Organic Social
JOURNEY-02919,CUST-02919,2025-02-15 12:46:00,2025-02-20 18:00:00,Paid Search,Direct,Competitor Search,Direct Visit,4,3,0,0,0.0,125.23,,,Paid Search > Paid Social > Direct > Direct
JOURNEY-02920,CUST-02920,2025-04-06 20:15:00,2025-04-06 20:15:00,Paid Social,Paid Social,LinkedIn Ads,LinkedIn Ads,1,1,0,0,0.0,0.0,,,Paid Social
JOURNEY-02921,CUST-02921,2025-01-03 23:37:00,2025-01-15 21:09:00,Email,Paid Search,Newsletter,Brand Search,5,3,0,0,0.0,285.53,,,Email > Organic Search > Paid Search > Organic Search > Paid Search
JOURNEY-02922,CUST-02922,2025-05-27 01:48:00,2025-05-30 14:35:00,Direct,Organic Social,Direct Visit,Instagram Organic,2,2,0,0,0.0,84.78,,,Direct > Organic Social
JOURNEY-02923,CUST-02923,2025-02-01 13:05:00,2025-02-04 08:47:00,Direct,Paid Social,Direct Visit,Facebook Ads,2,2,0,0,0.0,67.7,,,Direct > Paid Social
JOURNEY-02924,CUST-02924,2025-04-26 21:17:00,2025-05-07 17:10:00,Organic Social,Paid Social,LinkedIn Organic,LinkedIn Ads,4,3,0,0,0.0,259.88,,,Organic Social > Paid Social > Organic Search > Paid Social
JOURNEY-02925,CUST-02925,2025-04-21 19:21:00,2025-04-21 19:21:00,Organic Search,Organic Search,Product Pages,Product Pages,1,1,0,0,0.0,0.0,,,Organic Search
JOURNEY-02926,CUST-02926,2025-05-23 13:50:00,2025-06-03 17:05:00,Email,Paid Search,Welcome Series,Competitor Search,5,5,0,0,0.0,267.25,,,Email > Referral > Organic Social > Display > Paid Search
JOURNEY-02927,CUST-02927,2025-06-08 07:58:00,2025-06-13 03:45:00,Direct,Direct,Direct Visit,Direct Visit,4,3,0,0,0.0,115.78,,,Direct > Organic Social > Paid Search > Direct
JOURNEY-02928,CUST-02928,2025-05-14 12:38:00,2025-05-25 15:52:00,Paid Search,Organic Search,Competitor Search,Product Pages,5,4,1,1,47.83,267.23,2025-05-25 15:52:00,11.13,Paid Search > Display > Direct > Paid Search > Organic Search
JOURNEY-02929,CUST-02929,2025-03-14 13:43:00,2025-03-30 03:03:00,Paid Social,Paid Social,Facebook Ads,Facebook Ads,6,4,0,0,0.0,373.33,,,Paid Social > Paid Search > Email > Organic Search > Paid Search > Paid Social
JOURNEY-02930,CUST-02930,2025-01-11 19:17:00,2025-01-18 19:58:00,Organic Search,Paid Search,Product Pages,Product Search,3,3,1,1,110.05,168.68,2025-01-18 19:58:00,7.03,Organic Search > Organic Social > Paid Search
JOURNEY-02931,CUST-02931,2025-04-22 22:57:00,2025-04-30 18:13:00,Organic Search,Display,SEO Blog,Banner Campaign,4,3,1,1,78.51,187.27,2025-04-30 18:13:00,7.8,Organic Search > Direct > Organic Search > Display
JOURNEY-02932,CUST-02932,2025-06-03 19:26:00,2025-06-12 11:28:00,Paid Social,Paid Social,Instagram Ads,Facebook Ads,4,3,0,0,0.0,208.03,,,Paid Social > Email > Paid Search > Paid Social
JOURNEY-02933,CUST-02933,2025-01-23 10:03:00,2025-01-27 06:18:00,Display,Organic Search,Prospecting,Educational Content,2,2,0,0,0.0,92.25,,,Display > Organic Search
JOURNEY-02934,CUST-02934,2025-04-26 07:52:00,2025-05-05 03:53:00,Organic Search,Email,Educational Content,Promotional Email,4,4,0,0,0.0,212.02,,,Organic Search > Referral > Organic Social > Email
JOURNEY-02935,CUST-02935,2025-05-27 12:10:00,2025-05-31 18:47:00,Paid Search,Paid Social,Product Search,Facebook Ads,3,3,0,0,0.0,102.62,,,Paid Search > Display > Paid Social
JOURNEY-02936,CUST-02936,2025-03-13 15:18:00,2025-03-18 12:58:00,Direct,Direct,Direct Visit,Direct Visit,3,2,0,0,0.0,117.67,,,Direct > Display > Direct
JOURNEY-02937,CUST-02937,2025-03-16 22:11:00,2025-03-18 21:53:00,Direct,Organic Social,Direct Visit,Instagram Organic,2,2,1,1,173.84,47.7,2025-03-18 21:53:00,1.99,Direct > Organic Social
JOURNEY-02938,CUST-02938,2025-02-20 22:14:00,2025-02-24 15:01:00,Paid Search,Display,Competitor Search,Banner Campaign,2,2,0,0,0.0,88.78,,,Paid Search > Display
JOURNEY-02939,CUST-02939,2025-04-27 15:26:00,2025-05-03 11:36:00,Organic Search,Paid Search,Product Pages,Product Search,5,4,0,0,0.0,140.17,,,Organic Search > Organic Social > Paid Social > Paid Social > Paid Search
JOURNEY-02940,CUST-02940,2025-02-17 11:26:00,2025-02-18 17:20:00,Organic Search,Email,SEO Blog,Welcome Series,3,3,1,1,68.86,29.9,2025-02-18 17:20:00,1.25,Organic Search > Direct > Email
JOURNEY-02941,CUST-02941,2025-06-20 03:18:00,2025-06-24 06:16:00,Paid Search,Display,Brand Search,Banner Campaign,4,4,0,0,0.0,98.97,,,Paid Search > Organic Search > Direct > Display
JOURNEY-02942,CUST-02942,2025-06-16 13:56:00,2025-06-18 07:59:00,Paid Social,Paid Social,Facebook Ads,Instagram Ads,2,1,0,0,0.0,42.05,,,Paid Social > Paid Social
JOURNEY-02943,CUST-02943,2025-01-30 19:57:00,2025-02-07 14:55:00,Paid Search,Paid Social,Brand Search,LinkedIn Ads,5,4,1,1,87.47,186.97,2025-02-07 14:55:00,7.79,Paid Search > Paid Social > Direct > Organic Search > Paid Social
JOURNEY-02944,CUST-02944,2025-03-07 14:13:00,2025-03-12 22:14:00,Display,Direct,Banner Campaign,Direct Visit,5,5,1,1,72.79,128.02,2025-03-12 22:14:00,5.33,Display > Paid Search > Organic Search > Paid Social > Direct
JOURNEY-02945,CUST-02945,2025-02-13 01:51:00,2025-02-13 01:51:00,Display,Display,Retargeting,Retargeting,1,1,0,0,0.0,0.0,,,Display
JOURNEY-02946,CUST-02946,2025-03-22 15:26:00,2025-03-26 01:06:00,Organic Search,Email,SEO Blog,Welcome Series,2,2,0,0,0.0,81.67,,,Organic Search > Email
JOURNEY-02947,CUST-02947,2025-01-01 20:19:00,2025-01-08 21:21:00,Organic Search,Organic Search,SEO Blog,SEO Blog,3,2,0,0,0.0,169.03,,,Organic Search > Direct > Organic Search
JOURNEY-02948,CUST-02948,2025-01-29 04:05:00,2025-02-06 19:02:00,Email,Organic Search,Newsletter,Educational Content,4,4,0,0,0.0,206.95,,,Email > Organic Social > Direct > Organic Search
JOURNEY-02949,CUST-02949,2025-05-19 06:45:00,2025-05-23 04:06:00,Organic Social,Paid Social,TikTok Organic,Facebook Ads,2,2,0,0,0.0,93.35,,,Organic Social > Paid Social
JOURNEY-02950,CUST-02950,2025-01-08 03:15:00,2025-01-19 18:28:00,Paid Search,Email,Brand Search,Newsletter,7,4,0,0,0.0,279.22,,,Paid Search > Paid Social > Paid Search > Direct > Direct > Paid Social > Email
JOURNEY-02951,CUST-02951,2025-04-15 17:05:00,2025-04-25 12:35:00,Email,Organic Search,Newsletter,SEO Blog,6,5,0,0,0.0,235.5,,,Email > Organic Search > Organic Social > Referral > Direct > Organic Search
JOURNEY-02952,CUST-02952,2025-03-18 08:15:00,2025-03-18 08:15:00,Paid Search,Paid Search,Competitor Search,Competitor Search,1,1,0,0,0.0,0.0,,,Paid Search
JOURNEY-02953,CUST-02953,2025-01-31 15:03:00,2025-02-06 05:16:00,Paid Search,Display,Brand Search,Prospecting,5,4,0,0,0.0,134.22,,,Paid Search > Display > Referral > Organic Search > Display
JOURNEY-02954,CUST-02954,2025-06-12 05:34:00,2025-06-23 10:17:00,Paid Social,Email,Instagram Ads,Promotional Email,5,4,0,0,0.0,268.72,,,Paid Social > Organic Social > Paid Social > Paid Search > Email
JOURNEY-02955,CUST-02955,2025-01-09 06:04:00,2025-01-13 04:01:00,Organic Search,Paid Social,Product Pages,LinkedIn Ads,2,2,0,0,0.0,93.95,,,Organic Search > Paid Social
JOURNEY-02956,CUST-02956,2025-02-22 12:17:00,2025-02-27 13:32:00,Display,Paid Search,Banner Campaign,Competitor Search,4,4,0,0,0.0,121.25,,,Display > Referral > Organic Search > Paid Search
JOURNEY-02957,CUST-02957,2025-06-24 10:49:00,2025-07-07 17:21:00,Organic Search,Referral,SEO Blog,Partner Website,6,5,1,1,202.65,318.53,2025-07-07 17:21:00,13.27,Organic Search > Email > Direct > Email > Display > Referral
JOURNEY-02958,CUST-02958,2025-03-30 02:06:00,2025-04-08 02:54:00,Paid Social,Paid Social,Instagram Ads,Instagram Ads,5,4,0,0,0.0,216.8,,,Paid Social > Referral > Organic Social > Paid Search > Paid Social
JOURNEY-02959,CUST-02959,2025-05-30 23:52:00,2025-06-10 11:58:00,Paid Search,Paid Social,Brand Search,Instagram Ads,4,4,0,0,0.0,252.1,,,Paid Search > Organic Search > Email > Paid Social
JOURNEY-02960,CUST-02960,2025-04-26 20:31:00,2025-05-01 17:20:00,Email,Paid Social,Promotional Email,Instagram Ads,5,3,0,0,0.0,116.82,,,Email > Email > Email > Organic Social > Paid Social
JOURNEY-02961,CUST-02961,2025-01-23 06:26:00,2025-01-26 04:35:00,Email,Direct,Newsletter,Direct Visit,2,2,0,0,0.0,70.15,,,Email > Direct
JOURNEY-02962,CUST-02962,2025-05-03 10:04:00,2025-05-05 06:17:00,Direct,Paid Social,Direct Visit,Instagram Ads,2,2,0,0,0.0,44.22,,,Direct > Paid Social
JOURNEY-02963,CUST-02963,2025-05-23 08:42:00,2025-05-23 15:41:00,Organic Social,Paid Social,TikTok Organic,Instagram Ads,2,2,0,0,0.0,6.98,,,Organic Social > Paid Social
JOURNEY-02964,CUST-02964,2025-05-05 18:52:00,2025-05-15 07:11:00,Paid Search,Email,Product Search,Promotional Email,5,4,0,0,0.0,228.32,,,Paid Search > Direct > Referral > Direct > Email
JOURNEY-02965,CUST-02965,2025-02-02 02:03:00,2025-02-06 20:24:00,Paid Search,Display,Product Search,Prospecting,3,3,0,0,0.0,114.35,,,Paid Search > Organic Search > Display
JOURNEY-02966,CUST-02966,2025-01-16 02:29:00,2025-01-16 21:42:00,Paid Social,Organic Social,LinkedIn Ads,Instagram Organic,3,2,0,0,0.0,19.22,,,Paid Social > Organic Social > Organic Social
JOURNEY-02967,CUST-02967,2025-04-21 03:37:00,2025-04-27 05:26:00,Referral,Organic Search,Customer Referral,Product Pages,5,4,0,0,0.0,145.82,,,Referral > Paid Social > Direct > Referral > Organic Search
JOURNEY-02968,CUST-02968,2025-03-03 08:23:00,2025-03-20 13:54:00,Organic Search,Paid Social,Product Pages,Facebook Ads,7,5,0,0,0.0,413.52,,,Organic Search > Referral > Organic Search > Paid Social > Email > Display > Paid Social
JOURNEY-02969,CUST-02969,2025-06-14 19:48:00,2025-06-20 20:56:00,Paid Search,Direct,Competitor Search,Direct Visit,5,5,0,0,0.0,145.13,,,Paid Search > Email > Organic Social > Paid Social > Direct
JOURNEY-02970,CUST-02970,2025-05-31 12:26:00,2025-06-02 05:12:00,Organic Search,Paid Search,SEO Blog,Competitor Search,3,3,0,0,0.0,40.77,,,Organic Search > Paid Social > Paid Search
JOURNEY-02971,CUST-02971,2025-05-21 18:09:00,2025-05-29 06:51:00,Direct,Organic Social,Direct Visit,TikTok Organic,4,3,0,0,0.0,180.7,,,Direct > Organic Search > Direct > Organic Social
JOURNEY-02972,CUST-02972,2025-06-26 21:35:00,2025-06-28 00:03:00,Organic Social,Email,TikTok Organic,Promotional Email,3,3,1,1,589.51,26.47,2025-06-28 00:03:00,1.1,Organic Social > Paid Social > Email
JOURNEY-02973,CUST-02973,2025-02-21 19:11:00,2025-02-25 03:36:00,Display,Referral,Banner Campaign,Partner Website,4,4,1,1,168.41,80.42,2025-02-25 03:36:00,3.35,Display > Paid Search > Paid Social > Referral
JOURNEY-02974,CUST-02974,2025-05-07 11:00:00,2025-05-08 18:01:00,Organic Search,Display,Educational Content,Retargeting,2,2,0,0,0.0,31.02,,,Organic Search > Display
JOURNEY-02975,CUST-02975,2025-02-10 02:29:00,2025-02-10 02:29:00,Email,Email,Promotional Email,Promotional Email,1,1,0,0,0.0,0.0,,,Email
JOURNEY-02976,CUST-02976,2025-05-09 02:55:00,2025-05-11 22:56:00,Paid Search,Display,Brand Search,Prospecting,3,2,0,0,0.0,68.02,,,Paid Search > Paid Search > Display
JOURNEY-02977,CUST-02977,2025-01-15 19:01:00,2025-01-28 11:23:00,Paid Social,Paid Search,Facebook Ads,Brand Search,7,6,0,0,0.0,304.37,,,Paid Social > Organic Social > Paid Social > Direct > Referral > Email > Paid Search
JOURNEY-02978,CUST-02978,2025-03-11 03:21:00,2025-03-17 01:57:00,Organic Search,Referral,Educational Content,Affiliate,4,3,0,0,0.0,142.6,,,Organic Search > Display > Organic Search > Referral
JOURNEY-02979,CUST-02979,2025-05-08 23:48:00,2025-05-16 23:53:00,Email,Direct,Welcome Series,Direct Visit,4,3,0,0,0.0,192.08,,,Email > Direct > Organic Social > Direct
JOURNEY-02980,CUST-02980,2025-03-08 16:35:00,2025-03-09 18:30:00,Email,Paid Search,Promotional Email,Competitor Search,2,2,0,0,0.0,25.92,,,Email > Paid Search
JOURNEY-02981,CUST-02981,2025-05-12 19:25:00,2025-05-16 10:48:00,Paid Social,Paid Social,Instagram Ads,LinkedIn Ads,3,2,0,0,0.0,87.38,,,Paid Social > Email > Paid Social
JOURNEY-02982,CUST-02982,2025-05-26 18:33:00,2025-06-01 23:03:00,Referral,Referral,Customer Referral,Partner Website,3,2,1,1,143.22,148.5,2025-06-01 23:03:00,6.19,Referral > Email > Referral
JOURNEY-02983,CUST-02983,2025-06-07 21:02:00,2025-06-14 09:25:00,Display,Organic Search,Retargeting,Product Pages,3,3,1,1,107.76,156.38,2025-06-14 09:25:00,6.52,Display > Email > Organic Search
JOURNEY-02984,CUST-02984,2025-03-11 19:05:00,2025-03-11 19:05:00,Referral,Referral,Partner Website,Partner Website,1,1,0,0,0.0,0.0,,,Referral
JOURNEY-02985,CUST-02985,2025-06-23 02:51:00,2025-06-27 13:09:00,Organic Social,Email,TikTok Organic,Newsletter,4,3,0,0,0.0,106.3,,,Organic Social > Paid Search > Organic Social > Email
JOURNEY-02986,CUST-02986,2025-01-05 08:23:00,2025-01-07 03:01:00,Organic Search,Paid Social,SEO Blog,Facebook Ads,2,2,0,0,0.0,42.63,,,Organic Search > Paid Social
JOURNEY-02987,CUST-02987,2025-06-18 07:04:00,2025-06-18 07:04:00,Paid Search,Paid Search,Brand Search,Brand Search,1,1,0,0,0.0,0.0,,,Paid Search
JOURNEY-02988,CUST-02988,2025-03-28 21:20:00,2025-03-29 17:41:00,Email,Paid Social,Newsletter,LinkedIn Ads,2,2,0,0,0.0,20.35,,,Email > Paid Social
JOURNEY-02989,CUST-02989,2025-05-30 18:30:00,2025-06-05 20:07:00,Referral,Organic Search,Affiliate,Product Pages,3,3,0,0,0.0,145.62,,,Referral > Organic Social > Organic Search
JOURNEY-02990,CUST-02990,2025-04-23 02:48:00,2025-05-06 07:08:00,Direct,Organic Search,Direct Visit,SEO Blog,7,4,0,0,0.0,316.33,,,Direct > Organic Search > Paid Social > Paid Social > Email > Direct > Organic Search
JOURNEY-02991,CUST-02991,2025-02-01 08:11:00,2025-02-06 00:43:00,Referral,Direct,Partner Website,Direct Visit,3,3,0,0,0.0,112.53,,,Referral > Paid Social > Direct
JOURNEY-02992,CUST-02992,2025-03-13 09:26:00,2025-03-21 22:04:00,Direct,Display,Direct Visit,Prospecting,4,4,1,1,128.14,204.63,2025-03-21 22:04:00,8.53,Direct > Paid Social > Paid Search > Display
JOURNEY-02993,CUST-02993,2025-05-10 11:11:00,2025-05-14 13:48:00,Display,Paid Search,Retargeting,Competitor Search,3,3,0,0,0.0,98.62,,,Display > Referral > Paid Search
JOURNEY-02994,CUST-02994,2025-02-05 11:06:00,2025-02-09 11:47:00,Organic Social,Paid Search,TikTok Organic,Competitor Search,3,3,0,0,0.0,96.68,,,Organic Social > Paid Social > Paid Search
JOURNEY-02995,CUST-02995,2025-04-01 10:14:00,2025-04-05 16:52:00,Display,Display,Prospecting,Prospecting,3,2,0,0,0.0,102.63,,,Display > Organic Social > Display
JOURNEY-02996,CUST-02996,2025-01-26 17:22:00,2025-01-28 20:16:00,Paid Social,Organic Social,Facebook Ads,LinkedIn Organic,2,2,0,0,0.0,50.9,,,Paid Social > Organic Social
JOURNEY-02997,CUST-02997,2025-05-04 07:47:00,2025-05-04 10:58:00,Email,Referral,Promotional Email,Affiliate,2,2,0,0,0.0,3.18,,,Email > Referral
JOURNEY-02998,CUST-02998,2025-03-05 02:01:00,2025-03-11 16:07:00,Paid Social,Organic Search,Instagram Ads,Product Pages,6,4,0,0,0.0,158.1,,,Paid Social > Organic Search > Organic Social > Paid Search > Paid Social > Organic Search
JOURNEY-02999,CUST-02999,2025-06-27 18:08:00,2025-07-02 23:53:00,Paid Search,Email,Product Search,Welcome Series,5,4,0,0,0.0,125.75,,,Paid Search > Direct > Display > Direct > Email
JOURNEY-03000,CUST-03000,2025-03-30 16:05:00,2025-04-01 08:08:00,Referral,Paid Search,Affiliate,Competitor Search,2,2,0,0,0.0,40.05,,,Referral > Paid Search
JOURNEY-03001,CUST-03001,2025-02-05 04:02:00,2025-02-09 05:27:00,Paid Search,Paid Search,Product Search,Competitor Search,3,2,1,1,74.33,97.42,2025-02-09 05:27:00,4.06,Paid Search > Direct > Paid Search
JOURNEY-03002,CUST-03002,2025-05-14 16:32:00,2025-05-14 22:48:00,Referral,Email,Customer Referral,Newsletter,2,2,0,0,0.0,6.27,,,Referral > Email
JOURNEY-03003,CUST-03003,2025-03-07 10:39:00,2025-03-18 06:42:00,Referral,Display,Partner Website,Banner Campaign,7,6,0,0,0.0,260.05,,,Referral > Direct > Paid Social > Organic Search > Paid Social > Email > Display
JOURNEY-03004,CUST-03004,2025-06-15 07:31:00,2025-06-17 02:16:00,Paid Search,Email,Product Search,Welcome Series,2,2,0,0,0.0,42.75,,,Paid Search > Email
JOURNEY-03005,CUST-03005,2025-03-15 20:22:00,2025-03-19 07:10:00,Organic Search,Direct,SEO Blog,Direct Visit,2,2,0,0,0.0,82.8,,,Organic Search > Direct
JOURNEY-03006,CUST-03006,2025-04-02 13:16:00,2025-04-10 09:29:00,Referral,Display,Customer Referral,Banner Campaign,4,4,0,0,0.0,188.22,,,Referral > Paid Social > Organic Search > Display
JOURNEY-03007,CUST-03007,2025-04-29 04:48:00,2025-05-06 09:40:00,Organic Social,Display,LinkedIn Organic,Banner Campaign,6,6,1,1,206.98,172.87,2025-05-06 09:40:00,7.2,Organic Social > Referral > Email > Direct > Organic Search > Display
JOURNEY-03008,CUST-03008,2025-06-19 07:56:00,2025-06-23 19:02:00,Organic Search,Organic Social,SEO Blog,Instagram Organic,3,3,0,0,0.0,107.1,,,Organic Search > Paid Search > Organic Social
JOURNEY-03009,CUST-03009,2025-06-22 12:48:00,2025-06-27 21:20:00,Email,Organic Search,Welcome Series,SEO Blog,3,3,0,0,0.0,128.53,,,Email > Paid Search > Organic Search
JOURNEY-03010,CUST-03010,2025-03-09 16:53:00,2025-03-13 20:40:00,Display,Email,Prospecting,Promotional Email,3,3,1,1,60.55,99.78,2025-03-13 20:40:00,4.16,Display > Referral > Email
JOURNEY-03011,CUST-03011,2025-02-02 08:28:00,2025-02-06 06:52:00,Paid Social,Paid Social,Facebook Ads,LinkedIn Ads,3,2,0,0,0.0,94.4,,,Paid Social > Direct > Paid Social
JOURNEY-03012,CUST-03012,2025-03-01 10:55:00,2025-03-06 17:26:00,Organic Social,Direct,TikTok Organic,Direct Visit,3,3,0,0,0.0,126.52,,,Organic Social > Display > Direct
JOURNEY-03013,CUST-03013,2025-01-18 20:44:00,2025-01-18 20:44:00,Paid Search,Paid Search,Product Search,Product Search,1,1,0,0,0.0,0.0,,,Paid Search
JOURNEY-03014,CUST-03014,2025-02-03 00:18:00,2025-02-03 00:18:00,Display,Display,Prospecting,Prospecting,1,1,0,0,0.0,0.0,,,Display
JOURNEY-03015,CUST-03015,2025-03-17 13:30:00,2025-03-28 10:45:00,Direct,Email,Direct Visit,Newsletter,5,5,0,0,0.0,261.25,,,Direct > Organic Search > Paid Social > Paid Search > Email
JOURNEY-03016,CUST-03016,2025-06-10 15:33:00,2025-06-10 15:33:00,Direct,Direct,Direct Visit,Direct Visit,1,1,0,0,0.0,0.0,,,Direct
JOURNEY-03017,CUST-03017,2025-05-08 01:47:00,2025-05-11 13:52:00,Email,Email,Newsletter,Welcome Series,3,2,0,0,0.0,84.08,,,Email > Display > Email
JOURNEY-03018,CUST-03018,2025-06-22 18:59:00,2025-06-22 18:59:00,Direct,Direct,Direct Visit,Direct Visit,1,1,0,0,0.0,0.0,,,Direct
JOURNEY-03019,CUST-03019,2025-02-21 02:15:00,2025-03-06 23:35:00,Organic Search,Direct,Educational Content,Direct Visit,6,3,0,0,0.0,333.33,,,Organic Search > Paid Social > Direct > Organic Search > Paid Social > Direct
JOURNEY-03020,CUST-03020,2025-02-17 12:09:00,2025-02-22 06:20:00,Display,Referral,Prospecting,Customer Referral,5,5,1,1,247.38,114.18,2025-02-22 06:20:00,4.76,Display > Paid Social > Direct > Organic Social > Referral
JOURNEY-03021,CUST-03021,2025-05-10 09:56:00,2025-05-12 22:32:00,Paid Social,Display,Facebook Ads,Retargeting,2,2,0,0,0.0,60.6,,,Paid Social > Display
JOURNEY-03022,CUST-03022,2025-01-31 22:21:00,2025-02-08 09:27:00,Email,Email,Welcome Series,Welcome Series,5,4,0,0,0.0,179.1,,,Email > Organic Social > Display > Organic Search > Email
JOURNEY-03023,CUST-03023,2025-04-24 19:10:00,2025-05-01 13:19:00,Display,Organic Search,Retargeting,SEO Blog,5,5,0,0,0.0,162.15,,,Display > Paid Social > Referral > Email > Organic Search
JOURNEY-03024,CUST-03024,2025-05-24 15:02:00,2025-05-27 23:06:00,Referral,Organic Social,Customer Referral,LinkedIn Organic,2,2,1,1,195.77,80.07,2025-05-27 23:06:00,3.34,Referral > Organic Social
JOURNEY-03025,CUST-03025,2025-06-06 22:46:00,2025-06-11 01:41:00,Email,Display,Welcome Series,Banner Campaign,3,3,0,0,0.0,98.92,,,Email > Organic Search > Display
JOURNEY-03026,CUST-03026,2025-02-15 01:25:00,2025-02-16 18:46:00,Organic Social,Organic Search,LinkedIn Organic,Educational Content,2,2,1,1,420.93,41.35,2025-02-16 18:46:00,1.72,Organic Social > Organic Search
JOURNEY-03027,CUST-03027,2025-05-03 14:20:00,2025-05-06 15:18:00,Paid Search,Email,Competitor Search,Welcome Series,2,2,0,0,0.0,72.97,,,Paid Search > Email
JOURNEY-03028,CUST-03028,2025-02-27 00:43:00,2025-02-27 00:43:00,Paid Search,Paid Search,Brand Search,Brand Search,1,1,0,0,0.0,0.0,,,Paid Search
JOURNEY-03029,CUST-03029,2025-03-15 12:07:00,2025-03-17 05:46:00,Paid Search,Paid Social,Product Search,LinkedIn Ads,2,2,1,1,63.88,41.65,2025-03-17 05:46:00,1.74,Paid Search > Paid Social
JOURNEY-03030,CUST-03030,2025-05-08 02:04:00,2025-05-17 13:35:00,Paid Social,Direct,Facebook Ads,Direct Visit,4,4,1,1,212.58,227.52,2025-05-17 13:35:00,9.48,Paid Social > Organic Social > Paid Search > Direct
JOURNEY-03031,CUST-03031,2025-01-24 01:29:00,2025-01-26 18:52:00,Display,Direct,Retargeting,Direct Visit,2,2,0,0,0.0,65.38,,,Display > Direct
JOURNEY-03032,CUST-03032,2025-02-03 00:09:00,2025-02-15 14:58:00,Email,Display,Promotional Email,Banner Campaign,6,5,1,1,126.35,302.82,2025-02-15 14:58:00,12.62,Email > Paid Search > Referral > Organic Search > Paid Search > Display
JOURNEY-03033,CUST-03033,2025-03-28 19:38:00,2025-03-30 11:23:00,Organic Search,Email,Educational Content,Welcome Series,3,3,0,0,0.0,39.75,,,Organic Search > Paid Search > Email
JOURNEY-03034,CUST-03034,2025-03-05 02:46:00,2025-03-11 13:40:00,Paid Search,Referral,Competitor Search,Partner Website,4,4,1,1,33.78,154.9,2025-03-11 13:40:00,6.45,Paid Search > Direct > Email > Referral
JOURNEY-03035,CUST-03035,2025-05-29 02:23:00,2025-05-29 02:23:00,Paid Search,Paid Search,Brand Search,Brand Search,1,1,1,1,136.19,0.0,2025-05-29 02:23:00,0.0,Paid Search
JOURNEY-03036,CUST-03036,2025-02-16 20:23:00,2025-02-22 03:53:00,Paid Social,Direct,LinkedIn Ads,Direct Visit,5,4,0,0,0.0,127.5,,,Paid Social > Paid Search > Direct > Referral > Direct
JOURNEY-03037,CUST-03037,2025-04-17 16:22:00,2025-04-30 01:18:00,Organic Social,Paid Search,TikTok Organic,Competitor Search,6,5,0,0,0.0,296.93,,,Organic Social > Paid Social > Paid Search > Referral > Organic Search > Paid Search
JOURNEY-03038,CUST-03038,2025-02-05 08:43:00,2025-02-14 06:53:00,Paid Search,Paid Social,Competitor Search,Facebook Ads,5,5,0,0,0.0,214.17,,,Paid Search > Display > Referral > Organic Search > Paid Social
JOURNEY-03039,CUST-03039,2025-04-02 22:25:00,2025-04-02 22:25:00,Display,Display,Banner Campaign,Banner Campaign,1,1,0,0,0.0,0.0,,,Display
JOURNEY-03040,CUST-03040,2025-04-08 19:30:00,2025-04-16 22:14:00,Referral,Display,Partner Website,Retargeting,6,6,0,0,0.0,194.73,,,Referral > Paid Search > Organic Search > Paid Social > Email > Display
JOURNEY-03041,CUST-03041,2025-06-24 02:28:00,2025-06-26 12:58:00,Paid Social,Referral,Facebook Ads,Partner Website,2,2,0,0,0.0,58.5,,,Paid Social > Referral
JOURNEY-03042,CUST-03042,2025-06-19 15:59:00,2025-06-22 19:58:00,Paid Search,Referral,Brand Search,Partner Website,2,2,0,0,0.0,75.98,,,Paid Search > Referral
JOURNEY-03043,CUST-03043,2025-04-24 22:27:00,2025-04-25 12:11:00,Referral,Organic Search,Affiliate,Educational Content,2,2,0,0,0.0,13.73,,,Referral > Organic Search
JOURNEY-03044,CUST-03044,2025-01-07 13:09:00,2025-01-12 03:20:00,Paid Search,Paid Social,Product Search,Facebook Ads,3,3,0,0,0.0,110.18,,,Paid Search > Organic Social > Paid Social
JOURNEY-03045,CUST-03045,2025-01-31 14:34:00,2025-02-06 20:18:00,Email,Paid Search,Promotional Email,Product Search,5,3,0,0,0.0,149.73,,,Email > Paid Search > Referral > Email > Paid Search
JOURNEY-03046,CUST-03046,2025-06-23 01:09:00,2025-07-03 06:47:00,Paid Search,Display,Product Search,Prospecting,5,5,0,0,0.0,245.63,,,Paid Search > Referral > Organic Search > Paid Social > Display
JOURNEY-03047,CUST-03047,2025-04-06 21:09:00,2025-04-06 21:09:00,Organic Search,Organic Search,Educational Content,Educational Content,1,1,0,0,0.0,0.0,,,Organic Search
JOURNEY-03048,CUST-03048,2025-01-20 09:34:00,2025-01-24 07:57:00,Paid Search,Paid Search,Brand Search,Product Search,3,2,1,1,88.77,94.38,2025-01-24 07:57:00,3.93,Paid Search > Email > Paid Search
JOURNEY-03049,CUST-03049,2025-02-19 17:19:00,2025-02-24 07:09:00,Organic Search,Organic Search,Educational Content,Educational Content,3,2,0,0,0.0,109.83,,,Organic Search > Paid Search > Organic Search
JOURNEY-03050,CUST-03050,2025-04-25 12:59:00,2025-05-02 05:11:00,Email,Referral,Promotional Email,Affiliate,3,3,1,1,106.54,160.2,2025-05-02 05:11:00,6.68,Email > Paid Social > Referral
JOURNEY-03051,CUST-03051,2025-05-30 23:47:00,2025-06-06 02:09:00,Email,Display,Newsletter,Banner Campaign,5,4,1,1,108.7,146.37,2025-06-06 02:09:00,6.1,Email > Direct > Email > Paid Search > Display
JOURNEY-03052,CUST-03052,2025-02-13 10:46:00,2025-02-17 13:21:00,Paid Search,Paid Search,Product Search,Brand Search,4,3,0,0,0.0,98.58,,,Paid Search > Paid Social > Display > Paid Search
JOURNEY-03053,CUST-03053,2025-05-31 07:11:00,2025-06-02 12:12:00,Paid Search,Organic Search,Competitor Search,Product Pages,2,2,1,1,161.03,53.02,2025-06-02 12:12:00,2.21,Paid Search > Organic Search
JOURNEY-03054,CUST-03054,2025-04-27 03:53:00,2025-04-27 03:53:00,Paid Search,Paid Search,Product Search,Product Search,1,1,1,1,88.23,0.0,2025-04-27 03:53:00,0.0,Paid Search
JOURNEY-03055,CUST-03055,2025-01-14 21:52:00,2025-01-17 00:59:00,Organic Search,Paid Search,SEO Blog,Brand Search,2,2,0,0,0.0,51.12,,,Organic Search > Paid Search
JOURNEY-03056,CUST-03056,2025-02-06 19:36:00,2025-02-06 19:36:00,Direct,Direct,Direct Visit,Direct Visit,1,1,1,1,115.98,0.0,2025-02-06 19:36:00,0.0,Direct
JOURNEY-03057,CUST-03057,2025-01-20 17:48:00,2025-02-05 13:25:00,Direct,Organic Social,Direct Visit,LinkedIn Organic,8,5,0,0,0.0,379.62,,,Direct > Email > Display > Direct > Paid Search > Email > Direct > Organic Social
JOURNEY-03058,CUST-03058,2025-02-21 06:31:00,2025-02-26 02:42:00,Organic Search,Referral,Educational Content,Partner Website,4,4,0,0,0.0,116.18,,,Organic Search > Paid Social > Paid Search > Referral
JOURNEY-03059,CUST-03059,2025-02-21 08:02:00,2025-02-21 20:07:00,Email,Organic Search,Newsletter,SEO Blog,2,2,0,0,0.0,12.08,,,Email > Organic Search
JOURNEY-03060,CUST-03060,2025-02-27 08:46:00,2025-02-27 18:42:00,Email,Direct,Promotional Email,Direct Visit,2,2,1,1,146.47,9.93,2025-02-27 18:42:00,0.41,Email > Direct
JOURNEY-03061,CUST-03061,2025-01-11 18:24:00,2025-01-20 06:52:00,Paid Search,Organic Search,Competitor Search,Product Pages,5,4,0,0,0.0,204.47,,,Paid Search > Display > Organic Search > Direct > Organic Search
JOURNEY-03062,CUST-03062,2025-03-01 01:44:00,2025-03-05 12:03:00,Organic Social,Organic Social,LinkedIn Organic,TikTok Organic,3,2,0,0,0.0,106.32,,,Organic Social > Email > Organic Social
JOURNEY-03063,CUST-03063,2025-05-07 18:13:00,2025-05-16 05:10:00,Organic Social,Paid Search,TikTok Organic,Competitor Search,5,4,0,0,0.0,202.95,,,Organic Social > Paid Search > Paid Social > Email > Paid Search
JOURNEY-03064,CUST-03064,2025-01-09 02:25:00,2025-01-13 09:21:00,Email,Referral,Promotional Email,Customer Referral,4,4,0,0,0.0,102.93,,,Email > Paid Search > Direct > Referral
JOURNEY-03065,CUST-03065,2025-04-27 01:38:00,2025-04-30 16:47:00,Referral,Direct,Partner Website,Direct Visit,3,3,0,0,0.0,87.15,,,Referral > Email > Direct
JOURNEY-03066,CUST-03066,2025-04-27 22:34:00,2025-05-03 21:50:00,Organic Social,Email,TikTok Organic,Promotional Email,3,3,0,0,0.0,143.27,,,Organic Social > Organic Search > Email
JOURNEY-03067,CUST-03067,2025-02-16 19:48:00,2025-02-20 19:37:00,Referral,Direct,Customer Referral,Direct Visit,2,2,0,0,0.0,95.82,,,Referral > Direct
JOURNEY-03068,CUST-03068,2025-03-05 07:22:00,2025-03-10 10:25:00,Paid Search,Organic Search,Brand Search,Product Pages,3,3,1,1,104.87,123.05,2025-03-10 10:25:00,5.13,Paid Search > Organic Social > Organic Search
JOURNEY-03069,CUST-03069,2025-01-02 17:07:00,2025-01-13 19:56:00,Email,Referral,Welcome Series,Affiliate,6,4,0,0,0.0,266.82,,,Email > Display > Email > Paid Search > Email > Referral
JOURNEY-03070,CUST-03070,2025-04-09 21:13:00,2025-04-11 08:08:00,Referral,Organic Social,Partner Website,Instagram Organic,3,3,0,0,0.0,34.92,,,Referral > Direct > Organic Social
JOURNEY-03071,CUST-03071,2025-02-24 08:27:00,2025-02-25 11:03:00,Display,Organic Search,Banner Campaign,Product Pages,2,2,0,0,0.0,26.6,,,Display > Organic Search
JOURNEY-03072,CUST-03072,2025-03-31 07:58:00,2025-04-11 21:59:00,Paid Search,Organic Search,Brand Search,SEO Blog,6,6,1,1,217.19,278.02,2025-04-11 21:59:00,11.58,Paid Search > Direct > Organic Social > Display > Paid Social > Organic Search
JOURNEY-03073,CUST-03073,2025-01-31 06:29:00,2025-02-02 12:28:00,Paid Social,Paid Social,LinkedIn Ads,Facebook Ads,3,2,0,0,0.0,53.98,,,Paid Social > Paid Search > Paid Social
JOURNEY-03074,CUST-03074,2025-02-14 19:18:00,2025-02-19 03:19:00,Paid Social,Paid Social,LinkedIn Ads,Facebook Ads,3,2,0,0,0.0,104.02,,,Paid Social > Organic Social > Paid Social
JOURNEY-03075,CUST-03075,2025-05-20 04:58:00,2025-05-27 16:01:00,Paid Search,Organic Search,Product Search,Educational Content,5,3,0,0,0.0,179.05,,,Paid Search > Organic Search > Paid Search > Email > Organic Search
JOURNEY-03076,CUST-03076,2025-04-11 03:15:00,2025-04-16 07:16:00,Display,Organic Search,Retargeting,SEO Blog,4,4,0,0,0.0,124.02,,,Display > Paid Search > Paid Social > Organic Search
JOURNEY-03077,CUST-03077,2025-04-25 18:38:00,2025-04-25 21:31:00,Direct,Paid Search,Direct Visit,Competitor Search,2,2,0,0,0.0,2.88,,,Direct > Paid Search
JOURNEY-03078,CUST-03078,2025-05-31 07:45:00,2025-06-08 15:53:00,Paid Search,Paid Search,Brand Search,Competitor Search,5,3,0,0,0.0,200.13,,,Paid Search > Email > Paid Search > Organic Search > Paid Search
JOURNEY-03079,CUST-03079,2025-04-01 15:48:00,2025-04-08 20:18:00,Direct,Organic Search,Direct Visit,Educational Content,6,4,1,1,74.16,172.5,2025-04-08 20:18:00,7.19,Direct > Organic Search > Paid Social > Direct > Organic Social > Organic Search
JOURNEY-03080,CUST-03080,2025-04-02 05:30:00,2025-04-10 14:41:00,Display,Email,Banner Campaign,Newsletter,6,6,1,1,103.88,201.18,2025-04-10 14:41:00,8.38,Display > Organic Search > Paid Social > Paid Search > Direct > Email
JOURNEY-03081,CUST-03081,2025-03-11 17:05:00,2025-03-11 17:05:00,Paid Social,Paid Social,Facebook Ads,Facebook Ads,1,1,0,0,0.0,0.0,,,Paid Social
JOURNEY-03082,CUST-03082,2025-06-21 03:24:00,2025-06-28 06:18:00,Display,Paid Social,Banner Campaign,LinkedIn Ads,3,3,0,0,0.0,170.9,,,Display > Direct > Paid Social
JOURNEY-03083,CUST-03083,2025-02-16 22:55:00,2025-02-26 02:34:00,Organic Search,Organic Social,Educational Content,LinkedIn Organic,5,5,0,0,0.0,219.65,,,Organic Search > Referral > Paid Search > Direct > Organic Social
JOURNEY-03084,CUST-03084,2025-04-23 05:11:00,2025-04-23 07:19:00,Email,Paid Search,Promotional Email,Competitor Search,2,2,0,0,0.0,2.13,,,Email > Paid Search
JOURNEY-03085,CUST-03085,2025-02-22 01:17:00,2025-02-28 02:06:00,Paid Social,Display,Facebook Ads,Prospecting,4,4,1,1,92.78,144.82,2025-02-28 02:06:00,6.03,Paid Social > Direct > Referral > Display
JOURNEY-03086,CUST-03086,2025-05-13 16:59:00,2025-05-14 13:56:00,Email,Referral,Welcome Series,Affiliate,2,2,0,0,0.0,20.95,,,Email > Referral
JOURNEY-03087,CUST-03087,2025-06-18 09:43:00,2025-06-18 09:43:00,Paid Social,Paid Social,Facebook Ads,Facebook Ads,1,1,0,0,0.0,0.0,,,Paid Social
JOURNEY-03088,CUST-03088,2025-03-22 23:46:00,2025-03-26 01:22:00,Paid Social,Organic Search,Facebook Ads,SEO Blog,2,2,0,0,0.0,73.6,,,Paid Social > Organic Search
JOURNEY-03089,CUST-03089,2025-02-19 15:35:00,2025-02-22 06:39:00,Direct,Organic Social,Direct Visit,TikTok Organic,3,3,0,0,0.0,63.07,,,Direct > Paid Search > Organic Social
JOURNEY-03090,CUST-03090,2025-04-14 01:12:00,2025-04-19 16:50:00,Paid Social,Organic Social,LinkedIn Ads,LinkedIn Organic,4,4,0,0,0.0,135.63,,,Paid Social > Organic Search > Paid Search > Organic Social
JOURNEY-03091,CUST-03091,2025-03-08 21:10:00,2025-03-17 18:59:00,Organic Search,Email,Product Pages,Newsletter,5,4,1,1,180.73,213.82,2025-03-17 18:59:00,8.91,Organic Search > Display > Organic Search > Paid Search > Email
JOURNEY-03092,CUST-03092,2025-06-17 13:09:00,2025-06-23 14:29:00,Paid Social,Organic Search,LinkedIn Ads,SEO Blog,3,3,1,1,74.74,145.33,2025-06-23 14:29:00,6.06,Paid Social > Direct > Organic Search
JOURNEY-03093,CUST-03093,2025-06-28 08:49:00,2025-07-04 12:17:00,Paid Search,Organic Search,Competitor Search,SEO Blog,4,3,1,1,51.8,147.47,2025-07-04 12:17:00,6.14,Paid Search > Direct > Organic Search > Organic Search
JOURNEY-03094,CUST-03094,2025-06-14 08:42:00,2025-06-16 23:23:00,Paid Search,Organic Search,Product Search,SEO Blog,3,3,0,0,0.0,62.68,,,Paid Search > Email > Organic Search
JOURNEY-03095,CUST-03095,2025-04-18 09:36:00,2025-04-22 01:32:00,Display,Paid Search,Prospecting,Brand Search,2,2,0,0,0.0,87.93,,,Display > Paid Search
JOURNEY-03096,CUST-03096,2025-02-20 09:37:00,2025-02-20 09:37:00,Organic Search,Organic Search,Product Pages,Product Pages,1,1,0,0,0.0,0.0,,,Organic Search
JOURNEY-03097,CUST-03097,2025-05-24 05:20:00,2025-05-28 10:02:00,Direct,Organic Social,Direct Visit,LinkedIn Organic,3,3,1,1,81.5,100.7,2025-05-28 10:02:00,4.2,Direct > Organic Search > Organic Social
JOURNEY-03098,CUST-03098,2025-04-28 07:09:00,2025-05-09 00:59:00,Paid Search,Organic Social,Product Search,TikTok Organic,5,4,0,0,0.0,257.83,,,Paid Search > Paid Social > Organic Search > Paid Search > Organic Social
JOURNEY-03099,CUST-03099,2025-03-15 13:21:00,2025-03-16 11:02:00,Direct,Paid Search,Direct Visit,Competitor Search,4,3,0,0,0.0,21.68,,,Direct > Paid Search > Referral > Paid Search
JOURNEY-03100,CUST-03100,2025-01-09 15:10:00,2025-01-17 17:28:00,Display,Paid Social,Retargeting,Facebook Ads,5,4,0,0,0.0,194.3,,,Display > Organic Search > Organic Search > Referral > Paid Social
JOURNEY-03101,CUST-03101,2025-04-28 08:13:00,2025-05-03 18:10:00,Paid Search,Paid Social,Brand Search,Facebook Ads,4,3,0,0,0.0,129.95,,,Paid Search > Paid Social > Organic Search > Paid Social
JOURNEY-03102,CUST-03102,2025-05-11 13:33:00,2025-05-18 22:32:00,Paid Social,Email,Facebook Ads,Newsletter,5,4,0,0,0.0,176.98,,,Paid Social > Paid Search > Referral > Paid Search > Email
JOURNEY-03103,CUST-03103,2025-02-05 08:36:00,2025-02-09 14:30:00,Organic Social,Organic Search,TikTok Organic,SEO Blog,3,3,0,0,0.0,101.9,,,Organic Social > Paid Search > Organic Search
JOURNEY-03104,CUST-03104,2025-01-30 17:18:00,2025-02-02 06:35:00,Organic Search,Display,SEO Blog,Prospecting,3,3,0,0,0.0,61.28,,,Organic Search > Email > Display
JOURNEY-03105,CUST-03105,2025-02-11 19:48:00,2025-02-17 01:40:00,Paid Social,Organic Search,Instagram Ads,Product Pages,5,5,0,0,0.0,125.87,,,Paid Social > Paid Search > Organic Social > Email > Organic Search
JOURNEY-03106,CUST-03106,2025-04-19 05:45:00,2025-04-27 07:23:00,Paid Social,Display,Facebook Ads,Banner Campaign,6,5,0,0,0.0,193.63,,,Paid Social > Organic Social > Referral > Paid Social > Paid Search > Display
JOURNEY-03107,CUST-03107,2025-01-07 11:42:00,2025-01-11 18:38:00,Email,Referral,Newsletter,Customer Referral,3,3,0,0,0.0,102.93,,,Email > Direct > Referral
JOURNEY-03108,CUST-03108,2025-06-24 16:48:00,2025-07-01 07:35:00,Organic Search,Organic Social,Product Pages,LinkedIn Organic,4,3,0,0,0.0,158.78,,,Organic Search > Paid Social > Organic Social > Organic Social
JOURNEY-03109,CUST-03109,2025-01-15 10:54:00,2025-01-16 02:04:00,Organic Search,Paid Social,Product Pages,Instagram Ads,2,2,0,0,0.0,15.17,,,Organic Search > Paid Social
JOURNEY-03110,CUST-03110,2025-04-25 02:16:00,2025-04-26 08:23:00,Email,Email,Newsletter,Welcome Series,2,1,0,0,0.0,30.12,,,Email > Email
JOURNEY-03111,CUST-03111,2025-05-22 01:26:00,2025-05-30 06:37:00,Organic Search,Paid Social,Educational Content,Facebook Ads,5,4,0,0,0.0,197.18,,,Organic Search > Paid Search > Paid Social > Email > Paid Social
JOURNEY-03112,CUST-03112,2025-01-14 14:17:00,2025-01-25 20:21:00,Display,Direct,Retargeting,Direct Visit,6,5,1,1,123.07,270.07,2025-01-25 20:21:00,11.25,Display > Organic Social > Paid Search > Direct > Email > Direct
JOURNEY-03113,CUST-03113,2025-02-21 03:39:00,2025-02-25 23:49:00,Direct,Direct,Direct Visit,Direct Visit,6,4,1,1,141.36,116.17,2025-02-25 23:49:00,4.84,Direct > Organic Search > Direct > Paid Search > Referral > Direct
JOURNEY-03114,CUST-03114,2025-02-18 23:55:00,2025-02-22 11:17:00,Organic Search,Referral,Educational Content,Partner Website,4,4,1,1,281.85,83.37,2025-02-22 11:17:00,3.47,Organic Search > Organic Social > Display > Referral
JOURNEY-03115,CUST-03115,2025-06-05 05:26:00,2025-06-05 05:26:00,Organic Search,Organic Search,Product Pages,Product Pages,1,1,1,1,108.28,0.0,2025-06-05 05:26:00,0.0,Organic Search
JOURNEY-03116,CUST-03116,2025-04-03 02:00:00,2025-04-07 10:14:00,Referral,Paid Social,Customer Referral,Instagram Ads,4,3,1,1,97.15,104.23,2025-04-07 10:14:00,4.34,Referral > Paid Search > Paid Search > Paid Social
JOURNEY-03117,CUST-03117,2025-05-01 02:39:00,2025-05-17 19:17:00,Organic Search,Referral,Educational Content,Partner Website,8,6,1,1,289.12,400.63,2025-05-17 19:17:00,16.69,Organic Search > Direct > Paid Social > Organic Social > Referral > Paid Social > Paid Search > Referral
JOURNEY-03118,CUST-03118,2025-05-03 11:02:00,2025-05-17 21:53:00,Display,Email,Retargeting,Newsletter,8,4,0,0,0.0,346.85,,,Display > Paid Social > Display > Paid Search > Email > Paid Search > Paid Social > Email
JOURNEY-03119,CUST-03119,2025-04-30 00:32:00,2025-05-03 15:05:00,Organic Social,Email,Instagram Organic,Promotional Email,3,3,0,0,0.0,86.55,,,Organic Social > Paid Social > Email
JOURNEY-03120,CUST-03120,2025-03-25 19:10:00,2025-03-27 07:01:00,Referral,Paid Social,Customer Referral,Instagram Ads,2,2,0,0,0.0,35.85,,,Referral > Paid Social
JOURNEY-03121,CUST-03121,2025-02-19 04:24:00,2025-02-23 20:42:00,Organic Search,Display,Educational Content,Retargeting,4,4,0,0,0.0,112.3,,,Organic Search > Email > Paid Search > Display
JOURNEY-03122,CUST-03122,2025-04-18 21:20:00,2025-04-27 14:28:00,Direct,Organic Search,Direct Visit,Educational Content,4,4,0,0,0.0,209.13,,,Direct > Referral > Paid Social > Organic Search
JOURNEY-03123,CUST-03123,2025-04-27 16:02:00,2025-04-30 07:38:00,Email,Organic Social,Newsletter,LinkedIn Organic,3,3,1,1,97.16,63.6,2025-04-30 07:38:00,2.65,Email > Organic Search > Organic Social
JOURNEY-03124,CUST-03124,2025-06-07 23:31:00,2025-06-15 10:29:00,Paid Social,Referral,Instagram Ads,Partner Website,4,3,0,0,0.0,178.97,,,Paid Social > Paid Search > Paid Social > Referral
JOURNEY-03125,CUST-03125,2025-03-10 19:41:00,2025-03-20 23:16:00,Paid Search,Organic Search,Product Search,Educational Content,6,5,0,0,0.0,243.58,,,Paid Search > Email > Direct > Paid Social > Paid Search > Organic Search
JOURNEY-03126,CUST-03126,2025-03-17 11:24:00,2025-03-28 06:59:00,Email,Paid Social,Welcome Series,Facebook Ads,6,5,0,0,0.0,259.58,,,Email > Direct > Referral > Paid Social > Organic Social > Paid Social
JOURNEY-03127,CUST-03127,2025-04-24 12:03:00,2025-04-25 09:03:00,Paid Search,Organic Search,Competitor Search,Product Pages,2,2,0,0,0.0,21.0,,,Paid Search > Organic Search
JOURNEY-03128,CUST-03128,2025-03-23 08:14:00,2025-03-24 10:53:00,Email,Organic Search,Welcome Series,Product Pages,2,2,0,0,0.0,26.65,,,Email > Organic Search
JOURNEY-03129,CUST-03129,2025-06-22 16:12:00,2025-06-25 22:24:00,Organic Social,Paid Social,Instagram Organic,Facebook Ads,3,3,0,0,0.0,78.2,,,Organic Social > Display > Paid Social
JOURNEY-03130,CUST-03130,2025-01-22 01:55:00,2025-01-26 15:21:00,Paid Search,Direct,Competitor Search,Direct Visit,3,2,1,1,53.26,109.43,2025-01-26 15:21:00,4.56,Paid Search > Direct > Direct
JOURNEY-03131,CUST-03131,2025-03-10 17:36:00,2025-03-16 20:04:00,Paid Social,Paid Social,LinkedIn Ads,LinkedIn Ads,5,4,0,0,0.0,146.47,,,Paid Social > Organic Social > Organic Search > Paid Search > Paid Social
JOURNEY-03132,CUST-03132,2025-01-31 22:48:00,2025-02-04 09:08:00,Paid Social,Direct,LinkedIn Ads,Direct Visit,3,3,0,0,0.0,82.33,,,Paid Social > Display > Direct
JOURNEY-03133,CUST-03133,2025-03-03 12:16:00,2025-03-05 22:14:00,Paid Social,Organic Search,LinkedIn Ads,Educational Content,3,3,1,1,107.46,57.97,2025-03-05 22:14:00,2.42,Paid Social > Email > Organic Search
JOURNEY-03134,CUST-03134,2025-06-22 14:25:00,2025-07-02 15:31:00,Paid Search,Organic Social,Competitor Search,TikTok Organic,6,6,0,0,0.0,241.1,,,Paid Search > Referral > Paid Social > Email > Organic Search > Organic Social
JOURNEY-03135,CUST-03135,2025-01-22 12:59:00,2025-01-29 02:29:00,Direct,Paid Social,Direct Visit,LinkedIn Ads,4,4,0,0,0.0,157.5,,,Direct > Organic Search > Paid Search > Paid Social
JOURNEY-03136,CUST-03136,2025-02-03 16:49:00,2025-02-04 22:51:00,Email,Direct,Welcome Series,Direct Visit,3,3,0,0,0.0,30.03,,,Email > Paid Social > Direct
JOURNEY-03137,CUST-03137,2025-05-27 17:11:00,2025-06-01 18:21:00,Paid Search,Email,Product Search,Welcome Series,4,2,0,0,0.0,121.17,,,Paid Search > Email > Email > Email
JOURNEY-03138,CUST-03138,2025-06-05 10:30:00,2025-06-08 17:18:00,Referral,Organic Social,Customer Referral,Instagram Organic,2,2,0,0,0.0,78.8,,,Referral > Organic Social
JOURNEY-03139,CUST-03139,2025-06-01 10:08:00,2025-06-08 01:30:00,Paid Social,Paid Social,Facebook Ads,Facebook Ads,3,2,1,1,103.86,159.37,2025-06-08 01:30:00,6.64,Paid Social > Direct > Paid Social
JOURNEY-03140,CUST-03140,2025-06-24 16:34:00,2025-07-01 22:51:00,Paid Social,Paid Social,Instagram Ads,Facebook Ads,4,3,0,0,0.0,174.28,,,Paid Social > Organic Search > Direct > Paid Social
JOURNEY-03141,CUST-03141,2025-01-11 23:50:00,2025-01-16 23:08:00,Organic Search,Display,Product Pages,Banner Campaign,5,5,1,1,191.21,119.3,2025-01-16 23:08:00,4.97,Organic Search > Direct > Email > Organic Social > Display
JOURNEY-03142,CUST-03142,2025-01-02 20:04:00,2025-01-05 03:28:00,Organic Social,Organic Search,LinkedIn Organic,Educational Content,2,2,0,0,0.0,55.4,,,Organic Social > Organic Search
JOURNEY-03143,CUST-03143,2025-02-01 03:43:00,2025-02-03 07:41:00,Email,Display,Newsletter,Banner Campaign,2,2,0,0,0.0,51.97,,,Email > Display
JOURNEY-03144,CUST-03144,2025-03-04 16:24:00,2025-03-05 23:37:00,Display,Paid Search,Retargeting,Brand Search,3,2,1,1,71.46,31.22,2025-03-05 23:37:00,1.3,Display > Paid Search > Paid Search
JOURNEY-03145,CUST-03145,2025-05-13 22:34:00,2025-05-25 01:16:00,Organic Social,Paid Search,LinkedIn Organic,Competitor Search,6,5,0,0,0.0,266.7,,,Organic Social > Referral > Organic Search > Display > Display > Paid Search
JOURNEY-03146,CUST-03146,2025-06-03 17:14:00,2025-06-03 17:14:00,Email,Email,Welcome Series,Welcome Series,1,1,0,0,0.0,0.0,,,Email
JOURNEY-03147,CUST-03147,2025-03-09 00:12:00,2025-03-11 17:14:00,Paid Social,Paid Social,Instagram Ads,LinkedIn Ads,3,2,0,0,0.0,65.03,,,Paid Social > Email > Paid Social
JOURNEY-03148,CUST-03148,2025-02-13 16:05:00,2025-02-15 04:57:00,Referral,Organic Search,Affiliate,Educational Content,2,2,0,0,0.0,36.87,,,Referral > Organic Search
JOURNEY-03149,CUST-03149,2025-03-06 02:18:00,2025-03-06 02:18:00,Paid Social,Paid Social,LinkedIn Ads,LinkedIn Ads,1,1,1,1,173.74,0.0,2025-03-06 02:18:00,0.0,Paid Social
JOURNEY-03150,CUST-03150,2025-03-23 12:58:00,2025-03-27 11:59:00,Paid Social,Referral,LinkedIn Ads,Partner Website,2,2,1,1,329.52,95.02,2025-03-27 11:59:00,3.96,Paid Social > Referral
JOURNEY-03151,CUST-03151,2025-05-04 04:56:00,2025-05-08 06:36:00,Paid Search,Paid Search,Competitor Search,Product Search,3,2,0,0,0.0,97.67,,,Paid Search > Paid Social > Paid Search
JOURNEY-03152,CUST-03152,2025-01-22 10:08:00,2025-01-25 00:15:00,Email,Referral,Promotional Email,Affiliate,2,2,0,0,0.0,62.12,,,Email > Referral
JOURNEY-03153,CUST-03153,2025-01-16 16:57:00,2025-01-17 13:58:00,Email,Direct,Promotional Email,Direct Visit,2,2,0,0,0.0,21.02,,,Email > Direct
JOURNEY-03154,CUST-03154,2025-05-19 07:36:00,2025-05-19 20:23:00,Paid Social,Email,Instagram Ads,Newsletter,2,2,0,0,0.0,12.78,,,Paid Social > Email
JOURNEY-03155,CUST-03155,2025-05-19 22:08:00,2025-05-26 00:00:00,Paid Social,Organic Search,Facebook Ads,Product Pages,4,4,1,1,143.77,145.87,2025-05-26 00:00:00,6.08,Paid Social > Paid Search > Email > Organic Search
JOURNEY-03156,CUST-03156,2025-04-14 09:45:00,2025-04-15 16:23:00,Paid Social,Referral,Facebook Ads,Customer Referral,3,3,1,1,61.34,30.63,2025-04-15 16:23:00,1.28,Paid Social > Organic Social > Referral
JOURNEY-03157,CUST-03157,2025-06-02 00:01:00,2025-06-09 00:27:00,Organic Search,Paid Search,Product Pages,Brand Search,3,3,0,0,0.0,168.43,,,Organic Search > Display > Paid Search
JOURNEY-03158,CUST-03158,2025-01-01 02:55:00,2025-01-04 21:15:00,Display,Email,Retargeting,Promotional Email,3,3,1,1,137.8,90.33,2025-01-04 21:15:00,3.76,Display > Direct > Email
JOURNEY-03159,CUST-03159,2025-06-09 11:33:00,2025-06-12 11:02:00,Email,Organic Social,Promotional Email,Instagram Organic,3,3,0,0,0.0,71.48,,,Email > Organic Search > Organic Social
JOURNEY-03160,CUST-03160,2025-01-16 07:07:00,2025-01-16 07:07:00,Display,Display,Prospecting,Prospecting,1,1,0,0,0.0,0.0,,,Display
JOURNEY-03161,CUST-03161,2025-02-19 00:24:00,2025-02-23 20:33:00,Organic Search,Paid Social,SEO Blog,LinkedIn Ads,3,3,0,0,0.0,116.15,,,Organic Search > Email > Paid Social
JOURNEY-03162,CUST-03162,2025-01-15 07:17:00,2025-01-20 08:49:00,Organic Search,Direct,Product Pages,Direct Visit,3,3,0,0,0.0,121.53,,,Organic Search > Email > Direct
JOURNEY-03163,CUST-03163,2025-03-06 02:43:00,2025-03-11 01:32:00,Organic Social,Referral,TikTok Organic,Customer Referral,3,3,0,0,0.0,118.82,,,Organic Social > Paid Search > Referral
JOURNEY-03164,CUST-03164,2025-02-23 17:31:00,2025-02-27 22:35:00,Organic Search,Display,SEO Blog,Banner Campaign,3,3,1,1,116.27,101.07,2025-02-27 22:35:00,4.21,Organic Search > Paid Search > Display
JOURNEY-03165,CUST-03165,2025-01-26 01:59:00,2025-01-28 10:56:00,Email,Organic Search,Welcome Series,Product Pages,2,2,1,1,164.35,56.95,2025-01-28 10:56:00,2.37,Email > Organic Search
JOURNEY-03166,CUST-03166,2025-01-27 17:37:00,2025-01-27 17:37:00,Organic Social,Organic Social,LinkedIn Organic,LinkedIn Organic,1,1,0,0,0.0,0.0,,,Organic Social
JOURNEY-03167,CUST-03167,2025-04-01 14:57:00,2025-04-09 05:15:00,Paid Social,Display,Facebook Ads,Retargeting,4,4,0,0,0.0,182.3,,,Paid Social > Organic Social > Direct > Display
JOURNEY-03168,CUST-03168,2025-04-27 17:37:00,2025-05-05 15:36:00,Organic Search,Display,Educational Content,Retargeting,5,4,0,0,0.0,189.98,,,Organic Search > Paid Search > Direct > Paid Search > Display
JOURNEY-03169,CUST-03169,2025-03-04 19:22:00,2025-03-14 10:24:00,Display,Organic Social,Retargeting,TikTok Organic,5,5,1,1,123.1,231.03,2025-03-14 10:24:00,9.63,Display > Organic Search > Referral > Direct > Organic Social
JOURNEY-03170,CUST-03170,2025-03-20 00:13:00,2025-03-24 00:17:00,Direct,Email,Direct Visit,Newsletter,4,3,1,1,176.81,96.07,2025-03-24 00:17:00,4.0,Direct > Email > Organic Search > Email
JOURNEY-03171,CUST-03171,2025-04-22 20:29:00,2025-04-29 08:42:00,Referral,Direct,Affiliate,Direct Visit,5,5,0,0,0.0,156.22,,,Referral > Paid Social > Paid Search > Organic Search > Direct
JOURNEY-03172,CUST-03172,2025-03-15 08:10:00,2025-03-15 08:10:00,Email,Email,Welcome Series,Welcome Series,1,1,0,0,0.0,0.0,,,Email
JOURNEY-03173,CUST-03173,2025-04-05 22:17:00,2025-04-12 18:14:00,Direct,Paid Social,Direct Visit,Facebook Ads,3,3,0,0,0.0,163.95,,,Direct > Paid Search > Paid Social
JOURNEY-03174,CUST-03174,2025-05-06 20:53:00,2025-05-14 05:43:00,Organic Social,Referral,LinkedIn Organic,Customer Referral,5,3,1,1,128.68,176.83,2025-05-14 05:43:00,7.37,Organic Social > Paid Social > Organic Social > Organic Social > Referral
JOURNEY-03175,CUST-03175,2025-05-04 00:11:00,2025-05-06 02:18:00,Direct,Organic Search,Direct Visit,SEO Blog,4,4,0,0,0.0,50.12,,,Direct > Paid Social > Email > Organic Search
JOURNEY-03176,CUST-03176,2025-05-10 00:23:00,2025-05-13 07:18:00,Paid Search,Referral,Competitor Search,Customer Referral,3,3,0,0,0.0,78.92,,,Paid Search > Display > Referral
JOURNEY-03177,CUST-03177,2025-01-18 14:11:00,2025-01-22 16:35:00,Paid Social,Paid Social,Instagram Ads,Facebook Ads,3,2,1,1,159.99,98.4,2025-01-22 16:35:00,4.1,Paid Social > Display > Paid Social
JOURNEY-03178,CUST-03178,2025-04-25 09:58:00,2025-04-30 19:06:00,Email,Email,Promotional Email,Newsletter,3,2,0,0,0.0,129.13,,,Email > Paid Search > Email
JOURNEY-03179,CUST-03179,2025-04-09 18:43:00,2025-04-14 01:49:00,Organic Search,Display,Product Pages,Prospecting,4,4,0,0,0.0,103.1,,,Organic Search > Referral > Paid Search > Display
JOURNEY-03180,CUST-03180,2025-05-17 16:37:00,2025-05-28 13:53:00,Paid Social,Referral,Facebook Ads,Customer Referral,6,5,0,0,0.0,261.27,,,Paid Social > Direct > Display > Referral > Email > Referral
JOURNEY-03181,CUST-03181,2025-03-26 08:51:00,2025-03-31 19:31:00,Paid Social,Organic Social,Facebook Ads,LinkedIn Organic,3,3,0,0,0.0,130.67,,,Paid Social > Direct > Organic Social
JOURNEY-03182,CUST-03182,2025-02-05 14:10:00,2025-02-09 10:46:00,Organic Search,Email,SEO Blog,Promotional Email,2,2,0,0,0.0,92.6,,,Organic Search > Email
JOURNEY-03183,CUST-03183,2025-05-01 03:01:00,2025-05-13 09:36:00,Direct,Email,Direct Visit,Promotional Email,7,6,1,1,161.51,294.58,2025-05-13 09:36:00,12.27,Direct > Paid Search > Organic Social > Organic Search > Paid Social > Paid Social > Email
JOURNEY-03184,CUST-03184,2025-03-02 17:55:00,2025-03-03 17:52:00,Paid Social,Referral,Instagram Ads,Partner Website,2,2,0,0,0.0,23.95,,,Paid Social > Referral
JOURNEY-03185,CUST-03185,2025-06-13 09:21:00,2025-06-24 11:30:00,Organic Search,Organic Search,SEO Blog,SEO Blog,7,4,1,1,93.32,266.15,2025-06-24 11:30:00,11.09,Organic Search > Paid Social > Organic Social > Organic Search > Email > Organic Social > Organic Search
JOURNEY-03186,CUST-03186,2025-06-13 09:41:00,2025-06-21 10:06:00,Paid Search,Organic Social,Product Search,TikTok Organic,5,3,0,0,0.0,192.42,,,Paid Search > Email > Paid Search > Email > Organic Social
JOURNEY-03187,CUST-03187,2025-04-13 06:14:00,2025-04-13 17:55:00,Paid Social,Referral,Instagram Ads,Customer Referral,2,2,0,0,0.0,11.68,,,Paid Social > Referral
JOURNEY-03188,CUST-03188,2025-04-05 15:50:00,2025-04-13 18:46:00,Email,Paid Search,Welcome Series,Product Search,4,4,0,0,0.0,194.93,,,Email > Direct > Paid Social > Paid Search
JOURNEY-03189,CUST-03189,2025-02-28 15:57:00,2025-03-07 11:33:00,Organic Search,Organic Search,SEO Blog,Product Pages,5,3,1,1,169.67,163.6,2025-03-07 11:33:00,6.82,Organic Search > Paid Search > Organic Search > Email > Organic Search
JOURNEY-03190,CUST-03190,2025-06-09 20:43:00,2025-06-20 15:48:00,Paid Search,Paid Search,Brand Search,Competitor Search,5,3,0,0,0.0,259.08,,,Paid Search > Email > Organic Search > Paid Search > Paid Search
JOURNEY-03191,CUST-03191,2025-03-17 12:29:00,2025-03-19 01:06:00,Paid Social,Email,LinkedIn Ads,Welcome Series,2,2,1,1,278.34,36.62,2025-03-19 01:06:00,1.53,Paid Social > Email
JOURNEY-03192,CUST-03192,2025-01-07 19:12:00,2025-01-10 12:30:00,Paid Search,Direct,Product Search,Direct Visit,2,2,1,1,54.83,65.3,2025-01-10 12:30:00,2.72,Paid Search > Direct
JOURNEY-03193,CUST-03193,2025-03-08 17:31:00,2025-03-12 03:16:00,Email,Referral,Welcome Series,Customer Referral,2,2,0,0,0.0,81.75,,,Email > Referral
JOURNEY-03194,CUST-03194,2025-06-08 22:43:00,2025-06-13 04:17:00,Display,Organic Social,Prospecting,LinkedIn Organic,6,4,1,1,108.72,101.57,2025-06-13 04:17:00,4.23,Display > Paid Social > Paid Search > Paid Social > Paid Search > Organic Social
JOURNEY-03195,CUST-03195,2025-06-27 02:44:00,2025-06-29 23:55:00,Email,Referral,Welcome Series,Customer Referral,2,2,1,1,180.65,69.18,2025-06-29 23:55:00,2.88,Email > Referral
JOURNEY-03196,CUST-03196,2025-01-31 19:57:00,2025-02-03 17:46:00,Direct,Organic Social,Direct Visit,LinkedIn Organic,2,2,0,0,0.0,69.82,,,Direct > Organic Social
JOURNEY-03197,CUST-03197,2025-04-14 23:43:00,2025-04-15 17:04:00,Display,Paid Social,Prospecting,LinkedIn Ads,2,2,0,0,0.0,17.35,,,Display > Paid Social
JOURNEY-03198,CUST-03198,2025-04-15 17:10:00,2025-04-21 06:50:00,Display,Email,Banner Campaign,Newsletter,4,3,1,1,92.02,133.67,2025-04-21 06:50:00,5.57,Display > Display > Organic Search > Email
JOURNEY-03199,CUST-03199,2025-05-26 10:52:00,2025-05-31 21:46:00,Organic Search,Email,SEO Blog,Promotional Email,4,2,0,0,0.0,130.9,,,Organic Search > Email > Organic Search > Email
JOURNEY-03200,CUST-03200,2025-05-23 05:19:00,2025-05-23 09:23:00,Organic Search,Display,Product Pages,Banner Campaign,2,2,0,0,0.0,4.07,,,Organic Search > Display
JOURNEY-03201,CUST-03201,2025-06-18 19:53:00,2025-06-25 03:36:00,Email,Display,Promotional Email,Prospecting,3,3,0,0,0.0,151.72,,,Email > Direct > Display
JOURNEY-03202,CUST-03202,2025-04-09 01:06:00,2025-04-14 21:57:00,Organic Search,Paid Social,Product Pages,Facebook Ads,3,3,0,0,0.0,140.85,,,Organic Search > Direct > Paid Social
JOURNEY-03203,CUST-03203,2025-03-18 03:02:00,2025-03-18 03:02:00,Direct,Direct,Direct Visit,Direct Visit,1,1,0,0,0.0,0.0,,,Direct
JOURNEY-03204,CUST-03204,2025-05-12 13:15:00,2025-05-17 06:42:00,Paid Search,Email,Competitor Search,Newsletter,4,4,1,1,141.94,113.45,2025-05-17 06:42:00,4.73,Paid Search > Organic Search > Paid Social > Email
JOURNEY-03205,CUST-03205,2025-01-27 23:57:00,2025-01-30 00:28:00,Paid Social,Organic Search,Facebook Ads,Product Pages,2,2,0,0,0.0,48.52,,,Paid Social > Organic Search
JOURNEY-03206,CUST-03206,2025-04-26 03:04:00,2025-05-04 12:51:00,Organic Search,Organic Search,Educational Content,Educational Content,4,3,0,0,0.0,201.78,,,Organic Search > Referral > Organic Social > Organic Search
JOURNEY-03207,CUST-03207,2025-02-25 03:34:00,2025-03-01 06:43:00,Organic Search,Referral,Product Pages,Customer Referral,3,3,1,1,125.59,99.15,2025-03-01 06:43:00,4.13,Organic Search > Organic Social > Referral
JOURNEY-03208,CUST-03208,2025-04-05 17:51:00,2025-04-09 16:15:00,Organic Search,Organic Search,Educational Content,Product Pages,3,2,0,0,0.0,94.4,,,Organic Search > Paid Social > Organic Search
JOURNEY-03209,CUST-03209,2025-02-15 15:30:00,2025-02-20 21:41:00,Email,Paid Social,Welcome Series,Facebook Ads,3,3,1,1,19.7,126.18,2025-02-20 21:41:00,5.26,Email > Direct > Paid Social
JOURNEY-03210,CUST-03210,2025-01-15 11:52:00,2025-01-21 16:46:00,Paid Search,Paid Social,Competitor Search,LinkedIn Ads,5,3,1,1,261.19,148.9,2025-01-21 16:46:00,6.2,Paid Search > Paid Search > Display > Paid Search > Paid Social
JOURNEY-03211,CUST-03211,2025-01-06 21:38:00,2025-01-11 08:26:00,Email,Referral,Promotional Email,Partner Website,6,5,0,0,0.0,106.8,,,Email > Organic Search > Paid Search > Referral > Paid Social > Referral
JOURNEY-03212,CUST-03212,2025-04-18 05:15:00,2025-04-29 08:43:00,Paid Social,Organic Search,LinkedIn Ads,Educational Content,7,6,1,1,212.63,267.47,2025-04-29 08:43:00,11.14,Paid Social > Direct > Organic Social > Organic Search > Display > Paid Search > Organic Search
JOURNEY-03213,CUST-03213,2025-04-06 05:17:00,2025-04-06 05:17:00,Organic Search,Organic Search,SEO Blog,SEO Blog,1,1,0,0,0.0,0.0,,,Organic Search
JOURNEY-03214,CUST-03214,2025-04-30 17:25:00,2025-05-02 12:57:00,Organic Search,Referral,Product Pages,Partner Website,4,4,0,0,0.0,43.53,,,Organic Search > Paid Search > Direct > Referral
JOURNEY-03215,CUST-03215,2025-03-27 16:08:00,2025-04-02 06:12:00,Paid Social,Email,LinkedIn Ads,Newsletter,4,2,0,0,0.0,134.07,,,Paid Social > Email > Paid Social > Email
JOURNEY-03216,CUST-03216,2025-03-19 14:58:00,2025-03-24 23:29:00,Paid Social,Paid Search,LinkedIn Ads,Brand Search,3,3,0,0,0.0,128.52,,,Paid Social > Display > Paid Search
JOURNEY-03217,CUST-03217,2025-02-11 23:41:00,2025-02-18 13:15:00,Organic Search,Paid Social,Educational Content,LinkedIn Ads,3,3,0,0,0.0,157.57,,,Organic Search > Paid Search > Paid Social
JOURNEY-03218,CUST-03218,2025-06-25 20:17:00,2025-07-07 09:09:00,Direct,Organic Social,Direct Visit,TikTok Organic,6,5,1,1,140.34,276.87,2025-07-07 09:09:00,11.54,Direct > Display > Direct > Paid Search > Paid Social > Organic Social
JOURNEY-03219,CUST-03219,2025-01-06 20:21:00,2025-01-12 13:17:00,Email,Email,Welcome Series,Promotional Email,3,2,0,0,0.0,136.93,,,Email > Paid Social > Email
JOURNEY-03220,CUST-03220,2025-03-29 22:13:00,2025-04-03 02:54:00,Paid Social,Display,Facebook Ads,Prospecting,4,4,0,0,0.0,100.68,,,Paid Social > Email > Organic Search > Display
JOURNEY-03221,CUST-03221,2025-01-01 19:58:00,2025-01-03 05:41:00,Paid Social,Organic Search,LinkedIn Ads,Educational Content,3,3,0,0,0.0,33.72,,,Paid Social > Email > Organic Search
JOURNEY-03222,CUST-03222,2025-03-02 00:49:00,2025-03-08 22:31:00,Organic Social,Organic Search,LinkedIn Organic,SEO Blog,4,3,0,0,0.0,165.7,,,Organic Social > Organic Search > Email > Organic Search
JOURNEY-03223,CUST-03223,2025-04-17 01:02:00,2025-04-22 07:57:00,Organic Search,Paid Social,Educational Content,Instagram Ads,4,4,0,0,0.0,126.92,,,Organic Search > Organic Social > Display > Paid Social
JOURNEY-03224,CUST-03224,2025-03-13 03:48:00,2025-03-16 13:29:00,Paid Social,Organic Search,LinkedIn Ads,Product Pages,3,3,1,1,50.04,81.68,2025-03-16 13:29:00,3.4,Paid Social > Email > Organic Search
JOURNEY-03225,CUST-03225,2025-05-24 00:25:00,2025-05-30 14:51:00,Paid Social,Paid Social,Facebook Ads,Facebook Ads,4,3,0,0,0.0,158.43,,,Paid Social > Email > Display > Paid Social
JOURNEY-03226,CUST-03226,2025-02-20 00:07:00,2025-03-04 05:54:00,Organic Search,Organic Search,Product Pages,Product Pages,7,6,0,0,0.0,293.78,,,Organic Search > Display > Paid Search > Email > Referral > Paid Social > Organic Search
JOURNEY-03227,CUST-03227,2025-03-30 22:10:00,2025-04-04 22:52:00,Direct,Display,Direct Visit,Retargeting,3,3,0,0,0.0,120.7,,,Direct > Organic Search > Display
JOURNEY-03228,CUST-03228,2025-05-05 19:03:00,2025-05-09 07:43:00,Paid Search,Direct,Product Search,Direct Visit,3,2,0,0,0.0,84.67,,,Paid Search > Paid Search > Direct
JOURNEY-03229,CUST-03229,2025-03-27 19:45:00,2025-04-03 10:17:00,Organic Search,Paid Social,Product Pages,LinkedIn Ads,4,4,1,1,228.87,158.53,2025-04-03 10:17:00,6.61,Organic Search > Organic Social > Paid Search > Paid Social
JOURNEY-03230,CUST-03230,2025-06-28 00:06:00,2025-07-05 20:24:00,Email,Organic Search,Promotional Email,Educational Content,5,4,0,0,0.0,188.3,,,Email > Email > Paid Search > Organic Social > Organic Search
JOURNEY-03231,CUST-03231,2025-05-26 05:27:00,2025-05-31 06:55:00,Organic Search,Organic Search,SEO Blog,SEO Blog,3,2,0,0,0.0,121.47,,,Organic Search > Organic Social > Organic Search
JOURNEY-03232,CUST-03232,2025-05-10 12:23:00,2025-05-13 13:23:00,Email,Paid Search,Welcome Series,Brand Search,3,3,1,1,65.28,73.0,2025-05-13 13:23:00,3.04,Email > Direct > Paid Search
JOURNEY-03233,CUST-03233,2025-05-31 12:35:00,2025-06-04 00:03:00,Organic Search,Paid Social,SEO Blog,LinkedIn Ads,2,2,1,1,184.17,83.47,2025-06-04 00:03:00,3.48,Organic Search > Paid Social
JOURNEY-03234,CUST-03234,2025-02-08 10:21:00,2025-02-08 10:21:00,Paid Search,Paid Search,Brand Search,Brand Search,1,1,1,1,124.43,0.0,2025-02-08 10:21:00,0.0,Paid Search
JOURNEY-03235,CUST-03235,2025-02-11 11:48:00,2025-02-18 15:02:00,Paid Social,Paid Social,LinkedIn Ads,Instagram Ads,4,3,0,0,0.0,171.23,,,Paid Social > Organic Search > Email > Paid Social
JOURNEY-03236,CUST-03236,2025-02-05 10:05:00,2025-02-07 18:24:00,Organic Search,Paid Search,Product Pages,Competitor Search,3,3,0,0,0.0,56.32,,,Organic Search > Direct > Paid Search
JOURNEY-03237,CUST-03237,2025-04-25 07:47:00,2025-05-01 10:42:00,Display,Referral,Retargeting,Affiliate,3,3,0,0,0.0,146.92,,,Display > Paid Social > Referral
JOURNEY-03238,CUST-03238,2025-03-27 10:17:00,2025-04-07 00:08:00,Email,Direct,Promotional Email,Direct Visit,5,4,0,0,0.0,253.85,,,Email > Referral > Paid Search > Direct > Direct
JOURNEY-03239,CUST-03239,2025-04-02 18:22:00,2025-04-04 15:28:00,Referral,Direct,Affiliate,Direct Visit,3,3,1,1,191.48,45.1,2025-04-04 15:28:00,1.88,Referral > Email > Direct
JOURNEY-03240,CUST-03240,2025-06-19 10:04:00,2025-06-21 12:15:00,Display,Email,Retargeting,Promotional Email,3,3,0,0,0.0,50.18,,,Display > Paid Search > Email
JOURNEY-03241,CUST-03241,2025-06-11 01:33:00,2025-06-15 06:56:00,Direct,Display,Direct Visit,Prospecting,3,3,0,0,0.0,101.38,,,Direct > Paid Search > Display
JOURNEY-03242,CUST-03242,2025-02-22 11:59:00,2025-02-23 04:16:00,Email,Organic Search,Welcome Series,Educational Content,2,2,1,1,63.28,16.28,2025-02-23 04:16:00,0.68,Email > Organic Search
JOURNEY-03243,CUST-03243,2025-03-28 14:39:00,2025-04-13 19:12:00,Paid Search,Organic Social,Brand Search,LinkedIn Organic,6,5,0,0,0.0,388.55,,,Paid Search > Paid Social > Referral > Organic Search > Paid Search > Organic Social
JOURNEY-03244,CUST-03244,2025-05-28 20:09:00,2025-05-29 14:50:00,Referral,Email,Affiliate,Promotional Email,3,3,0,0,0.0,18.68,,,Referral > Paid Search > Email
JOURNEY-03245,CUST-03245,2025-03-17 20:53:00,2025-04-04 10:30:00,Paid Search,Direct,Competitor Search,Direct Visit,8,6,1,1,132.86,421.62,2025-04-04 10:30:00,17.57,Paid Search > Paid Social > Email > Paid Search > Organic Social > Organic Search > Organic Search > Direct
JOURNEY-03246,CUST-03246,2025-04-26 23:58:00,2025-05-03 10:23:00,Organic Social,Referral,Instagram Organic,Partner Website,4,4,1,1,144.79,154.42,2025-05-03 10:23:00,6.43,Organic Social > Paid Search > Paid Social > Referral
JOURNEY-03247,CUST-03247,2025-02-18 08:33:00,2025-02-26 04:44:00,Paid Social,Organic Social,Instagram Ads,LinkedIn Organic,4,3,1,1,257.36,188.18,2025-02-26 04:44:00,7.84,Paid Social > Organic Social > Organic Search > Organic Social
JOURNEY-03248,CUST-03248,2025-01-26 01:29:00,2025-01-26 08:12:00,Paid Search,Direct,Competitor Search,Direct Visit,2,2,1,1,266.81,6.72,2025-01-26 08:12:00,0.28,Paid Search > Direct
JOURNEY-03249,CUST-03249,2025-02-17 15:31:00,2025-02-27 16:22:00,Direct,Display,Direct Visit,Banner Campaign,5,5,0,0,0.0,240.85,,,Direct > Paid Search > Organic Social > Email > Display
JOURNEY-03250,CUST-03250,2025-03-22 14:21:00,2025-04-05 11:58:00,Paid Search,Organic Search,Brand Search,SEO Blog,7,4,1,1,83.94,333.62,2025-04-05 11:58:00,13.9,Paid Search > Paid Social > Organic Search > Direct > Direct > Paid Search > Organic Search
JOURNEY-03251,CUST-03251,2025-03-23 13:19:00,2025-03-28 17:56:00,Paid Search,Display,Competitor Search,Banner Campaign,3,3,0,0,0.0,124.62,,,Paid Search > Paid Social > Display
JOURNEY-03252,CUST-03252,2025-04-20 12:03:00,2025-05-02 16:36:00,Display,Direct,Prospecting,Direct Visit,7,3,0,0,0.0,292.55,,,Display > Direct > Display > Paid Search > Direct > Paid Search > Direct
JOURNEY-03253,CUST-03253,2025-03-15 04:40:00,2025-03-21 16:06:00,Direct,Organic Search,Direct Visit,SEO Blog,4,3,0,0,0.0,155.43,,,Direct > Organic Search > Organic Social > Organic Search
JOURNEY-03254,CUST-03254,2025-04-24 18:54:00,2025-04-24 18:54:00,Organic Search,Organic Search,Product Pages,Product Pages,1,1,0,0,0.0,0.0,,,Organic Search
JOURNEY-03255,CUST-03255,2025-05-11 17:18:00,2025-05-16 17:35:00,Organic Social,Organic Search,TikTok Organic,Product Pages,5,4,0,0,0.0,120.28,,,Organic Social > Email > Organic Search > Display > Organic Search
JOURNEY-03256,CUST-03256,2025-05-15 14:48:00,2025-05-18 18:05:00,Email,Paid Social,Welcome Series,Instagram Ads,3,2,0,0,0.0,75.28,,,Email > Paid Social > Paid Social
JOURNEY-03257,CUST-03257,2025-06-21 20:38:00,2025-07-10 16:40:00,Paid Social,Referral,LinkedIn Ads,Affiliate,8,6,1,1,99.18,452.03,2025-07-10 16:40:00,18.83,Paid Social > Display > Organic Search > Paid Social > Organic Search > Paid Search > Email > Referral
JOURNEY-03258,CUST-03258,2025-01-26 12:33:00,2025-01-28 02:41:00,Organic Search,Paid Search,Product Pages,Brand Search,2,2,1,1,106.57,38.13,2025-01-28 02:41:00,1.59,Organic Search > Paid Search
JOURNEY-03259,CUST-03259,2025-01-30 07:59:00,2025-01-31 00:19:00,Direct,Email,Direct Visit,Newsletter,2,2,0,0,0.0,16.33,,,Direct > Email
JOURNEY-03260,CUST-03260,2025-01-08 10:47:00,2025-01-10 04:12:00,Direct,Paid Search,Direct Visit,Product Search,2,2,1,1,193.57,41.42,2025-01-10 04:12:00,1.73,Direct > Paid Search
JOURNEY-03261,CUST-03261,2025-04-22 19:59:00,2025-04-24 15:25:00,Direct,Paid Social,Direct Visit,Facebook Ads,2,2,0,0,0.0,43.43,,,Direct > Paid Social
JOURNEY-03262,CUST-03262,2025-05-27 16:35:00,2025-05-29 10:30:00,Email,Organic Search,Welcome Series,Educational Content,2,2,0,0,0.0,41.92,,,Email > Organic Search
JOURNEY-03263,CUST-03263,2025-05-08 21:33:00,2025-05-19 01:32:00,Referral,Paid Social,Affiliate,Facebook Ads,5,3,1,1,139.59,243.98,2025-05-19 01:32:00,10.17,Referral > Referral > Paid Social > Email > Paid Social
JOURNEY-03264,CUST-03264,2025-02-16 10:52:00,2025-02-16 10:52:00,Paid Search,Paid Search,Brand Search,Brand Search,1,1,0,0,0.0,0.0,,,Paid Search
JOURNEY-03265,CUST-03265,2025-05-16 18:40:00,2025-05-27 11:34:00,Email,Referral,Promotional Email,Partner Website,6,5,0,0,0.0,256.9,,,Email > Direct > Organic Social > Paid Social > Organic Social > Referral
JOURNEY-03266,CUST-03266,2025-01-04 00:36:00,2025-01-12 21:40:00,Email,Display,Newsletter,Banner Campaign,5,5,1,1,197.51,213.07,2025-01-12 21:40:00,8.88,Email > Paid Search > Direct > Referral > Display
JOURNEY-03267,CUST-03267,2025-01-19 11:30:00,2025-01-19 22:46:00,Organic Search,Referral,SEO Blog,Partner Website,2,2,0,0,0.0,11.27,,,Organic Search > Referral
JOURNEY-03268,CUST-03268,2025-05-17 04:16:00,2025-05-29 17:53:00,Paid Social,Referral,Facebook Ads,Affiliate,7,4,0,0,0.0,301.62,,,Paid Social > Display > Organic Search > Organic Search > Paid Social > Organic Search > Referral
JOURNEY-03269,CUST-03269,2025-04-01 10:37:00,2025-04-11 06:27:00,Organic Search,Paid Social,Educational Content,Facebook Ads,5,5,0,0,0.0,235.83,,,Organic Search > Organic Social > Paid Search > Referral > Paid Social
JOURNEY-03270,CUST-03270,2025-03-20 16:20:00,2025-04-02 19:40:00,Organic Social,Organic Search,Instagram Organic,Product Pages,7,5,0,0,0.0,315.33,,,Organic Social > Email > Organic Search > Display > Paid Social > Email > Organic Search
JOURNEY-03271,CUST-03271,2025-01-18 22:52:00,2025-01-23 12:40:00,Organic Search,Direct,SEO Blog,Direct Visit,4,4,0,0,0.0,109.8,,,Organic Search > Paid Search > Paid Social > Direct
JOURNEY-03272,CUST-03272,2025-01-23 19:42:00,2025-01-25 05:14:00,Paid Social,Paid Social,Facebook Ads,Facebook Ads,2,1,0,0,0.0,33.53,,,Paid Social > Paid Social
JOURNEY-03273,CUST-03273,2025-03-22 13:31:00,2025-03-27 11:12:00,Paid Social,Referral,LinkedIn Ads,Customer Referral,3,3,0,0,0.0,117.68,,,Paid Social > Email > Referral
JOURNEY-03274,CUST-03274,2025-02-08 07:14:00,2025-02-13 23:05:00,Paid Search,Paid Social,Competitor Search,Facebook Ads,3,3,0,0,0.0,135.85,,,Paid Search > Organic Social > Paid Social
JOURNEY-03275,CUST-03275,2025-01-22 14:49:00,2025-01-28 11:44:00,Paid Search,Organic Search,Competitor Search,Product Pages,3,3,0,0,0.0,140.92,,,Paid Search > Paid Social > Organic Search
JOURNEY-03276,CUST-03276,2025-05-03 23:57:00,2025-05-07 16:32:00,Email,Display,Newsletter,Prospecting,3,3,0,0,0.0,88.58,,,Email > Paid Search > Display
JOURNEY-03277,CUST-03277,2025-06-24 20:47:00,2025-06-28 05:57:00,Email,Organic Search,Newsletter,Product Pages,2,2,0,0,0.0,81.17,,,Email > Organic Search
JOURNEY-03278,CUST-03278,2025-02-23 17:49:00,2025-03-01 06:58:00,Organic Social,Paid Social,TikTok Organic,LinkedIn Ads,3,3,0,0,0.0,133.15,,,Organic Social > Direct > Paid Social
JOURNEY-03279,CUST-03279,2025-04-07 00:10:00,2025-04-10 16:48:00,Display,Referral,Banner Campaign,Affiliate,4,4,0,0,0.0,88.63,,,Display > Organic Search > Direct > Referral
JOURNEY-03280,CUST-03280,2025-03-27 19:43:00,2025-04-05 09:10:00,Organic Search,Organic Search,Educational Content,SEO Blog,5,3,0,0,0.0,205.45,,,Organic Search > Display > Direct > Display > Organic Search
JOURNEY-03281,CUST-03281,2025-01-30 13:33:00,2025-02-12 02:23:00,Display,Display,Prospecting,Banner Campaign,7,5,0,0,0.0,300.83,,,Display > Organic Search > Paid Search > Organic Social > Paid Social > Paid Search > Display
JOURNEY-03282,CUST-03282,2025-03-18 14:21:00,2025-03-28 10:06:00,Paid Social,Paid Search,LinkedIn Ads,Brand Search,5,4,1,1,68.23,235.75,2025-03-28 10:06:00,9.82,Paid Social > Referral > Organic Search > Paid Social > Paid Search
JOURNEY-03283,CUST-03283,2025-01-31 03:01:00,2025-02-11 14:26:00,Paid Search,Direct,Brand Search,Direct Visit,6,5,0,0,0.0,275.42,,,Paid Search > Paid Social > Paid Social > Organic Search > Organic Social > Direct
JOURNEY-03284,CUST-03284,2025-02-16 19:59:00,2025-02-22 09:39:00,Paid Social,Paid Social,LinkedIn Ads,LinkedIn Ads,4,2,0,0,0.0,133.67,,,Paid Social > Paid Social > Organic Search > Paid Social
JOURNEY-03285,CUST-03285,2025-04-17 15:48:00,2025-04-20 08:07:00,Direct,Organic Search,Direct Visit,Educational Content,2,2,1,1,65.24,64.32,2025-04-20 08:07:00,2.68,Direct > Organic Search
JOURNEY-03286,CUST-03286,2025-03-21 04:03:00,2025-04-01 15:34:00,Referral,Organic Social,Affiliate,LinkedIn Organic,7,5,1,1,84.66,275.52,2025-04-01 15:34:00,11.48,Referral > Organic Search > Organic Search > Referral > Paid Search > Display > Organic Social
JOURNEY-03287,CUST-03287,2025-02-01 13:17:00,2025-02-04 18:24:00,Paid Social,Organic Search,Instagram Ads,SEO Blog,2,2,0,0,0.0,77.12,,,Paid Social > Organic Search
JOURNEY-03288,CUST-03288,2025-05-12 04:58:00,2025-05-20 20:18:00,Paid Search,Paid Social,Brand Search,LinkedIn Ads,6,4,0,0,0.0,207.33,,,Paid Search > Paid Social > Display > Paid Social > Organic Search > Paid Social
JOURNEY-03289,CUST-03289,2025-03-06 06:39:00,2025-03-11 19:09:00,Display,Organic Search,Banner Campaign,Product Pages,4,4,0,0,0.0,132.5,,,Display > Paid Social > Organic Social > Organic Search
JOURNEY-03290,CUST-03290,2025-05-28 05:29:00,2025-05-30 03:59:00,Referral,Display,Partner Website,Banner Campaign,2,2,0,0,0.0,46.5,,,Referral > Display
JOURNEY-03291,CUST-03291,2025-05-21 04:18:00,2025-05-27 06:39:00,Paid Search,Organic Social,Competitor Search,Instagram Organic,3,2,0,0,0.0,146.35,,,Paid Search > Paid Search > Organic Social
JOURNEY-03292,CUST-03292,2025-02-16 05:01:00,2025-02-18 22:12:00,Referral,Organic Search,Customer Referral,Educational Content,2,2,0,0,0.0,65.18,,,Referral > Organic Search
JOURNEY-03293,CUST-03293,2025-03-07 23:50:00,2025-03-11 05:34:00,Organic Search,Paid Social,SEO Blog,Facebook Ads,2,2,0,0,0.0,77.73,,,Organic Search > Paid Social
JOURNEY-03294,CUST-03294,2025-05-13 18:42:00,2025-05-18 21:00:00,Referral,Display,Affiliate,Banner Campaign,4,4,0,0,0.0,122.3,,,Referral > Organic Social > Organic Search > Display
JOURNEY-03295,CUST-03295,2025-01-23 16:09:00,2025-01-31 10:14:00,Paid Social,Referral,Instagram Ads,Partner Website,4,4,0,0,0.0,186.08,,,Paid Social > Email > Organic Social > Referral
JOURNEY-03296,CUST-03296,2025-01-29 02:34:00,2025-02-04 15:52:00,Organic Search,Organic Search,Product Pages,Product Pages,4,3,0,0,0.0,157.3,,,Organic Search > Email > Direct > Organic Search
JOURNEY-03297,CUST-03297,2025-02-11 04:29:00,2025-02-16 03:05:00,Organic Search,Organic Search,Product Pages,SEO Blog,3,2,0,0,0.0,118.6,,,Organic Search > Paid Search > Organic Search
JOURNEY-03298,CUST-03298,2025-04-20 22:36:00,2025-04-20 22:36:00,Organic Search,Organic Search,SEO Blog,SEO Blog,1,1,1,1,55.09,0.0,2025-04-20 22:36:00,0.0,Organic Search
JOURNEY-03299,CUST-03299,2025-03-05 02:38:00,2025-03-05 02:38:00,Paid Social,Paid Social,LinkedIn Ads,LinkedIn Ads,1,1,0,0,0.0,0.0,,,Paid Social
JOURNEY-03300,CUST-03300,2025-04-22 11:29:00,2025-04-27 11:05:00,Email,Paid Social,Newsletter,Facebook Ads,4,3,1,1,151.6,119.6,2025-04-27 11:05:00,4.98,Email > Direct > Direct > Paid Social
JOURNEY-03301,CUST-03301,2025-06-25 14:27:00,2025-06-29 03:48:00,Direct,Display,Direct Visit,Banner Campaign,4,4,0,0,0.0,85.35,,,Direct > Paid Social > Paid Search > Display
JOURNEY-03302,CUST-03302,2025-04-14 23:03:00,2025-04-25 07:52:00,Paid Social,Paid Social,LinkedIn Ads,LinkedIn Ads,5,4,0,0,0.0,248.82,,,Paid Social > Organic Search > Email > Organic Social > Paid Social
JOURNEY-03303,CUST-03303,2025-04-27 12:16:00,2025-05-03 15:43:00,Organic Social,Paid Search,TikTok Organic,Brand Search,3,2,1,1,119.65,147.45,2025-05-03 15:43:00,6.14,Organic Social > Organic Social > Paid Search
JOURNEY-03304,CUST-03304,2025-06-16 01:10:00,2025-06-16 23:04:00,Referral,Organic Search,Affiliate,Educational Content,2,2,1,1,82.6,21.9,2025-06-16 23:04:00,0.91,Referral > Organic Search
JOURNEY-03305,CUST-03305,2025-06-07 00:26:00,2025-06-10 16:11:00,Paid Social,Email,Instagram Ads,Welcome Series,3,3,0,0,0.0,87.75,,,Paid Social > Direct > Email
JOURNEY-03306,CUST-03306,2025-04-20 22:45:00,2025-04-20 22:45:00,Paid Social,Paid Social,LinkedIn Ads,LinkedIn Ads,1,1,0,0,0.0,0.0,,,Paid Social
JOURNEY-03307,CUST-03307,2025-06-02 20:44:00,2025-06-05 03:51:00,Organic Search,Direct,Educational Content,Direct Visit,3,3,0,0,0.0,55.12,,,Organic Search > Organic Social > Direct
JOURNEY-03308,CUST-03308,2025-03-17 02:51:00,2025-03-19 05:15:00,Direct,Referral,Direct Visit,Affiliate,3,3,1,1,84.21,50.4,2025-03-19 05:15:00,2.1,Direct > Paid Social > Referral
JOURNEY-03309,CUST-03309,2025-01-30 08:53:00,2025-02-09 17:37:00,Organic Search,Organic Search,SEO Blog,SEO Blog,6,4,1,1,57.54,248.73,2025-02-09 17:37:00,10.36,Organic Search > Paid Social > Paid Search > Direct > Organic Search > Organic Search
JOURNEY-03310,CUST-03310,2025-03-05 19:54:00,2025-03-10 09:46:00,Paid Search,Display,Product Search,Banner Campaign,3,3,0,0,0.0,109.87,,,Paid Search > Organic Search > Display
JOURNEY-03311,CUST-03311,2025-01-07 23:26:00,2025-01-07 23:26:00,Direct,Direct,Direct Visit,Direct Visit,1,1,0,0,0.0,0.0,,,Direct
JOURNEY-03312,CUST-03312,2025-01-14 05:29:00,2025-01-15 03:47:00,Paid Search,Organic Social,Product Search,LinkedIn Organic,2,2,0,0,0.0,22.3,,,Paid Search > Organic Social
JOURNEY-03313,CUST-03313,2025-05-11 14:58:00,2025-05-15 13:25:00,Display,Organic Search,Retargeting,Educational Content,4,4,0,0,0.0,94.45,,,Display > Organic Social > Email > Organic Search
JOURNEY-03314,CUST-03314,2025-02-11 13:10:00,2025-02-26 03:39:00,Organic Search,Paid Social,SEO Blog,Facebook Ads,7,5,0,0,0.0,350.48,,,Organic Search > Paid Social > Organic Search > Organic Social > Email > Direct > Paid Social
JOURNEY-03315,CUST-03315,2025-05-26 07:35:00,2025-05-29 21:56:00,Paid Search,Paid Social,Product Search,Instagram Ads,4,3,0,0,0.0,86.35,,,Paid Search > Paid Social > Organic Social > Paid Social
JOURNEY-03316,CUST-03316,2025-02-04 12:58:00,2025-02-07 11:06:00,Direct,Organic Social,Direct Visit,Instagram Organic,2,2,1,1,148.43,70.13,2025-02-07 11:06:00,2.92,Direct > Organic Social
JOURNEY-03317,CUST-03317,2025-03-19 08:07:00,2025-03-19 08:07:00,Paid Search,Paid Search,Competitor Search,Competitor Search,1,1,0,0,0.0,0.0,,,Paid Search
JOURNEY-03318,CUST-03318,2025-01-13 20:13:00,2025-01-17 16:09:00,Direct,Organic Search,Direct Visit,Product Pages,3,2,0,0,0.0,91.93,,,Direct > Direct > Organic Search
JOURNEY-03319,CUST-03319,2025-02-07 14:16:00,2025-02-10 00:46:00,Direct,Display,Direct Visit,Prospecting,4,4,0,0,0.0,58.5,,,Direct > Organic Search > Paid Search > Display
JOURNEY-03320,CUST-03320,2025-03-22 07:32:00,2025-03-23 15:42:00,Organic Search,Referral,Product Pages,Partner Website,3,3,0,0,0.0,32.17,,,Organic Search > Direct > Referral
JOURNEY-03321,CUST-03321,2025-02-12 10:04:00,2025-02-24 19:32:00,Email,Paid Social,Newsletter,LinkedIn Ads,6,5,0,0,0.0,297.47,,,Email > Organic Social > Organic Search > Referral > Email > Paid Social
JOURNEY-03322,CUST-03322,2025-05-31 15:13:00,2025-06-07 19:58:00,Paid Social,Organic Search,Facebook Ads,Educational Content,5,4,0,0,0.0,172.75,,,Paid Social > Organic Search > Direct > Paid Search > Organic Search
JOURNEY-03323,CUST-03323,2025-05-08 10:25:00,2025-05-15 20:03:00,Email,Paid Search,Newsletter,Competitor Search,3,3,0,0,0.0,177.63,,,Email > Direct > Paid Search
JOURNEY-03324,CUST-03324,2025-05-22 18:37:00,2025-05-22 18:37:00,Display,Display,Retargeting,Retargeting,1,1,0,0,0.0,0.0,,,Display
JOURNEY-03325,CUST-03325,2025-01-11 02:16:00,2025-01-11 02:16:00,Paid Social,Paid Social,Instagram Ads,Instagram Ads,1,1,0,0,0.0,0.0,,,Paid Social
JOURNEY-03326,CUST-03326,2025-04-28 12:20:00,2025-05-09 11:16:00,Email,Organic Search,Welcome Series,Educational Content,6,5,0,0,0.0,262.93,,,Email > Direct > Organic Search > Paid Search > Display > Organic Search
JOURNEY-03327,CUST-03327,2025-03-03 12:58:00,2025-03-07 19:53:00,Display,Organic Social,Prospecting,TikTok Organic,3,3,0,0,0.0,102.92,,,Display > Email > Organic Social
JOURNEY-03328,CUST-03328,2025-04-10 00:09:00,2025-04-12 10:40:00,Email,Direct,Welcome Series,Direct Visit,2,2,0,0,0.0,58.52,,,Email > Direct
JOURNEY-03329,CUST-03329,2025-06-24 13:15:00,2025-07-05 13:53:00,Paid Social,Display,LinkedIn Ads,Retargeting,6,4,0,0,0.0,264.63,,,Paid Social > Display > Organic Social > Paid Search > Organic Social > Display
JOURNEY-03330,CUST-03330,2025-02-18 06:02:00,2025-02-22 18:56:00,Email,Display,Promotional Email,Prospecting,3,3,0,0,0.0,108.9,,,Email > Organic Social > Display
JOURNEY-03331,CUST-03331,2025-01-09 04:45:00,2025-01-15 14:24:00,Email,Display,Promotional Email,Banner Campaign,4,3,1,1,259.37,153.65,2025-01-15 14:24:00,6.4,Email > Direct > Display > Display
JOURNEY-03332,CUST-03332,2025-02-14 05:45:00,2025-02-22 18:11:00,Direct,Email,Direct Visit,Newsletter,6,4,1,1,254.56,204.43,2025-02-22 18:11:00,8.52,Direct > Email > Paid Search > Direct > Paid Social > Email
JOURNEY-03333,CUST-03333,2025-03-06 21:55:00,2025-03-10 11:44:00,Direct,Referral,Direct Visit,Customer Referral,4,4,1,1,124.71,85.82,2025-03-10 11:44:00,3.58,Direct > Paid Social > Paid Search > Referral
JOURNEY-03334,CUST-03334,2025-06-13 15:33:00,2025-06-15 10:57:00,Referral,Display,Customer Referral,Banner Campaign,2,2,0,0,0.0,43.4,,,Referral > Display
JOURNEY-03335,CUST-03335,2025-01-11 11:47:00,2025-01-19 21:26:00,Organic Search,Direct,Educational Content,Direct Visit,5,4,0,0,0.0,201.65,,,Organic Search > Paid Social > Direct > Email > Direct
JOURNEY-03336,CUST-03336,2025-05-26 09:37:00,2025-05-26 09:37:00,Paid Search,Paid Search,Competitor Search,Competitor Search,1,1,1,1,193.52,0.0,2025-05-26 09:37:00,0.0,Paid Search
JOURNEY-03337,CUST-03337,2025-05-19 15:49:00,2025-05-20 17:54:00,Organic Search,Email,SEO Blog,Welcome Series,2,2,1,1,92.56,26.08,2025-05-20 17:54:00,1.09,Organic Search > Email
JOURNEY-03338,CUST-03338,2025-01-31 12:52:00,2025-02-02 08:39:00,Referral,Direct,Customer Referral,Direct Visit,2,2,0,0,0.0,43.78,,,Referral > Direct
JOURNEY-03339,CUST-03339,2025-04-13 23:09:00,2025-04-15 12:10:00,Organic Search,Referral,Educational Content,Partner Website,2,2,0,0,0.0,37.02,,,Organic Search > Referral
JOURNEY-03340,CUST-03340,2025-05-12 21:42:00,2025-05-15 10:07:00,Organic Search,Paid Social,Educational Content,LinkedIn Ads,3,3,0,0,0.0,60.42,,,Organic Search > Referral > Paid Social
JOURNEY-03341,CUST-03341,2025-04-01 23:16:00,2025-04-10 08:38:00,Paid Search,Paid Social,Competitor Search,Instagram Ads,5,4,1,1,120.79,201.37,2025-04-10 08:38:00,8.39,Paid Search > Organic Search > Display > Organic Search > Paid Social
JOURNEY-03342,CUST-03342,2025-05-15 01:43:00,2025-05-18 06:01:00,Organic Search,Display,Educational Content,Banner Campaign,3,3,0,0,0.0,76.3,,,Organic Search > Email > Display
JOURNEY-03343,CUST-03343,2025-03-22 21:52:00,2025-03-31 04:58:00,Organic Social,Paid Social,LinkedIn Organic,Instagram Ads,5,4,0,0,0.0,199.1,,,Organic Social > Paid Social > Organic Search > Paid Search > Paid Social
JOURNEY-03344,CUST-03344,2025-05-16 03:06:00,2025-05-17 20:19:00,Organic Social,Organic Social,TikTok Organic,TikTok Organic,3,2,0,0,0.0,41.22,,,Organic Social > Referral > Organic Social
JOURNEY-03345,CUST-03345,2025-06-16 02:42:00,2025-06-24 18:56:00,Organic Social,Email,LinkedIn Organic,Promotional Email,4,4,0,0,0.0,208.23,,,Organic Social > Paid Social > Direct > Email
JOURNEY-03346,CUST-03346,2025-01-02 19:37:00,2025-01-04 06:36:00,Paid Social,Paid Search,Instagram Ads,Brand Search,2,2,0,0,0.0,34.98,,,Paid Social > Paid Search
JOURNEY-03347,CUST-03347,2025-04-26 03:45:00,2025-04-27 06:36:00,Paid Social,Paid Search,Facebook Ads,Product Search,2,2,1,1,77.39,26.85,2025-04-27 06:36:00,1.12,Paid Social > Paid Search
JOURNEY-03348,CUST-03348,2025-06-02 06:56:00,2025-06-08 15:19:00,Direct,Direct,Direct Visit,Direct Visit,4,3,1,1,154.41,152.38,2025-06-08 15:19:00,6.35,Direct > Email > Paid Search > Direct
JOURNEY-03349,CUST-03349,2025-02-14 07:19:00,2025-02-19 04:53:00,Referral,Email,Partner Website,Promotional Email,3,3,0,0,0.0,117.57,,,Referral > Paid Search > Email
JOURNEY-03350,CUST-03350,2025-04-21 13:02:00,2025-04-27 18:50:00,Email,Paid Social,Promotional Email,Instagram Ads,5,5,0,0,0.0,149.8,,,Email > Organic Search > Paid Search > Direct > Paid Social
JOURNEY-03351,CUST-03351,2025-03-09 12:33:00,2025-03-16 02:03:00,Organic Search,Organic Search,Product Pages,Educational Content,5,4,0,0,0.0,157.5,,,Organic Search > Paid Social > Display > Direct > Organic Search
JOURNEY-03352,CUST-03352,2025-01-21 09:24:00,2025-01-27 08:24:00,Display,Paid Search,Banner Campaign,Competitor Search,5,4,0,0,0.0,143.0,,,Display > Paid Search > Email > Paid Social > Paid Search
JOURNEY-03353,CUST-03353,2025-04-19 22:37:00,2025-04-19 22:37:00,Paid Search,Paid Search,Competitor Search,Competitor Search,1,1,1,1,154.98,0.0,2025-04-19 22:37:00,0.0,Paid Search
JOURNEY-03354,CUST-03354,2025-06-03 05:56:00,2025-06-12 19:11:00,Paid Social,Paid Social,Facebook Ads,LinkedIn Ads,5,3,1,1,162.4,229.25,2025-06-12 19:11:00,9.55,Paid Social > Organic Search > Referral > Organic Search > Paid Social
JOURNEY-03355,CUST-03355,2025-05-16 11:41:00,2025-05-16 11:41:00,Direct,Direct,Direct Visit,Direct Visit,1,1,1,1,72.58,0.0,2025-05-16 11:41:00,0.0,Direct
JOURNEY-03356,CUST-03356,2025-02-27 04:50:00,2025-02-27 08:20:00,Direct,Paid Social,Direct Visit,Facebook Ads,2,2,1,1,127.49,3.5,2025-02-27 08:20:00,0.15,Direct > Paid Social
JOURNEY-03357,CUST-03357,2025-03-15 23:22:00,2025-03-27 04:53:00,Organic Social,Organic Search,TikTok Organic,Product Pages,7,5,0,0,0.0,269.52,,,Organic Social > Paid Search > Direct > Organic Search > Display > Direct > Organic Search
JOURNEY-03358,CUST-03358,2025-02-16 05:03:00,2025-02-18 19:47:00,Paid Social,Email,Instagram Ads,Welcome Series,3,3,1,1,142.38,62.73,2025-02-18 19:47:00,2.61,Paid Social > Paid Search > Email
JOURNEY-03359,CUST-03359,2025-06-08 12:36:00,2025-06-16 23:03:00,Organic Social,Email,TikTok Organic,Newsletter,5,5,0,0,0.0,202.45,,,Organic Social > Display > Paid Search > Paid Social > Email
JOURNEY-03360,CUST-03360,2025-03-03 18:58:00,2025-03-09 02:50:00,Email,Organic Search,Promotional Email,Educational Content,4,4,1,1,163.37,127.87,2025-03-09 02:50:00,5.33,Email > Referral > Paid Social > Organic Search
JOURNEY-03361,CUST-03361,2025-03-19 05:19:00,2025-03-22 13:06:00,Organic Search,Direct,Product Pages,Direct Visit,3,2,0,0,0.0,79.78,,,Organic Search > Organic Search > Direct
JOURNEY-03362,CUST-03362,2025-04-20 06:04:00,2025-04-20 06:04:00,Organic Social,Organic Social,TikTok Organic,TikTok Organic,1,1,0,0,0.0,0.0,,,Organic Social
JOURNEY-03363,CUST-03363,2025-02-08 12:08:00,2025-02-10 05:31:00,Direct,Paid Social,Direct Visit,LinkedIn Ads,4,4,1,1,214.38,41.38,2025-02-10 05:31:00,1.72,Direct > Paid Search > Organic Search > Paid Social
JOURNEY-03364,CUST-03364,2025-06-12 17:32:00,2025-06-25 09:08:00,Organic Social,Organic Social,Instagram Organic,LinkedIn Organic,6,5,0,0,0.0,303.6,,,Organic Social > Organic Search > Referral > Paid Social > Email > Organic Social
JOURNEY-03365,CUST-03365,2025-05-26 18:57:00,2025-06-08 02:07:00,Organic Search,Paid Search,Educational Content,Brand Search,6,5,0,0,0.0,295.17,,,Organic Search > Paid Social > Email > Paid Social > Display > Paid Search
JOURNEY-03366,CUST-03366,2025-02-13 18:24:00,2025-02-20 00:41:00,Organic Search,Organic Search,SEO Blog,Educational Content,3,2,0,0,0.0,150.28,,,Organic Search > Email > Organic Search
JOURNEY-03367,CUST-03367,2025-04-28 15:35:00,2025-05-05 08:14:00,Email,Organic Social,Welcome Series,LinkedIn Organic,6,5,1,1,46.76,160.65,2025-05-05 08:14:00,6.69,Email > Display > Referral > Direct > Email > Organic Social
JOURNEY-03368,CUST-03368,2025-04-15 09:10:00,2025-04-15 09:10:00,Organic Social,Organic Social,TikTok Organic,TikTok Organic,1,1,1,1,73.13,0.0,2025-04-15 09:10:00,0.0,Organic Social
JOURNEY-03369,CUST-03369,2025-01-15 19:20:00,2025-01-23 08:39:00,Paid Search,Direct,Product Search,Direct Visit,4,4,0,0,0.0,181.32,,,Paid Search > Organic Search > Organic Social > Direct
JOURNEY-03370,CUST-03370,2025-05-17 10:45:00,2025-05-19 01:00:00,Direct,Paid Search,Direct Visit,Brand Search,3,3,1,1,70.7,38.25,2025-05-19 01:00:00,1.59,Direct > Paid Social > Paid Search
JOURNEY-03371,CUST-03371,2025-03-02 16:19:00,2025-03-13 14:41:00,Referral,Paid Search,Partner Website,Competitor Search,7,5,1,1,196.91,262.37,2025-03-13 14:41:00,10.93,Referral > Email > Referral > Paid Social > Email > Direct > Paid Search
JOURNEY-03372,CUST-03372,2025-06-29 14:22:00,2025-07-01 22:53:00,Organic Search,Paid Social,SEO Blog,Instagram Ads,2,2,0,0,0.0,56.52,,,Organic Search > Paid Social
JOURNEY-03373,CUST-03373,2025-02-09 19:01:00,2025-02-11 21:22:00,Paid Search,Display,Product Search,Retargeting,3,3,1,1,192.57,50.35,2025-02-11 21:22:00,2.1,Paid Search > Organic Social > Display
JOURNEY-03374,CUST-03374,2025-05-17 21:25:00,2025-05-22 21:17:00,Paid Social,Direct,Facebook Ads,Direct Visit,4,3,0,0,0.0,119.87,,,Paid Social > Organic Social > Organic Social > Direct
JOURNEY-03375,CUST-03375,2025-02-03 13:32:00,2025-02-07 17:44:00,Paid Search,Paid Social,Competitor Search,Instagram Ads,3,3,1,1,84.23,100.2,2025-02-07 17:44:00,4.18,Paid Search > Direct > Paid Social
JOURNEY-03376,CUST-03376,2025-02-21 21:46:00,2025-02-26 16:26:00,Email,Organic Social,Promotional Email,LinkedIn Organic,4,4,0,0,0.0,114.67,,,Email > Organic Search > Direct > Organic Social
JOURNEY-03377,CUST-03377,2025-06-17 20:51:00,2025-06-27 04:57:00,Referral,Paid Social,Affiliate,Instagram Ads,4,4,1,1,57.45,224.1,2025-06-27 04:57:00,9.34,Referral > Direct > Organic Search > Paid Social
JOURNEY-03378,CUST-03378,2025-04-08 18:24:00,2025-04-13 05:25:00,Paid Search,Organic Search,Product Search,Educational Content,4,4,0,0,0.0,107.02,,,Paid Search > Email > Organic Social > Organic Search
JOURNEY-03379,CUST-03379,2025-06-14 18:51:00,2025-06-28 12:10:00,Email,Organic Search,Promotional Email,Educational Content,7,5,1,1,468.19,329.32,2025-06-28 12:10:00,13.72,Email > Organic Search > Paid Social > Email > Display > Direct > Organic Search
JOURNEY-03380,CUST-03380,2025-03-10 06:06:00,2025-03-14 14:39:00,Direct,Display,Direct Visit,Prospecting,4,3,0,0,0.0,104.55,,,Direct > Display > Paid Social > Display
JOURNEY-03381,CUST-03381,2025-04-26 05:53:00,2025-05-04 10:05:00,Organic Search,Paid Social,Educational Content,LinkedIn Ads,4,3,0,0,0.0,196.2,,,Organic Search > Paid Search > Organic Search > Paid Social
JOURNEY-03382,CUST-03382,2025-04-22 21:39:00,2025-04-28 05:44:00,Direct,Organic Search,Direct Visit,Educational Content,4,4,0,0,0.0,128.08,,,Direct > Display > Paid Search > Organic Search
JOURNEY-03383,CUST-03383,2025-05-16 15:19:00,2025-05-30 02:55:00,Direct,Organic Search,Direct Visit,SEO Blog,5,4,0,0,0.0,323.6,,,Direct > Email > Paid Search > Direct > Organic Search
JOURNEY-03384,CUST-03384,2025-05-16 22:08:00,2025-05-21 02:38:00,Paid Search,Display,Product Search,Prospecting,3,3,0,0,0.0,100.5,,,Paid Search > Organic Search > Display
JOURNEY-03385,CUST-03385,2025-05-24 22:30:00,2025-05-26 00:11:00,Paid Search,Referral,Product Search,Customer Referral,2,2,0,0,0.0,25.68,,,Paid Search > Referral
JOURNEY-03386,CUST-03386,2025-06-29 04:13:00,2025-07-01 08:11:00,Organic Social,Paid Search,Instagram Organic,Competitor Search,4,4,0,0,0.0,51.97,,,Organic Social > Organic Search > Email > Paid Search
JOURNEY-03387,CUST-03387,2025-03-30 03:23:00,2025-04-04 01:20:00,Organic Search,Referral,Educational Content,Affiliate,4,4,1,1,50.27,117.95,2025-04-04 01:20:00,4.91,Organic Search > Email > Display > Referral
JOURNEY-03388,CUST-03388,2025-04-04 03:16:00,2025-04-06 21:51:00,Direct,Display,Direct Visit,Prospecting,2,2,1,1,63.34,66.58,2025-04-06 21:51:00,2.77,Direct > Display
JOURNEY-03389,CUST-03389,2025-01-13 07:02:00,2025-01-26 21:04:00,Organic Social,Email,Instagram Organic,Promotional Email,6,4,0,0,0.0,326.03,,,Organic Social > Display > Paid Social > Paid Social > Email > Email
JOURNEY-03390,CUST-03390,2025-01-06 00:18:00,2025-01-06 00:18:00,Paid Search,Paid Search,Product Search,Product Search,1,1,0,0,0.0,0.0,,,Paid Search
JOURNEY-03391,CUST-03391,2025-05-02 07:29:00,2025-05-08 00:14:00,Paid Social,Organic Social,Facebook Ads,LinkedIn Organic,4,4,1,1,125.58,136.75,2025-05-08 00:14:00,5.7,Paid Social > Organic Search > Paid Search > Organic Social
JOURNEY-03392,CUST-03392,2025-03-22 05:44:00,2025-03-28 12:43:00,Paid Search,Paid Social,Competitor Search,Facebook Ads,4,4,1,1,208.13,150.98,2025-03-28 12:43:00,6.29,Paid Search > Organic Social > Display > Paid Social
JOURNEY-03393,CUST-03393,2025-01-01 05:06:00,2025-01-01 18:21:00,Referral,Referral,Partner Website,Affiliate,2,1,0,0,0.0,13.25,,,Referral > Referral
JOURNEY-03394,CUST-03394,2025-02-22 11:06:00,2025-02-27 23:27:00,Direct,Organic Search,Direct Visit,Product Pages,4,2,1,1,127.58,132.35,2025-02-27 23:27:00,5.51,Direct > Organic Search > Direct > Organic Search
JOURNEY-03395,CUST-03395,2025-01-20 17:02:00,2025-01-30 21:06:00,Paid Search,Display,Product Search,Prospecting,6,4,0,0,0.0,244.07,,,Paid Search > Organic Search > Display > Paid Social > Paid Search > Display
JOURNEY-03396,CUST-03396,2025-03-03 11:15:00,2025-03-12 01:16:00,Organic Social,Paid Search,LinkedIn Organic,Brand Search,5,4,0,0,0.0,206.02,,,Organic Social > Paid Social > Paid Search > Direct > Paid Search
JOURNEY-03397,CUST-03397,2025-05-03 08:43:00,2025-05-07 15:47:00,Organic Search,Paid Search,SEO Blog,Product Search,5,4,1,1,91.71,103.07,2025-05-07 15:47:00,4.29,Organic Search > Direct > Display > Organic Search > Paid Search
JOURNEY-03398,CUST-03398,2025-05-06 00:05:00,2025-05-11 23:16:00,Paid Social,Paid Search,Facebook Ads,Product Search,4,4,1,1,88.16,143.18,2025-05-11 23:16:00,5.97,Paid Social > Referral > Organic Social > Paid Search
JOURNEY-03399,CUST-03399,2025-03-28 22:02:00,2025-04-11 07:02:00,Paid Social,Direct,LinkedIn Ads,Direct Visit,8,4,1,1,219.99,321.0,2025-04-11 07:02:00,13.38,Paid Social > Direct > Paid Social > Organic Search > Organic Search > Paid Search > Paid Social > Direct
JOURNEY-03400,CUST-03400,2025-05-15 08:04:00,2025-05-15 08:04:00,Email,Email,Newsletter,Newsletter,1,1,0,0,0.0,0.0,,,Email
JOURNEY-03401,CUST-03401,2025-03-25 21:00:00,2025-03-29 14:47:00,Referral,Paid Search,Customer Referral,Brand Search,2,2,0,0,0.0,89.78,,,Referral > Paid Search
JOURNEY-03402,CUST-03402,2025-03-02 17:59:00,2025-03-05 05:04:00,Referral,Paid Search,Affiliate,Brand Search,3,3,1,1,88.3,59.08,2025-03-05 05:04:00,2.46,Referral > Display > Paid Search
JOURNEY-03403,CUST-03403,2025-06-12 06:30:00,2025-06-23 01:49:00,Referral,Display,Affiliate,Retargeting,5,5,0,0,0.0,259.32,,,Referral > Paid Social > Direct > Paid Search > Display
JOURNEY-03404,CUST-03404,2025-03-28 13:17:00,2025-03-30 20:14:00,Email,Paid Search,Newsletter,Competitor Search,2,2,0,0,0.0,54.95,,,Email > Paid Search
JOURNEY-03405,CUST-03405,2025-01-08 11:35:00,2025-01-16 09:12:00,Paid Social,Referral,Facebook Ads,Partner Website,4,4,0,0,0.0,189.62,,,Paid Social > Display > Organic Search > Referral
JOURNEY-03406,CUST-03406,2025-06-18 15:30:00,2025-06-22 07:57:00,Display,Organic Search,Banner Campaign,SEO Blog,2,2,0,0,0.0,88.45,,,Display > Organic Search
JOURNEY-03407,CUST-03407,2025-01-25 16:03:00,2025-01-25 16:03:00,Paid Social,Paid Social,Instagram Ads,Instagram Ads,1,1,0,0,0.0,0.0,,,Paid Social
JOURNEY-03408,CUST-03408,2025-04-18 18:22:00,2025-04-23 09:47:00,Email,Direct,Welcome Series,Direct Visit,4,4,1,1,145.07,111.42,2025-04-23 09:47:00,4.64,Email > Paid Search > Organic Search > Direct
JOURNEY-03409,CUST-03409,2025-01-19 06:12:00,2025-01-19 06:12:00,Organic Social,Organic Social,TikTok Organic,TikTok Organic,1,1,0,0,0.0,0.0,,,Organic Social
JOURNEY-03410,CUST-03410,2025-02-24 10:38:00,2025-03-02 06:19:00,Display,Paid Social,Retargeting,Facebook Ads,4,3,1,1,141.55,139.68,2025-03-02 06:19:00,5.82,Display > Display > Direct > Paid Social
JOURNEY-03411,CUST-03411,2025-02-05 05:19:00,2025-02-07 01:03:00,Direct,Paid Social,Direct Visit,LinkedIn Ads,3,3,0,0,0.0,43.73,,,Direct > Organic Search > Paid Social
JOURNEY-03412,CUST-03412,2025-03-30 05:26:00,2025-03-30 05:26:00,Paid Search,Paid Search,Product Search,Product Search,1,1,0,0,0.0,0.0,,,Paid Search
JOURNEY-03413,CUST-03413,2025-03-17 05:33:00,2025-03-30 03:14:00,Email,Direct,Newsletter,Direct Visit,6,5,1,1,158.77,309.68,2025-03-30 03:14:00,12.9,Email > Paid Search > Email > Paid Social > Organic Search > Direct
JOURNEY-03414,CUST-03414,2025-02-18 14:06:00,2025-02-20 14:35:00,Email,Paid Search,Promotional Email,Competitor Search,2,2,0,0,0.0,48.48,,,Email > Paid Search
JOURNEY-03415,CUST-03415,2025-01-19 14:35:00,2025-01-23 03:07:00,Direct,Paid Search,Direct Visit,Product Search,4,4,0,0,0.0,84.53,,,Direct > Paid Social > Display > Paid Search
JOURNEY-03416,CUST-03416,2025-03-16 15:37:00,2025-03-25 10:51:00,Email,Referral,Newsletter,Partner Website,6,4,1,1,178.44,211.23,2025-03-25 10:51:00,8.8,Email > Direct > Paid Social > Referral > Email > Referral
JOURNEY-03417,CUST-03417,2025-05-02 15:15:00,2025-05-07 09:10:00,Email,Direct,Promotional Email,Direct Visit,3,3,1,1,124.55,113.92,2025-05-07 09:10:00,4.75,Email > Display > Direct
JOURNEY-03418,CUST-03418,2025-03-29 20:21:00,2025-03-30 07:44:00,Paid Social,Paid Social,LinkedIn Ads,LinkedIn Ads,2,1,0,0,0.0,11.38,,,Paid Social > Paid Social
JOURNEY-03419,CUST-03419,2025-03-21 02:39:00,2025-03-23 17:28:00,Direct,Organic Search,Direct Visit,Product Pages,2,2,0,0,0.0,62.82,,,Direct > Organic Search
JOURNEY-03420,CUST-03420,2025-01-19 10:35:00,2025-01-20 13:24:00,Paid Social,Direct,Facebook Ads,Direct Visit,2,2,1,1,98.99,26.82,2025-01-20 13:24:00,1.12,Paid Social > Direct
JOURNEY-03421,CUST-03421,2025-01-27 00:02:00,2025-02-05 00:49:00,Organic Social,Email,LinkedIn Organic,Welcome Series,5,4,0,0,0.0,216.78,,,Organic Social > Email > Organic Search > Display > Email
JOURNEY-03422,CUST-03422,2025-04-30 22:08:00,2025-05-06 22:02:00,Organic Social,Organic Social,Instagram Organic,TikTok Organic,4,3,0,0,0.0,143.9,,,Organic Social > Email > Paid Search > Organic Social
JOURNEY-03423,CUST-03423,2025-03-02 19:53:00,2025-03-06 03:10:00,Referral,Paid Search,Affiliate,Competitor Search,4,4,1,1,150.59,79.28,2025-03-06 03:10:00,3.3,Referral > Organic Search > Display > Paid Search
JOURNEY-03424,CUST-03424,2025-06-16 23:41:00,2025-06-25 03:41:00,Organic Search,Organic Search,SEO Blog,Product Pages,4,3,0,0,0.0,196.0,,,Organic Search > Paid Search > Paid Social > Organic Search
JOURNEY-03425,CUST-03425,2025-01-06 04:25:00,2025-01-14 02:14:00,Paid Search,Direct,Brand Search,Direct Visit,5,5,0,0,0.0,189.82,,,Paid Search > Paid Social > Referral > Organic Search > Direct
JOURNEY-03426,CUST-03426,2025-05-26 01:34:00,2025-05-27 14:29:00,Paid Search,Paid Social,Competitor Search,LinkedIn Ads,2,2,0,0,0.0,36.92,,,Paid Search > Paid Social
JOURNEY-03427,CUST-03427,2025-01-03 10:24:00,2025-01-03 10:24:00,Display,Display,Prospecting,Prospecting,1,1,1,1,77.33,0.0,2025-01-03 10:24:00,0.0,Display
JOURNEY-03428,CUST-03428,2025-03-26 04:47:00,2025-03-27 08:22:00,Paid Search,Paid Social,Brand Search,Instagram Ads,2,2,0,0,0.0,27.58,,,Paid Search > Paid Social
JOURNEY-03429,CUST-03429,2025-02-25 02:29:00,2025-03-04 03:56:00,Paid Social,Display,LinkedIn Ads,Banner Campaign,5,4,0,0,0.0,169.45,,,Paid Social > Display > Organic Search > Email > Display
JOURNEY-03430,CUST-03430,2025-06-20 16:01:00,2025-06-29 00:49:00,Organic Search,Email,Product Pages,Promotional Email,6,4,0,0,0.0,200.8,,,Organic Search > Display > Paid Social > Email > Email > Email
JOURNEY-03431,CUST-03431,2025-02-17 20:25:00,2025-02-19 13:31:00,Organic Search,Display,Educational Content,Prospecting,2,2,1,1,183.36,41.1,2025-02-19 13:31:00,1.71,Organic Search > Display
JOURNEY-03432,CUST-03432,2025-06-03 19:57:00,2025-06-08 23:29:00,Organic Search,Display,Educational Content,Prospecting,3,3,0,0,0.0,123.53,,,Organic Search > Referral > Display
JOURNEY-03433,CUST-03433,2025-05-02 20:58:00,2025-05-04 06:55:00,Paid Social,Direct,Facebook Ads,Direct Visit,3,3,1,1,133.19,33.95,2025-05-04 06:55:00,1.41,Paid Social > Display > Direct
JOURNEY-03434,CUST-03434,2025-06-27 05:46:00,2025-07-07 21:13:00,Paid Social,Display,Facebook Ads,Retargeting,5,4,0,0,0.0,255.45,,,Paid Social > Direct > Paid Social > Organic Search > Display
JOURNEY-03435,CUST-03435,2025-01-04 07:54:00,2025-01-10 19:36:00,Organic Social,Paid Search,Instagram Organic,Brand Search,5,5,0,0,0.0,155.7,,,Organic Social > Direct > Organic Search > Referral > Paid Search
JOURNEY-03436,CUST-03436,2025-02-23 22:12:00,2025-03-06 11:10:00,Referral,Paid Social,Customer Referral,Facebook Ads,5,5,1,1,188.31,252.97,2025-03-06 11:10:00,10.54,Referral > Display > Organic Search > Email > Paid Social
JOURNEY-03437,CUST-03437,2025-06-17 06:10:00,2025-06-21 05:10:00,Organic Social,Email,LinkedIn Organic,Welcome Series,4,3,0,0,0.0,95.0,,,Organic Social > Email > Paid Search > Email
JOURNEY-03438,CUST-03438,2025-01-10 18:05:00,2025-01-17 04:56:00,Organic Social,Paid Search,TikTok Organic,Brand Search,6,5,0,0,0.0,154.85,,,Organic Social > Email > Paid Social > Email > Display > Paid Search
JOURNEY-03439,CUST-03439,2025-05-04 22:42:00,2025-05-11 08:42:00,Referral,Paid Search,Partner Website,Brand Search,3,3,0,0,0.0,154.0,,,Referral > Organic Social > Paid Search
JOURNEY-03440,CUST-03440,2025-05-03 12:04:00,2025-05-06 14:02:00,Paid Social,Paid Search,Facebook Ads,Competitor Search,3,3,0,0,0.0,73.97,,,Paid Social > Referral > Paid Search
JOURNEY-03441,CUST-03441,2025-06-01 09:16:00,2025-06-10 23:52:00,Organic Search,Direct,Educational Content,Direct Visit,5,5,1,1,129.57,230.6,2025-06-10 23:52:00,9.61,Organic Search > Email > Display > Organic Social > Direct
JOURNEY-03442,CUST-03442,2025-05-03 22:09:00,2025-05-12 22:24:00,Paid Social,Paid Search,Instagram Ads,Brand Search,6,5,0,0,0.0,216.25,,,Paid Social > Referral > Paid Search > Organic Search > Direct > Paid Search
JOURNEY-03443,CUST-03443,2025-03-21 14:05:00,2025-03-28 10:33:00,Paid Search,Paid Search,Brand Search,Competitor Search,5,3,0,0,0.0,164.47,,,Paid Search > Paid Search > Email > Direct > Paid Search
JOURNEY-03444,CUST-03444,2025-02-23 19:53:00,2025-02-23 19:53:00,Organic Search,Organic Search,SEO Blog,SEO Blog,1,1,0,0,0.0,0.0,,,Organic Search
JOURNEY-03445,CUST-03445,2025-05-07 16:55:00,2025-05-08 22:40:00,Direct,Organic Search,Direct Visit,SEO Blog,2,2,0,0,0.0,29.75,,,Direct > Organic Search
JOURNEY-03446,CUST-03446,2025-01-28 11:29:00,2025-01-28 19:29:00,Paid Social,Organic Social,Facebook Ads,Instagram Organic,2,2,0,0,0.0,8.0,,,Paid Social > Organic Social
JOURNEY-03447,CUST-03447,2025-01-15 22:39:00,2025-01-27 01:05:00,Organic Search,Organic Search,Educational Content,Educational Content,6,4,0,0,0.0,266.43,,,Organic Search > Paid Social > Paid Search > Direct > Paid Social > Organic Search
JOURNEY-03448,CUST-03448,2025-05-05 23:45:00,2025-05-08 02:52:00,Display,Paid Social,Banner Campaign,Instagram Ads,2,2,0,0,0.0,51.12,,,Display > Paid Social
JOURNEY-03449,CUST-03449,2025-01-26 22:37:00,2025-01-30 17:55:00,Display,Paid Social,Prospecting,Facebook Ads,3,3,0,0,0.0,91.3,,,Display > Referral > Paid Social
JOURNEY-03450,CUST-03450,2025-04-20 07:47:00,2025-04-20 07:47:00,Paid Social,Paid Social,Facebook Ads,Facebook Ads,1,1,0,0,0.0,0.0,,,Paid Social
JOURNEY-03451,CUST-03451,2025-05-17 10:37:00,2025-05-27 02:52:00,Email,Email,Newsletter,Newsletter,5,4,1,1,157.82,232.25,2025-05-27 02:52:00,9.68,Email > Paid Search > Display > Paid Social > Email
JOURNEY-03452,CUST-03452,2025-02-24 10:25:00,2025-03-03 01:59:00,Direct,Organic Search,Direct Visit,Product Pages,3,3,0,0,0.0,159.57,,,Direct > Paid Social > Organic Search
JOURNEY-03453,CUST-03453,2025-01-01 17:19:00,2025-01-08 11:51:00,Paid Search,Email,Product Search,Newsletter,5,4,0,0,0.0,162.53,,,Paid Search > Direct > Email > Paid Social > Email
JOURNEY-03454,CUST-03454,2025-03-10 18:06:00,2025-03-19 03:29:00,Direct,Display,Direct Visit,Prospecting,5,3,1,1,168.47,201.38,2025-03-19 03:29:00,8.39,Direct > Organic Search > Direct > Display > Display
JOURNEY-03455,CUST-03455,2025-02-14 02:01:00,2025-02-20 01:43:00,Referral,Direct,Customer Referral,Direct Visit,5,4,0,0,0.0,143.7,,,Referral > Email > Direct > Paid Search > Direct
JOURNEY-03456,CUST-03456,2025-02-16 05:49:00,2025-02-18 15:50:00,Organic Search,Paid Social,Product Pages,Instagram Ads,2,2,0,0,0.0,58.02,,,Organic Search > Paid Social
JOURNEY-03457,CUST-03457,2025-01-13 20:30:00,2025-01-13 20:30:00,Organic Search,Organic Search,Educational Content,Educational Content,1,1,0,0,0.0,0.0,,,Organic Search
JOURNEY-03458,CUST-03458,2025-01-14 16:26:00,2025-01-24 21:40:00,Direct,Organic Social,Direct Visit,LinkedIn Organic,5,4,0,0,0.0,245.23,,,Direct > Display > Paid Search > Display > Organic Social
JOURNEY-03459,CUST-03459,2025-05-01 03:03:00,2025-05-05 08:20:00,Organic Search,Email,Product Pages,Promotional Email,3,3,0,0,0.0,101.28,,,Organic Search > Organic Social > Email
JOURNEY-03460,CUST-03460,2025-04-08 06:19:00,2025-04-13 21:21:00,Email,Organic Social,Welcome Series,Instagram Organic,3,3,0,0,0.0,135.03,,,Email > Display > Organic Social
JOURNEY-03461,CUST-03461,2025-04-19 02:46:00,2025-04-24 05:08:00,Paid Social,Direct,Instagram Ads,Direct Visit,3,3,0,0,0.0,122.37,,,Paid Social > Email > Direct
JOURNEY-03462,CUST-03462,2025-04-18 02:19:00,2025-04-20 00:31:00,Email,Organic Search,Newsletter,Educational Content,3,3,0,0,0.0,46.2,,,Email > Display > Organic Search
JOURNEY-03463,CUST-03463,2025-06-12 01:04:00,2025-06-14 23:02:00,Paid Social,Organic Search,LinkedIn Ads,Product Pages,2,2,1,1,186.41,69.97,2025-06-14 23:02:00,2.92,Paid Social > Organic Search
JOURNEY-03464,CUST-03464,2025-06-28 07:00:00,2025-07-17 00:11:00,Paid Social,Organic Social,Facebook Ads,TikTok Organic,8,6,1,1,104.67,449.18,2025-07-17 00:11:00,18.72,Paid Social > Email > Paid Search > Paid Social > Display > Direct > Email > Organic Social
JOURNEY-03465,CUST-03465,2025-04-20 17:46:00,2025-04-27 20:24:00,Email,Paid Search,Promotional Email,Competitor Search,4,4,0,0,0.0,170.63,,,Email > Paid Social > Referral > Paid Search
JOURNEY-03466,CUST-03466,2025-03-11 08:32:00,2025-03-21 03:17:00,Direct,Paid Social,Direct Visit,LinkedIn Ads,6,4,1,1,44.58,234.75,2025-03-21 03:17:00,9.78,Direct > Display > Organic Search > Paid Social > Organic Search > Paid Social
JOURNEY-03467,CUST-03467,2025-01-31 07:53:00,2025-01-31 07:53:00,Direct,Direct,Direct Visit,Direct Visit,1,1,0,0,0.0,0.0,,,Direct
JOURNEY-03468,CUST-03468,2025-05-20 22:05:00,2025-05-26 15:01:00,Organic Search,Paid Search,Educational Content,Product Search,3,3,0,0,0.0,136.93,,,Organic Search > Referral > Paid Search
JOURNEY-03469,CUST-03469,2025-05-22 14:20:00,2025-05-28 14:51:00,Paid Search,Paid Search,Brand Search,Brand Search,4,3,0,0,0.0,144.52,,,Paid Search > Email > Referral > Paid Search
JOURNEY-03470,CUST-03470,2025-05-11 21:09:00,2025-05-12 03:28:00,Referral,Paid Search,Customer Referral,Competitor Search,2,2,0,0,0.0,6.32,,,Referral > Paid Search
JOURNEY-03471,CUST-03471,2025-05-25 18:35:00,2025-05-27 22:23:00,Referral,Email,Partner Website,Newsletter,2,2,1,1,264.72,51.8,2025-05-27 22:23:00,2.16,Referral > Email
JOURNEY-03472,CUST-03472,2025-06-10 18:34:00,2025-06-14 16:49:00,Direct,Email,Direct Visit,Promotional Email,2,2,0,0,0.0,94.25,,,Direct > Email
JOURNEY-03473,CUST-03473,2025-04-04 21:24:00,2025-04-13 23:58:00,Organic Search,Paid Social,SEO Blog,Facebook Ads,5,3,0,0,0.0,218.57,,,Organic Search > Paid Social > Organic Search > Referral > Paid Social
JOURNEY-03474,CUST-03474,2025-05-21 18:14:00,2025-05-27 19:46:00,Referral,Paid Search,Partner Website,Competitor Search,5,3,0,0,0.0,145.53,,,Referral > Email > Paid Search > Referral > Paid Search
JOURNEY-03475,CUST-03475,2025-01-06 05:30:00,2025-01-15 02:26:00,Paid Social,Paid Search,LinkedIn Ads,Product Search,5,3,0,0,0.0,212.93,,,Paid Social > Organic Search > Paid Social > Paid Search > Paid Search
JOURNEY-03476,CUST-03476,2025-02-01 02:55:00,2025-02-05 06:47:00,Organic Social,Display,TikTok Organic,Retargeting,4,3,0,0,0.0,99.87,,,Organic Social > Paid Social > Organic Social > Display
JOURNEY-03477,CUST-03477,2025-04-01 00:30:00,2025-04-08 11:08:00,Direct,Organic Social,Direct Visit,TikTok Organic,5,4,1,1,141.65,178.63,2025-04-08 11:08:00,7.44,Direct > Referral > Paid Search > Paid Search > Organic Social
JOURNEY-03478,CUST-03478,2025-04-26 20:08:00,2025-04-30 05:46:00,Paid Social,Paid Search,Facebook Ads,Product Search,4,4,0,0,0.0,81.63,,,Paid Social > Display > Organic Search > Paid Search
JOURNEY-03479,CUST-03479,2025-03-31 19:05:00,2025-04-06 21:12:00,Display,Direct,Banner Campaign,Direct Visit,5,5,0,0,0.0,146.12,,,Display > Paid Social > Organic Search > Organic Social > Direct
JOURNEY-03480,CUST-03480,2025-06-25 08:34:00,2025-06-28 07:46:00,Organic Search,Display,Educational Content,Banner Campaign,2,2,0,0,0.0,71.2,,,Organic Search > Display
JOURNEY-03481,CUST-03481,2025-03-19 10:18:00,2025-03-25 11:42:00,Email,Organic Search,Promotional Email,Educational Content,5,5,0,0,0.0,145.4,,,Email > Paid Social > Display > Referral > Organic Search
JOURNEY-03482,CUST-03482,2025-04-04 19:25:00,2025-04-06 21:03:00,Display,Paid Search,Banner Campaign,Competitor Search,2,2,1,1,90.09,49.63,2025-04-06 21:03:00,2.07,Display > Paid Search
JOURNEY-03483,CUST-03483,2025-01-22 02:31:00,2025-01-27 05:19:00,Direct,Paid Search,Direct Visit,Product Search,3,3,1,1,57.79,122.8,2025-01-27 05:19:00,5.12,Direct > Email > Paid Search
JOURNEY-03484,CUST-03484,2025-02-05 12:13:00,2025-02-08 02:54:00,Display,Paid Search,Banner Campaign,Brand Search,4,2,0,0,0.0,62.68,,,Display > Paid Search > Display > Paid Search
JOURNEY-03485,CUST-03485,2025-04-24 21:43:00,2025-05-03 19:24:00,Email,Paid Social,Welcome Series,Instagram Ads,4,4,1,1,173.03,213.68,2025-05-03 19:24:00,8.9,Email > Direct > Paid Search > Paid Social
JOURNEY-03486,CUST-03486,2025-02-28 19:41:00,2025-03-05 19:43:00,Paid Search,Organic Social,Product Search,Instagram Organic,4,4,0,0,0.0,120.03,,,Paid Search > Email > Referral > Organic Social
JOURNEY-03487,CUST-03487,2025-04-06 04:03:00,2025-04-10 21:58:00,Direct,Email,Direct Visit,Newsletter,3,3,1,1,142.16,113.92,2025-04-10 21:58:00,4.75,Direct > Paid Social > Email
JOURNEY-03488,CUST-03488,2025-03-05 07:59:00,2025-03-10 11:05:00,Paid Social,Paid Social,Facebook Ads,Facebook Ads,5,3,0,0,0.0,123.1,,,Paid Social > Paid Social > Display > Organic Search > Paid Social
JOURNEY-03489,CUST-03489,2025-06-23 10:18:00,2025-06-25 06:25:00,Organic Social,Email,Instagram Organic,Newsletter,3,2,0,0,0.0,44.12,,,Organic Social > Email > Email
JOURNEY-03490,CUST-03490,2025-02-12 22:44:00,2025-02-14 18:22:00,Paid Social,Paid Search,Instagram Ads,Brand Search,2,2,1,1,69.28,43.63,2025-02-14 18:22:00,1.82,Paid Social > Paid Search
JOURNEY-03491,CUST-03491,2025-02-18 19:25:00,2025-02-24 14:26:00,Organic Search,Organic Social,SEO Blog,Instagram Organic,3,3,1,1,62.02,139.02,2025-02-24 14:26:00,5.79,Organic Search > Direct > Organic Social
JOURNEY-03492,CUST-03492,2025-03-26 07:28:00,2025-04-02 12:20:00,Organic Search,Display,Educational Content,Banner Campaign,4,3,0,0,0.0,172.87,,,Organic Search > Paid Search > Paid Search > Display
JOURNEY-03493,CUST-03493,2025-03-02 05:40:00,2025-03-07 00:41:00,Direct,Display,Direct Visit,Prospecting,3,3,0,0,0.0,115.02,,,Direct > Paid Social > Display
JOURNEY-03494,CUST-03494,2025-05-10 23:06:00,2025-05-20 19:42:00,Paid Social,Email,Facebook Ads,Newsletter,6,6,0,0,0.0,236.6,,,Paid Social > Paid Search > Organic Search > Referral > Direct > Email
JOURNEY-03495,CUST-03495,2025-03-26 00:00:00,2025-04-09 18:11:00,Display,Email,Prospecting,Promotional Email,7,5,0,0,0.0,354.18,,,Display > Paid Social > Referral > Email > Organic Search > Paid Social > Email
JOURNEY-03496,CUST-03496,2025-02-26 07:03:00,2025-03-03 06:57:00,Paid Social,Paid Search,Instagram Ads,Brand Search,4,4,1,1,119.68,119.9,2025-03-03 06:57:00,5.0,Paid Social > Organic Social > Email > Paid Search
JOURNEY-03497,CUST-03497,2025-06-04 02:27:00,2025-06-06 23:48:00,Direct,Email,Direct Visit,Newsletter,2,2,0,0,0.0,69.35,,,Direct > Email
JOURNEY-03498,CUST-03498,2025-02-27 11:09:00,2025-03-07 14:23:00,Email,Paid Social,Newsletter,Instagram Ads,5,3,0,0,0.0,195.23,,,Email > Paid Social > Email > Direct > Paid Social
JOURNEY-03499,CUST-03499,2025-03-25 20:21:00,2025-03-26 14:51:00,Direct,Email,Direct Visit,Welcome Series,2,2,1,1,48.49,18.5,2025-03-26 14:51:00,0.77,Direct > Email
JOURNEY-03500,CUST-03500,2025-01-07 15:27:00,2025-01-20 11:08:00,Direct,Paid Social,Direct Visit,LinkedIn Ads,7,6,0,0,0.0,307.68,,,Direct > Email > Organic Search > Referral > Paid Search > Referral > Paid Social
JOURNEY-03501,CUST-03501,2025-04-12 23:38:00,2025-04-23 13:32:00,Paid Social,Email,Facebook Ads,Newsletter,6,5,0,0,0.0,253.9,,,Paid Social > Organic Social > Direct > Email > Referral > Email
JOURNEY-03502,CUST-03502,2025-01-10 21:10:00,2025-01-10 21:10:00,Paid Search,Paid Search,Product Search,Product Search,1,1,0,0,0.0,0.0,,,Paid Search
JOURNEY-03503,CUST-03503,2025-06-07 09:27:00,2025-06-10 08:52:00,Referral,Paid Social,Customer Referral,LinkedIn Ads,3,3,0,0,0.0,71.42,,,Referral > Email > Paid Social
JOURNEY-03504,CUST-03504,2025-06-25 17:34:00,2025-06-25 17:34:00,Paid Social,Paid Social,LinkedIn Ads,LinkedIn Ads,1,1,0,0,0.0,0.0,,,Paid Social
JOURNEY-03505,CUST-03505,2025-04-08 23:21:00,2025-04-15 00:41:00,Organic Social,Paid Social,Instagram Organic,LinkedIn Ads,5,3,0,0,0.0,145.33,,,Organic Social > Paid Social > Organic Social > Direct > Paid Social
JOURNEY-03506,CUST-03506,2025-03-03 15:36:00,2025-03-18 00:21:00,Paid Search,Paid Search,Product Search,Product Search,6,4,0,0,0.0,344.75,,,Paid Search > Organic Search > Display > Paid Search > Organic Social > Paid Search
JOURNEY-03507,CUST-03507,2025-01-19 19:28:00,2025-01-19 19:28:00,Organic Search,Organic Search,Educational Content,Educational Content,1,1,0,0,0.0,0.0,,,Organic Search
JOURNEY-03508,CUST-03508,2025-01-17 06:31:00,2025-01-17 06:31:00,Organic Search,Organic Search,Educational Content,Educational Content,1,1,0,0,0.0,0.0,,,Organic Search
JOURNEY-03509,CUST-03509,2025-01-14 08:07:00,2025-01-20 20:44:00,Direct,Display,Direct Visit,Banner Campaign,3,3,0,0,0.0,156.62,,,Direct > Paid Social > Display
JOURNEY-03510,CUST-03510,2025-05-14 13:41:00,2025-05-18 08:23:00,Email,Referral,Newsletter,Customer Referral,2,2,1,1,156.44,90.7,2025-05-18 08:23:00,3.78,Email > Referral
JOURNEY-03511,CUST-03511,2025-05-03 23:13:00,2025-05-13 16:07:00,Organic Social,Display,TikTok Organic,Prospecting,5,5,1,1,107.54,232.9,2025-05-13 16:07:00,9.7,Organic Social > Paid Social > Email > Referral > Display
JOURNEY-03512,CUST-03512,2025-05-06 00:36:00,2025-05-09 06:35:00,Referral,Paid Search,Affiliate,Competitor Search,2,2,0,0,0.0,77.98,,,Referral > Paid Search
JOURNEY-03513,CUST-03513,2025-05-07 10:55:00,2025-05-07 10:55:00,Display,Display,Retargeting,Retargeting,1,1,0,0,0.0,0.0,,,Display
JOURNEY-03514,CUST-03514,2025-06-01 04:34:00,2025-06-20 12:41:00,Direct,Direct,Direct Visit,Direct Visit,8,5,0,0,0.0,464.12,,,Direct > Referral > Organic Search > Organic Search > Email > Organic Social > Email > Direct
JOURNEY-03515,CUST-03515,2025-03-21 20:22:00,2025-03-26 13:55:00,Paid Search,Email,Competitor Search,Promotional Email,3,2,0,0,0.0,113.55,,,Paid Search > Paid Search > Email
JOURNEY-03516,CUST-03516,2025-02-16 09:09:00,2025-02-22 00:14:00,Organic Search,Paid Social,Educational Content,Instagram Ads,4,3,1,1,157.69,135.08,2025-02-22 00:14:00,5.63,Organic Search > Direct > Organic Search > Paid Social
JOURNEY-03517,CUST-03517,2025-02-21 22:46:00,2025-02-23 20:58:00,Paid Social,Direct,LinkedIn Ads,Direct Visit,3,3,0,0,0.0,46.2,,,Paid Social > Paid Search > Direct
JOURNEY-03518,CUST-03518,2025-05-04 05:51:00,2025-05-07 15:25:00,Paid Social,Paid Social,Instagram Ads,Facebook Ads,3,2,0,0,0.0,81.57,,,Paid Social > Organic Search > Paid Social
JOURNEY-03519,CUST-03519,2025-02-10 22:05:00,2025-02-10 22:05:00,Referral,Referral,Affiliate,Affiliate,1,1,1,1,88.66,0.0,2025-02-10 22:05:00,0.0,Referral
JOURNEY-03520,CUST-03520,2025-03-24 22:54:00,2025-04-03 04:43:00,Display,Referral,Retargeting,Partner Website,5,4,1,1,190.01,221.82,2025-04-03 04:43:00,9.24,Display > Direct > Direct > Paid Search > Referral
JOURNEY-03521,CUST-03521,2025-03-25 08:31:00,2025-03-30 10:51:00,Paid Search,Paid Social,Brand Search,Facebook Ads,3,3,0,0,0.0,122.33,,,Paid Search > Referral > Paid Social
JOURNEY-03522,CUST-03522,2025-06-25 02:53:00,2025-06-29 10:04:00,Email,Paid Search,Newsletter,Brand Search,3,3,1,1,49.37,103.18,2025-06-29 10:04:00,4.3,Email > Organic Search > Paid Search
JOURNEY-03523,CUST-03523,2025-03-25 18:48:00,2025-03-30 01:55:00,Paid Social,Organic Search,Facebook Ads,Educational Content,3,3,0,0,0.0,103.12,,,Paid Social > Display > Organic Search
JOURNEY-03524,CUST-03524,2025-01-11 18:06:00,2025-01-16 20:34:00,Display,Organic Search,Banner Campaign,SEO Blog,4,3,0,0,0.0,122.47,,,Display > Direct > Display > Organic Search
JOURNEY-03525,CUST-03525,2025-05-21 13:47:00,2025-05-28 07:35:00,Direct,Paid Search,Direct Visit,Brand Search,4,4,1,1,72.7,161.8,2025-05-28 07:35:00,6.74,Direct > Referral > Organic Search > Paid Search
JOURNEY-03526,CUST-03526,2025-02-09 03:16:00,2025-02-09 03:16:00,Direct,Direct,Direct Visit,Direct Visit,1,1,0,0,0.0,0.0,,,Direct
JOURNEY-03527,CUST-03527,2025-05-24 10:50:00,2025-05-25 05:27:00,Organic Social,Organic Search,TikTok Organic,Product Pages,2,2,0,0,0.0,18.62,,,Organic Social > Organic Search
JOURNEY-03528,CUST-03528,2025-02-06 19:08:00,2025-02-07 00:53:00,Paid Search,Email,Product Search,Promotional Email,2,2,0,0,0.0,5.75,,,Paid Search > Email
JOURNEY-03529,CUST-03529,2025-06-01 09:45:00,2025-06-05 12:47:00,Paid Search,Email,Product Search,Promotional Email,3,3,0,0,0.0,99.03,,,Paid Search > Organic Search > Email
JOURNEY-03530,CUST-03530,2025-05-19 13:38:00,2025-05-26 19:32:00,Direct,Display,Direct Visit,Retargeting,4,4,0,0,0.0,173.9,,,Direct > Email > Paid Search > Display
JOURNEY-03531,CUST-03531,2025-05-24 01:36:00,2025-05-25 10:52:00,Organic Search,Organic Social,Educational Content,TikTok Organic,3,3,0,0,0.0,33.27,,,Organic Search > Direct > Organic Social
JOURNEY-03532,CUST-03532,2025-06-22 20:24:00,2025-06-29 09:59:00,Email,Email,Welcome Series,Promotional Email,4,3,0,0,0.0,157.58,,,Email > Display > Paid Search > Email
JOURNEY-03533,CUST-03533,2025-01-30 00:22:00,2025-02-04 17:56:00,Direct,Paid Social,Direct Visit,Instagram Ads,3,3,0,0,0.0,137.57,,,Direct > Organic Search > Paid Social
JOURNEY-03534,CUST-03534,2025-01-31 12:57:00,2025-02-06 14:50:00,Email,Direct,Welcome Series,Direct Visit,3,3,1,1,200.52,145.88,2025-02-06 14:50:00,6.08,Email > Paid Social > Direct
JOURNEY-03535,CUST-03535,2025-02-18 07:37:00,2025-02-24 14:17:00,Email,Organic Social,Welcome Series,TikTok Organic,3,3,0,0,0.0,150.67,,,Email > Paid Search > Organic Social
JOURNEY-03536,CUST-03536,2025-03-21 02:22:00,2025-03-29 16:22:00,Organic Search,Organic Search,Product Pages,Product Pages,4,3,0,0,0.0,206.0,,,Organic Search > Email > Organic Social > Organic Search
JOURNEY-03537,CUST-03537,2025-06-23 08:05:00,2025-06-24 01:01:00,Direct,Paid Social,Direct Visit,Instagram Ads,2,2,0,0,0.0,16.93,,,Direct > Paid Social
JOURNEY-03538,CUST-03538,2025-02-03 23:58:00,2025-02-05 09:12:00,Paid Search,Referral,Brand Search,Partner Website,2,2,0,0,0.0,33.23,,,Paid Search > Referral
JOURNEY-03539,CUST-03539,2025-01-09 05:00:00,2025-01-20 21:43:00,Organic Search,Referral,Product Pages,Affiliate,6,5,1,1,82.15,280.72,2025-01-20 21:43:00,11.7,Organic Search > Paid Search > Paid Social > Organic Search > Display > Referral
JOURNEY-03540,CUST-03540,2025-06-17 10:30:00,2025-06-18 16:04:00,Paid Search,Referral,Product Search,Customer Referral,2,2,1,1,175.17,29.57,2025-06-18 16:04:00,1.23,Paid Search > Referral
JOURNEY-03541,CUST-03541,2025-02-01 10:47:00,2025-02-09 13:19:00,Organic Search,Organic Search,Educational Content,Educational Content,4,3,1,1,300.06,194.53,2025-02-09 13:19:00,8.11,Organic Search > Display > Direct > Organic Search
JOURNEY-03542,CUST-03542,2025-01-17 08:42:00,2025-01-18 09:40:00,Paid Social,Direct,Facebook Ads,Direct Visit,2,2,1,1,62.02,24.97,2025-01-18 09:40:00,1.04,Paid Social > Direct
JOURNEY-03543,CUST-03543,2025-04-09 17:33:00,2025-04-15 04:14:00,Organic Search,Organic Social,Product Pages,TikTok Organic,5,4,1,1,60.5,130.68,2025-04-15 04:14:00,5.45,Organic Search > Display > Display > Paid Search > Organic Social
JOURNEY-03544,CUST-03544,2025-05-07 23:03:00,2025-05-10 12:02:00,Paid Search,Paid Search,Product Search,Product Search,3,2,0,0,0.0,60.98,,,Paid Search > Paid Social > Paid Search
JOURNEY-03545,CUST-03545,2025-03-13 02:53:00,2025-03-28 22:55:00,Organic Social,Direct,Instagram Organic,Direct Visit,7,5,0,0,0.0,380.03,,,Organic Social > Paid Social > Email > Paid Social > Organic Search > Organic Social > Direct
JOURNEY-03546,CUST-03546,2025-03-04 17:49:00,2025-03-12 03:25:00,Display,Display,Prospecting,Banner Campaign,4,3,0,0,0.0,177.6,,,Display > Direct > Email > Display
JOURNEY-03547,CUST-03547,2025-06-08 02:02:00,2025-06-21 04:25:00,Paid Search,Referral,Brand Search,Customer Referral,8,6,0,0,0.0,314.38,,,Paid Search > Email > Paid Social > Display > Direct > Paid Social > Direct > Referral
JOURNEY-03548,CUST-03548,2025-04-22 23:32:00,2025-04-22 23:32:00,Email,Email,Promotional Email,Promotional Email,1,1,1,1,300.64,0.0,2025-04-22 23:32:00,0.0,Email
JOURNEY-03549,CUST-03549,2025-02-16 17:27:00,2025-02-28 07:16:00,Email,Referral,Welcome Series,Partner Website,6,5,0,0,0.0,277.82,,,Email > Organic Search > Paid Social > Organic Social > Organic Social > Referral
JOURNEY-03550,CUST-03550,2025-01-16 04:11:00,2025-01-16 04:11:00,Paid Social,Paid Social,Instagram Ads,Instagram Ads,1,1,0,0,0.0,0.0,,,Paid Social
JOURNEY-03551,CUST-03551,2025-01-08 01:55:00,2025-01-08 14:10:00,Paid Search,Organic Social,Brand Search,Instagram Organic,2,2,0,0,0.0,12.25,,,Paid Search > Organic Social
JOURNEY-03552,CUST-03552,2025-04-21 06:57:00,2025-04-30 14:45:00,Email,Organic Search,Newsletter,Product Pages,4,3,0,0,0.0,223.8,,,Email > Organic Search > Paid Search > Organic Search
JOURNEY-03553,CUST-03553,2025-01-28 00:54:00,2025-01-31 12:53:00,Email,Organic Social,Welcome Series,LinkedIn Organic,3,3,0,0,0.0,83.98,,,Email > Organic Search > Organic Social
JOURNEY-03554,CUST-03554,2025-05-30 17:08:00,2025-06-01 09:40:00,Email,Organic Search,Welcome Series,Educational Content,3,3,0,0,0.0,40.53,,,Email > Paid Search > Organic Search
JOURNEY-03555,CUST-03555,2025-05-23 17:40:00,2025-06-05 10:34:00,Direct,Email,Direct Visit,Welcome Series,6,6,1,1,420.15,304.9,2025-06-05 10:34:00,12.7,Direct > Paid Search > Paid Social > Organic Social > Referral > Email
JOURNEY-03556,CUST-03556,2025-06-27 19:32:00,2025-07-03 13:29:00,Paid Search,Paid Search,Competitor Search,Product Search,3,2,0,0,0.0,137.95,,,Paid Search > Direct > Paid Search
JOURNEY-03557,CUST-03557,2025-06-27 17:48:00,2025-07-01 00:13:00,Paid Social,Organic Social,Instagram Ads,Instagram Organic,3,3,0,0,0.0,78.42,,,Paid Social > Paid Search > Organic Social
JOURNEY-03558,CUST-03558,2025-02-18 13:45:00,2025-02-22 07:49:00,Paid Search,Paid Search,Brand Search,Brand Search,3,2,0,0,0.0,90.07,,,Paid Search > Organic Social > Paid Search
JOURNEY-03559,CUST-03559,2025-05-12 13:33:00,2025-05-22 08:37:00,Paid Search,Organic Search,Product Search,SEO Blog,5,5,0,0,0.0,235.07,,,Paid Search > Paid Social > Referral > Direct > Organic Search
JOURNEY-03560,CUST-03560,2025-06-11 21:09:00,2025-06-15 10:17:00,Direct,Paid Social,Direct Visit,Instagram Ads,3,3,0,0,0.0,85.13,,,Direct > Paid Search > Paid Social
JOURNEY-03561,CUST-03561,2025-06-28 22:07:00,2025-07-02 06:29:00,Organic Search,Referral,SEO Blog,Customer Referral,2,2,0,0,0.0,80.37,,,Organic Search > Referral
JOURNEY-03562,CUST-03562,2025-03-07 16:37:00,2025-03-11 03:02:00,Organic Search,Display,Product Pages,Banner Campaign,2,2,1,1,95.92,82.42,2025-03-11 03:02:00,3.43,Organic Search > Display
JOURNEY-03563,CUST-03563,2025-04-06 06:04:00,2025-04-17 12:57:00,Organic Social,Email,LinkedIn Organic,Newsletter,6,4,0,0,0.0,270.88,,,Organic Social > Display > Email > Email > Paid Social > Email
JOURNEY-03564,CUST-03564,2025-01-03 10:05:00,2025-01-06 08:47:00,Paid Search,Email,Brand Search,Welcome Series,2,2,0,0,0.0,70.7,,,Paid Search > Email
JOURNEY-03565,CUST-03565,2025-04-14 13:26:00,2025-04-15 20:35:00,Paid Social,Paid Search,Instagram Ads,Product Search,3,3,0,0,0.0,31.15,,,Paid Social > Referral > Paid Search
JOURNEY-03566,CUST-03566,2025-04-26 21:24:00,2025-05-03 01:54:00,Display,Paid Social,Banner Campaign,Facebook Ads,3,3,1,1,112.44,148.5,2025-05-03 01:54:00,6.19,Display > Referral > Paid Social
JOURNEY-03567,CUST-03567,2025-02-22 01:42:00,2025-02-26 05:00:00,Organic Search,Paid Social,Educational Content,LinkedIn Ads,3,3,0,0,0.0,99.3,,,Organic Search > Paid Search > Paid Social
JOURNEY-03568,CUST-03568,2025-01-14 14:45:00,2025-01-25 11:22:00,Organic Search,Email,Educational Content,Welcome Series,5,4,1,1,70.85,260.62,2025-01-25 11:22:00,10.86,Organic Search > Paid Search > Organic Search > Direct > Email
JOURNEY-03569,CUST-03569,2025-05-12 08:51:00,2025-05-26 16:55:00,Organic Social,Paid Search,TikTok Organic,Product Search,7,5,0,0,0.0,344.07,,,Organic Social > Display > Paid Search > Email > Referral > Email > Paid Search
JOURNEY-03570,CUST-03570,2025-05-28 22:16:00,2025-06-05 09:19:00,Direct,Organic Search,Direct Visit,Educational Content,4,3,0,0,0.0,179.05,,,Direct > Organic Social > Direct > Organic Search
JOURNEY-03571,CUST-03571,2025-06-26 22:51:00,2025-07-01 06:49:00,Organic Social,Paid Search,LinkedIn Organic,Competitor Search,4,4,0,0,0.0,103.97,,,Organic Social > Email > Organic Search > Paid Search
JOURNEY-03572,CUST-03572,2025-04-05 19:45:00,2025-04-08 13:35:00,Display,Email,Retargeting,Newsletter,2,2,1,1,151.73,65.83,2025-04-08 13:35:00,2.74,Display > Email
JOURNEY-03573,CUST-03573,2025-02-27 20:52:00,2025-03-05 16:25:00,Organic Search,Organic Social,SEO Blog,TikTok Organic,5,4,0,0,0.0,139.55,,,Organic Search > Display > Organic Search > Direct > Organic Social
JOURNEY-03574,CUST-03574,2025-04-03 00:08:00,2025-04-04 06:17:00,Paid Search,Referral,Competitor Search,Affiliate,2,2,0,0,0.0,30.15,,,Paid Search > Referral
JOURNEY-03575,CUST-03575,2025-05-26 14:58:00,2025-05-29 05:29:00,Organic Search,Direct,SEO Blog,Direct Visit,4,4,0,0,0.0,62.52,,,Organic Search > Paid Search > Paid Social > Direct
JOURNEY-03576,CUST-03576,2025-01-04 04:25:00,2025-01-14 21:42:00,Email,Display,Welcome Series,Retargeting,7,6,0,0,0.0,257.28,,,Email > Paid Social > Organic Search > Organic Social > Direct > Organic Social > Display
JOURNEY-03577,CUST-03577,2025-05-21 04:01:00,2025-05-23 14:17:00,Paid Social,Paid Social,Facebook Ads,Instagram Ads,4,3,0,0,0.0,58.27,,,Paid Social > Email > Direct > Paid Social
JOURNEY-03578,CUST-03578,2025-03-04 23:26:00,2025-03-09 07:35:00,Referral,Paid Search,Partner Website,Product Search,3,3,0,0,0.0,104.15,,,Referral > Organic Search > Paid Search
JOURNEY-03579,CUST-03579,2025-05-15 05:51:00,2025-05-26 21:43:00,Referral,Organic Social,Affiliate,Instagram Organic,5,3,1,1,78.01,279.87,2025-05-26 21:43:00,11.66,Referral > Paid Search > Organic Social > Paid Search > Organic Social
JOURNEY-03580,CUST-03580,2025-01-26 09:34:00,2025-01-26 09:34:00,Organic Search,Organic Search,Product Pages,Product Pages,1,1,0,0,0.0,0.0,,,Organic Search
JOURNEY-03581,CUST-03581,2025-01-09 18:48:00,2025-01-12 07:31:00,Referral,Email,Partner Website,Newsletter,4,4,0,0,0.0,60.72,,,Referral > Paid Search > Paid Social > Email
JOURNEY-03582,CUST-03582,2025-02-07 12:57:00,2025-02-26 01:01:00,Paid Social,Paid Search,Instagram Ads,Brand Search,7,5,1,1,207.73,444.07,2025-02-26 01:01:00,18.5,Paid Social > Organic Search > Email > Organic Social > Paid Search > Organic Search > Paid Search
JOURNEY-03583,CUST-03583,2025-03-05 18:51:00,2025-03-11 11:09:00,Display,Referral,Retargeting,Affiliate,4,4,0,0,0.0,136.3,,,Display > Organic Social > Email > Referral
JOURNEY-03584,CUST-03584,2025-02-09 14:22:00,2025-02-14 19:29:00,Organic Social,Email,LinkedIn Organic,Newsletter,3,3,1,1,49.18,125.12,2025-02-14 19:29:00,5.21,Organic Social > Direct > Email
JOURNEY-03585,CUST-03585,2025-02-14 04:24:00,2025-02-14 04:24:00,Direct,Direct,Direct Visit,Direct Visit,1,1,0,0,0.0,0.0,,,Direct
JOURNEY-03586,CUST-03586,2025-03-12 01:15:00,2025-03-20 11:09:00,Direct,Organic Search,Direct Visit,SEO Blog,5,4,0,0,0.0,201.9,,,Direct > Organic Search > Paid Search > Email > Organic Search
JOURNEY-03587,CUST-03587,2025-05-23 08:47:00,2025-05-30 12:00:00,Referral,Organic Search,Affiliate,Product Pages,5,5,0,0,0.0,171.22,,,Referral > Direct > Display > Paid Social > Organic Search
JOURNEY-03588,CUST-03588,2025-04-08 06:09:00,2025-04-12 10:19:00,Direct,Paid Social,Direct Visit,LinkedIn Ads,3,3,1,1,272.76,100.17,2025-04-12 10:19:00,4.17,Direct > Paid Search > Paid Social
JOURNEY-03589,CUST-03589,2025-04-24 01:58:00,2025-05-01 07:57:00,Organic Social,Organic Social,Instagram Organic,TikTok Organic,3,2,0,0,0.0,173.98,,,Organic Social > Paid Social > Organic Social
JOURNEY-03590,CUST-03590,2025-06-02 17:50:00,2025-06-14 02:11:00,Paid Search,Direct,Brand Search,Direct Visit,6,5,0,0,0.0,272.35,,,Paid Search > Email > Display > Direct > Paid Social > Direct
JOURNEY-03591,CUST-03591,2025-01-01 21:49:00,2025-01-07 07:11:00,Referral,Paid Social,Partner Website,Facebook Ads,4,4,0,0,0.0,129.37,,,Referral > Paid Search > Direct > Paid Social
JOURNEY-03592,CUST-03592,2025-06-11 15:48:00,2025-06-16 20:11:00,Paid Social,Organic Search,Instagram Ads,Educational Content,3,3,0,0,0.0,124.38,,,Paid Social > Referral > Organic Search
JOURNEY-03593,CUST-03593,2025-04-28 12:36:00,2025-04-28 12:36:00,Paid Social,Paid Social,Instagram Ads,Instagram Ads,1,1,0,0,0.0,0.0,,,Paid Social
JOURNEY-03594,CUST-03594,2025-05-26 18:21:00,2025-05-31 06:23:00,Display,Organic Search,Retargeting,Product Pages,3,3,0,0,0.0,108.03,,,Display > Paid Search > Organic Search
JOURNEY-03595,CUST-03595,2025-05-05 10:21:00,2025-05-07 18:12:00,Display,Paid Search,Banner Campaign,Product Search,2,2,0,0,0.0,55.85,,,Display > Paid Search
JOURNEY-03596,CUST-03596,2025-06-26 04:29:00,2025-06-28 23:05:00,Email,Paid Social,Promotional Email,Facebook Ads,3,3,0,0,0.0,66.6,,,Email > Organic Social > Paid Social
JOURNEY-03597,CUST-03597,2025-06-15 10:35:00,2025-06-22 17:39:00,Paid Social,Email,Facebook Ads,Newsletter,4,4,0,0,0.0,175.07,,,Paid Social > Organic Search > Paid Search > Email
JOURNEY-03598,CUST-03598,2025-01-21 19:36:00,2025-01-23 04:55:00,Display,Direct,Banner Campaign,Direct Visit,3,3,0,0,0.0,33.32,,,Display > Paid Search > Direct
JOURNEY-03599,CUST-03599,2025-05-17 16:18:00,2025-05-24 02:41:00,Paid Social,Direct,Instagram Ads,Direct Visit,4,3,0,0,0.0,154.38,,,Paid Social > Organic Social > Organic Social > Direct
JOURNEY-03600,CUST-03600,2025-04-16 07:01:00,2025-04-24 05:44:00,Display,Direct,Retargeting,Direct Visit,5,5,1,1,46.25,190.72,2025-04-24 05:44:00,7.95,Display > Paid Search > Organic Social > Email > Direct
JOURNEY-03601,CUST-03601,2025-02-08 09:21:00,2025-02-14 14:51:00,Direct,Paid Search,Direct Visit,Brand Search,4,4,0,0,0.0,149.5,,,Direct > Organic Social > Organic Search > Paid Search
JOURNEY-03602,CUST-03602,2025-02-05 04:05:00,2025-02-07 00:18:00,Email,Display,Newsletter,Prospecting,3,3,0,0,0.0,44.22,,,Email > Paid Social > Display
JOURNEY-03603,CUST-03603,2025-05-09 14:59:00,2025-05-12 00:26:00,Display,Paid Social,Prospecting,Instagram Ads,3,3,0,0,0.0,57.45,,,Display > Paid Search > Paid Social
JOURNEY-03604,CUST-03604,2025-06-17 18:58:00,2025-06-20 21:59:00,Paid Social,Paid Search,LinkedIn Ads,Competitor Search,4,3,1,1,140.93,75.02,2025-06-20 21:59:00,3.13,Paid Social > Organic Search > Paid Social > Paid Search
JOURNEY-03605,CUST-03605,2025-05-15 01:49:00,2025-05-22 08:19:00,Email,Display,Welcome Series,Banner Campaign,3,3,0,0,0.0,174.5,,,Email > Paid Social > Display
JOURNEY-03606,CUST-03606,2025-03-21 10:47:00,2025-03-28 03:40:00,Paid Search,Paid Social,Competitor Search,LinkedIn Ads,4,4,1,1,139.64,160.88,2025-03-28 03:40:00,6.7,Paid Search > Referral > Organic Social > Paid Social
JOURNEY-03607,CUST-03607,2025-05-17 08:01:00,2025-05-27 17:03:00,Direct,Paid Search,Direct Visit,Product Search,7,5,1,1,281.69,249.03,2025-05-27 17:03:00,10.38,Direct > Email > Paid Social > Paid Search > Email > Referral > Paid Search
JOURNEY-03608,CUST-03608,2025-06-15 10:20:00,2025-06-21 17:51:00,Paid Search,Paid Social,Brand Search,Instagram Ads,4,4,1,1,85.79,151.52,2025-06-21 17:51:00,6.31,Paid Search > Organic Search > Direct > Paid Social
JOURNEY-03609,CUST-03609,2025-06-12 03:23:00,2025-06-21 10:44:00,Referral,Paid Search,Customer Referral,Brand Search,8,6,1,1,157.09,223.35,2025-06-21 10:44:00,9.31,Referral > Organic Search > Paid Social > Organic Social > Paid Social > Referral > Direct > Paid Search
JOURNEY-03610,CUST-03610,2025-03-07 16:58:00,2025-03-10 01:37:00,Referral,Organic Social,Customer Referral,TikTok Organic,3,3,0,0,0.0,56.65,,,Referral > Paid Social > Organic Social
JOURNEY-03611,CUST-03611,2025-06-24 04:39:00,2025-07-03 17:24:00,Paid Search,Organic Social,Brand Search,LinkedIn Organic,5,5,1,1,111.86,228.75,2025-07-03 17:24:00,9.53,Paid Search > Paid Social > Referral > Direct > Organic Social
JOURNEY-03612,CUST-03612,2025-02-11 15:13:00,2025-02-17 03:18:00,Paid Social,Referral,Facebook Ads,Partner Website,3,3,0,0,0.0,132.08,,,Paid Social > Email > Referral
JOURNEY-03613,CUST-03613,2025-05-14 23:03:00,2025-05-18 00:01:00,Organic Search,Display,Educational Content,Prospecting,3,3,0,0,0.0,72.97,,,Organic Search > Paid Search > Display
JOURNEY-03614,CUST-03614,2025-05-06 08:19:00,2025-05-08 02:09:00,Referral,Email,Customer Referral,Welcome Series,3,3,0,0,0.0,41.83,,,Referral > Paid Social > Email
JOURNEY-03615,CUST-03615,2025-02-22 14:53:00,2025-03-01 14:50:00,Organic Social,Email,TikTok Organic,Promotional Email,5,5,1,1,139.81,167.95,2025-03-01 14:50:00,7.0,Organic Social > Paid Search > Direct > Organic Search > Email
JOURNEY-03616,CUST-03616,2025-01-09 15:17:00,2025-01-13 13:43:00,Paid Search,Paid Search,Brand Search,Product Search,3,2,1,1,146.69,94.43,2025-01-13 13:43:00,3.93,Paid Search > Direct > Paid Search
JOURNEY-03617,CUST-03617,2025-01-29 11:05:00,2025-02-04 04:40:00,Paid Search,Email,Product Search,Promotional Email,3,3,0,0,0.0,137.58,,,Paid Search > Organic Search > Email
JOURNEY-03618,CUST-03618,2025-06-05 12:21:00,2025-06-07 11:10:00,Organic Search,Direct,Educational Content,Direct Visit,2,2,1,1,110.14,46.82,2025-06-07 11:10:00,1.95,Organic Search > Direct
JOURNEY-03619,CUST-03619,2025-06-08 08:05:00,2025-06-12 01:35:00,Referral,Organic Search,Partner Website,SEO Blog,2,2,1,1,185.42,89.5,2025-06-12 01:35:00,3.73,Referral > Organic Search
JOURNEY-03620,CUST-03620,2025-05-22 16:52:00,2025-05-27 12:12:00,Organic Social,Display,LinkedIn Organic,Retargeting,3,3,0,0,0.0,115.33,,,Organic Social > Direct > Display
JOURNEY-03621,CUST-03621,2025-03-28 19:42:00,2025-04-02 20:23:00,Referral,Email,Customer Referral,Promotional Email,4,4,0,0,0.0,120.68,,,Referral > Direct > Display > Email
JOURNEY-03622,CUST-03622,2025-06-17 10:25:00,2025-06-17 10:25:00,Display,Display,Banner Campaign,Banner Campaign,1,1,0,0,0.0,0.0,,,Display
JOURNEY-03623,CUST-03623,2025-06-02 06:17:00,2025-06-09 04:33:00,Organic Search,Referral,SEO Blog,Partner Website,4,4,1,1,148.31,166.27,2025-06-09 04:33:00,6.93,Organic Search > Organic Social > Email > Referral
JOURNEY-03624,CUST-03624,2025-06-15 20:47:00,2025-06-25 09:49:00,Organic Search,Display,Educational Content,Prospecting,5,3,0,0,0.0,229.03,,,Organic Search > Referral > Display > Referral > Display
JOURNEY-03625,CUST-03625,2025-04-26 04:40:00,2025-05-07 16:15:00,Direct,Display,Direct Visit,Banner Campaign,6,6,0,0,0.0,275.58,,,Direct > Email > Referral > Organic Search > Organic Social > Display
JOURNEY-03626,CUST-03626,2025-03-04 00:17:00,2025-03-11 16:26:00,Paid Social,Organic Social,Instagram Ads,Instagram Organic,5,4,1,1,145.67,184.15,2025-03-11 16:26:00,7.67,Paid Social > Paid Search > Organic Search > Paid Search > Organic Social
JOURNEY-03627,CUST-03627,2025-03-24 04:45:00,2025-03-31 18:41:00,Paid Search,Referral,Competitor Search,Partner Website,4,4,0,0,0.0,181.93,,,Paid Search > Organic Search > Paid Social > Referral
JOURNEY-03628,CUST-03628,2025-05-15 02:54:00,2025-05-23 02:19:00,Paid Search,Organic Social,Product Search,TikTok Organic,4,4,0,0,0.0,191.42,,,Paid Search > Organic Search > Display > Organic Social
JOURNEY-03629,CUST-03629,2025-02-21 23:02:00,2025-02-26 04:12:00,Organic Search,Paid Search,SEO Blog,Competitor Search,4,2,0,0,0.0,101.17,,,Organic Search > Paid Search > Organic Search > Paid Search
JOURNEY-03630,CUST-03630,2025-04-11 18:22:00,2025-04-14 14:06:00,Paid Search,Display,Brand Search,Prospecting,2,2,1,1,171.62,67.73,2025-04-14 14:06:00,2.82,Paid Search > Display
JOURNEY-03631,CUST-03631,2025-01-15 05:19:00,2025-01-15 05:19:00,Display,Display,Banner Campaign,Banner Campaign,1,1,0,0,0.0,0.0,,,Display
JOURNEY-03632,CUST-03632,2025-05-06 07:17:00,2025-05-11 02:48:00,Paid Social,Display,Instagram Ads,Retargeting,5,5,0,0,0.0,115.52,,,Paid Social > Organic Social > Organic Search > Referral > Display
JOURNEY-03633,CUST-03633,2025-04-12 12:55:00,2025-04-20 19:41:00,Paid Social,Referral,Instagram Ads,Affiliate,5,5,1,1,90.23,198.77,2025-04-20 19:41:00,8.28,Paid Social > Organic Search > Email > Direct > Referral
JOURNEY-03634,CUST-03634,2025-05-10 16:17:00,2025-05-15 22:34:00,Direct,Direct,Direct Visit,Direct Visit,3,2,0,0,0.0,126.28,,,Direct > Paid Search > Direct
JOURNEY-03635,CUST-03635,2025-03-12 05:36:00,2025-03-12 05:36:00,Display,Display,Prospecting,Prospecting,1,1,0,0,0.0,0.0,,,Display
JOURNEY-03636,CUST-03636,2025-04-04 08:54:00,2025-04-09 18:20:00,Paid Social,Organic Search,LinkedIn Ads,SEO Blog,4,4,1,1,499.0,129.43,2025-04-09 18:20:00,5.39,Paid Social > Display > Organic Social > Organic Search
JOURNEY-03637,CUST-03637,2025-03-20 12:52:00,2025-03-20 12:52:00,Organic Social,Organic Social,Instagram Organic,Instagram Organic,1,1,0,0,0.0,0.0,,,Organic Social
JOURNEY-03638,CUST-03638,2025-05-14 12:01:00,2025-05-16 10:11:00,Referral,Display,Customer Referral,Retargeting,3,3,0,0,0.0,46.17,,,Referral > Organic Social > Display
JOURNEY-03639,CUST-03639,2025-01-18 02:22:00,2025-01-26 07:28:00,Paid Search,Organic Search,Brand Search,SEO Blog,5,5,0,0,0.0,197.1,,,Paid Search > Referral > Organic Social > Email > Organic Search
JOURNEY-03640,CUST-03640,2025-04-08 10:38:00,2025-04-10 12:16:00,Email,Paid Social,Promotional Email,Instagram Ads,2,2,0,0,0.0,49.63,,,Email > Paid Social
JOURNEY-03641,CUST-03641,2025-03-31 05:00:00,2025-04-03 17:20:00,Email,Organic Social,Newsletter,TikTok Organic,3,3,1,1,33.03,84.33,2025-04-03 17:20:00,3.51,Email > Display > Organic Social
JOURNEY-03642,CUST-03642,2025-03-09 17:20:00,2025-03-09 17:20:00,Organic Search,Organic Search,SEO Blog,SEO Blog,1,1,0,0,0.0,0.0,,,Organic Search
JOURNEY-03643,CUST-03643,2025-03-18 07:15:00,2025-03-25 04:13:00,Direct,Paid Search,Direct Visit,Product Search,5,4,0,0,0.0,164.97,,,Direct > Organic Social > Paid Search > Paid Social > Paid Search
JOURNEY-03644,CUST-03644,2025-01-18 06:54:00,2025-01-22 17:58:00,Paid Search,Organic Search,Product Search,Product Pages,4,4,0,0,0.0,107.07,,,Paid Search > Referral > Organic Social > Organic Search
JOURNEY-03645,CUST-03645,2025-03-14 19:16:00,2025-03-14 19:16:00,Display,Display,Banner Campaign,Banner Campaign,1,1,0,0,0.0,0.0,,,Display
JOURNEY-03646,CUST-03646,2025-01-05 15:20:00,2025-01-14 08:00:00,Paid Search,Display,Brand Search,Retargeting,5,4,0,0,0.0,208.67,,,Paid Search > Organic Social > Organic Social > Organic Search > Display
JOURNEY-03647,CUST-03647,2025-06-29 07:53:00,2025-07-01 05:38:00,Organic Social,Referral,TikTok Organic,Affiliate,2,2,0,0,0.0,45.75,,,Organic Social > Referral
JOURNEY-03648,CUST-03648,2025-04-11 07:13:00,2025-04-16 04:18:00,Email,Direct,Welcome Series,Direct Visit,4,3,0,0,0.0,117.08,,,Email > Direct > Organic Social > Direct
JOURNEY-03649,CUST-03649,2025-05-19 19:34:00,2025-05-22 08:02:00,Organic Social,Organic Social,Instagram Organic,TikTok Organic,3,2,0,0,0.0,60.47,,,Organic Social > Paid Search > Organic Social
JOURNEY-03650,CUST-03650,2025-02-10 01:10:00,2025-02-11 08:34:00,Paid Search,Referral,Competitor Search,Partner Website,2,2,0,0,0.0,31.4,,,Paid Search > Referral
JOURNEY-03651,CUST-03651,2025-02-11 08:47:00,2025-02-22 02:50:00,Paid Search,Direct,Competitor Search,Direct Visit,4,4,0,0,0.0,258.05,,,Paid Search > Paid Social > Display > Direct
JOURNEY-03652,CUST-03652,2025-06-11 15:05:00,2025-06-14 14:39:00,Direct,Email,Direct Visit,Promotional Email,3,3,0,0,0.0,71.57,,,Direct > Display > Email
JOURNEY-03653,CUST-03653,2025-02-25 11:35:00,2025-03-01 01:09:00,Direct,Organic Search,Direct Visit,Product Pages,2,2,0,0,0.0,85.57,,,Direct > Organic Search
JOURNEY-03654,CUST-03654,2025-05-23 04:31:00,2025-05-25 01:42:00,Paid Search,Email,Brand Search,Welcome Series,2,2,0,0,0.0,45.18,,,Paid Search > Email
JOURNEY-03655,CUST-03655,2025-01-26 22:04:00,2025-02-06 13:32:00,Organic Search,Organic Search,Product Pages,SEO Blog,5,4,1,1,290.21,255.47,2025-02-06 13:32:00,10.64,Organic Search > Email > Paid Search > Paid Social > Organic Search
JOURNEY-03656,CUST-03656,2025-06-17 10:30:00,2025-06-26 03:53:00,Paid Search,Direct,Competitor Search,Direct Visit,5,4,0,0,0.0,209.38,,,Paid Search > Organic Search > Paid Social > Paid Search > Direct
JOURNEY-03657,CUST-03657,2025-03-30 19:49:00,2025-04-09 13:49:00,Email,Paid Social,Newsletter,LinkedIn Ads,8,6,0,0,0.0,234.0,,,Email > Direct > Paid Search > Display > Paid Social > Email > Organic Search > Paid Social
JOURNEY-03658,CUST-03658,2025-04-13 07:46:00,2025-04-19 06:48:00,Organic Search,Direct,Product Pages,Direct Visit,4,3,0,0,0.0,143.03,,,Organic Search > Direct > Paid Social > Direct
JOURNEY-03659,CUST-03659,2025-04-25 22:45:00,2025-04-30 02:21:00,Paid Social,Paid Social,Instagram Ads,Facebook Ads,3,2,0,0,0.0,99.6,,,Paid Social > Paid Search > Paid Social
JOURNEY-03660,CUST-03660,2025-03-03 15:14:00,2025-03-11 21:38:00,Email,Paid Search,Promotional Email,Brand Search,5,5,0,0,0.0,198.4,,,Email > Organic Search > Referral > Paid Social > Paid Search
JOURNEY-03661,CUST-03661,2025-05-08 02:08:00,2025-05-10 16:35:00,Organic Search,Paid Search,Product Pages,Brand Search,3,3,0,0,0.0,62.45,,,Organic Search > Display > Paid Search
JOURNEY-03662,CUST-03662,2025-04-06 20:58:00,2025-04-15 03:50:00,Paid Search,Paid Search,Brand Search,Product Search,6,5,1,1,186.04,198.87,2025-04-15 03:50:00,8.29,Paid Search > Direct > Email > Organic Social > Display > Paid Search
JOURNEY-03663,CUST-03663,2025-04-28 03:51:00,2025-05-02 08:06:00,Paid Search,Direct,Product Search,Direct Visit,4,3,0,0,0.0,100.25,,,Paid Search > Email > Paid Search > Direct
JOURNEY-03664,CUST-03664,2025-03-06 19:31:00,2025-03-14 16:35:00,Paid Social,Organic Search,Instagram Ads,Educational Content,3,3,0,0,0.0,189.07,,,Paid Social > Paid Search > Organic Search
JOURNEY-03665,CUST-03665,2025-04-17 00:17:00,2025-04-20 00:51:00,Organic Search,Paid Social,Product Pages,Facebook Ads,2,2,0,0,0.0,72.57,,,Organic Search > Paid Social
JOURNEY-03666,CUST-03666,2025-05-03 23:40:00,2025-05-11 14:17:00,Email,Paid Social,Newsletter,Facebook Ads,4,4,0,0,0.0,182.62,,,Email > Organic Search > Referral > Paid Social
JOURNEY-03667,CUST-03667,2025-02-14 02:08:00,2025-02-24 22:51:00,Paid Search,Display,Competitor Search,Banner Campaign,6,4,1,1,77.84,260.72,2025-02-24 22:51:00,10.86,Paid Search > Paid Search > Email > Organic Search > Email > Display
JOURNEY-03668,CUST-03668,2025-05-11 18:23:00,2025-05-16 12:33:00,Paid Search,Email,Product Search,Newsletter,5,3,0,0,0.0,114.17,,,Paid Search > Organic Social > Email > Organic Social > Email
JOURNEY-03669,CUST-03669,2025-02-25 22:31:00,2025-03-02 09:40:00,Paid Search,Display,Competitor Search,Retargeting,4,3,0,0,0.0,107.15,,,Paid Search > Organic Search > Paid Search > Display
JOURNEY-03670,CUST-03670,2025-02-07 00:42:00,2025-02-08 08:26:00,Email,Email,Promotional Email,Newsletter,3,2,0,0,0.0,31.73,,,Email > Paid Social > Email
JOURNEY-03671,CUST-03671,2025-01-10 10:17:00,2025-01-18 17:06:00,Paid Search,Organic Social,Product Search,LinkedIn Organic,4,4,0,0,0.0,198.82,,,Paid Search > Direct > Email > Organic Social
JOURNEY-03672,CUST-03672,2025-03-14 09:31:00,2025-03-18 23:46:00,Organic Social,Paid Search,LinkedIn Organic,Brand Search,3,3,0,0,0.0,110.25,,,Organic Social > Organic Search > Paid Search
JOURNEY-03673,CUST-03673,2025-02-18 05:12:00,2025-02-18 20:21:00,Direct,Paid Search,Direct Visit,Competitor Search,2,2,0,0,0.0,15.15,,,Direct > Paid Search
JOURNEY-03674,CUST-03674,2025-05-12 13:52:00,2025-05-17 17:23:00,Display,Organic Search,Prospecting,Product Pages,3,3,0,0,0.0,123.52,,,Display > Direct > Organic Search
JOURNEY-03675,CUST-03675,2025-03-04 08:09:00,2025-03-13 10:55:00,Email,Direct,Welcome Series,Direct Visit,5,4,0,0,0.0,218.77,,,Email > Organic Search > Paid Search > Organic Search > Direct
JOURNEY-03676,CUST-03676,2025-01-14 05:36:00,2025-01-14 17:41:00,Direct,Display,Direct Visit,Prospecting,3,3,1,1,109.06,12.08,2025-01-14 17:41:00,0.5,Direct > Paid Search > Display
JOURNEY-03677,CUST-03677,2025-03-07 23:55:00,2025-03-12 08:47:00,Paid Search,Email,Product Search,Promotional Email,3,3,0,0,0.0,104.87,,,Paid Search > Direct > Email
JOURNEY-03678,CUST-03678,2025-03-05 17:57:00,2025-03-12 04:46:00,Display,Organic Search,Prospecting,SEO Blog,3,2,0,0,0.0,154.82,,,Display > Display > Organic Search
JOURNEY-03679,CUST-03679,2025-05-07 08:46:00,2025-05-20 12:39:00,Email,Organic Search,Newsletter,Educational Content,6,4,0,0,0.0,315.88,,,Email > Email > Organic Search > Referral > Paid Search > Organic Search
JOURNEY-03680,CUST-03680,2025-04-07 19:37:00,2025-04-10 17:47:00,Paid Search,Paid Search,Product Search,Product Search,2,1,0,0,0.0,70.17,,,Paid Search > Paid Search
JOURNEY-03681,CUST-03681,2025-02-25 21:58:00,2025-02-25 21:58:00,Referral,Referral,Affiliate,Affiliate,1,1,0,0,0.0,0.0,,,Referral
JOURNEY-03682,CUST-03682,2025-06-01 05:25:00,2025-06-04 17:18:00,Display,Organic Search,Prospecting,SEO Blog,3,3,0,0,0.0,83.88,,,Display > Direct > Organic Search
JOURNEY-03683,CUST-03683,2025-05-21 21:19:00,2025-05-23 20:16:00,Paid Search,Paid Social,Brand Search,Facebook Ads,2,2,0,0,0.0,46.95,,,Paid Search > Paid Social
JOURNEY-03684,CUST-03684,2025-02-01 05:44:00,2025-02-01 05:44:00,Paid Social,Paid Social,LinkedIn Ads,LinkedIn Ads,1,1,0,0,0.0,0.0,,,Paid Social
JOURNEY-03685,CUST-03685,2025-04-29 15:24:00,2025-04-29 15:24:00,Organic Social,Organic Social,Instagram Organic,Instagram Organic,1,1,0,0,0.0,0.0,,,Organic Social
JOURNEY-03686,CUST-03686,2025-02-12 11:31:00,2025-02-19 22:55:00,Email,Email,Promotional Email,Promotional Email,3,2,0,0,0.0,179.4,,,Email > Paid Social > Email
JOURNEY-03687,CUST-03687,2025-05-27 16:02:00,2025-05-31 16:52:00,Direct,Email,Direct Visit,Welcome Series,3,2,0,0,0.0,96.83,,,Direct > Direct > Email
JOURNEY-03688,CUST-03688,2025-04-03 02:20:00,2025-04-06 06:59:00,Paid Search,Email,Competitor Search,Welcome Series,2,2,0,0,0.0,76.65,,,Paid Search > Email
JOURNEY-03689,CUST-03689,2025-05-25 06:52:00,2025-05-31 22:53:00,Referral,Referral,Partner Website,Partner Website,6,4,0,0,0.0,160.02,,,Referral > Paid Social > Organic Search > Direct > Organic Search > Referral
JOURNEY-03690,CUST-03690,2025-05-02 11:06:00,2025-05-07 09:19:00,Direct,Direct,Direct Visit,Direct Visit,3,2,1,1,45.99,118.22,2025-05-07 09:19:00,4.93,Direct > Organic Search > Direct
JOURNEY-03691,CUST-03691,2025-01-19 05:46:00,2025-02-03 08:16:00,Referral,Paid Search,Partner Website,Brand Search,7,5,0,0,0.0,362.5,,,Referral > Email > Paid Search > Organic Social > Paid Search > Direct > Paid Search
JOURNEY-03692,CUST-03692,2025-03-31 02:23:00,2025-04-02 23:55:00,Organic Search,Paid Social,Product Pages,Facebook Ads,2,2,1,1,322.73,69.53,2025-04-02 23:55:00,2.9,Organic Search > Paid Social
JOURNEY-03693,CUST-03693,2025-04-09 12:55:00,2025-04-14 01:23:00,Paid Search,Organic Search,Product Search,SEO Blog,5,4,1,1,145.43,108.47,2025-04-14 01:23:00,4.52,Paid Search > Direct > Direct > Email > Organic Search
JOURNEY-03694,CUST-03694,2025-04-20 15:11:00,2025-04-28 04:04:00,Paid Search,Direct,Product Search,Direct Visit,5,4,1,1,99.27,180.88,2025-04-28 04:04:00,7.54,Paid Search > Email > Direct > Display > Direct
JOURNEY-03695,CUST-03695,2025-06-20 10:00:00,2025-06-20 10:00:00,Direct,Direct,Direct Visit,Direct Visit,1,1,0,0,0.0,0.0,,,Direct
JOURNEY-03696,CUST-03696,2025-06-25 01:26:00,2025-06-26 05:39:00,Paid Social,Organic Social,LinkedIn Ads,LinkedIn Organic,3,3,0,0,0.0,28.22,,,Paid Social > Referral > Organic Social
JOURNEY-03697,CUST-03697,2025-05-05 03:41:00,2025-05-17 18:21:00,Organic Social,Paid Social,TikTok Organic,Instagram Ads,5,5,0,0,0.0,302.67,,,Organic Social > Paid Search > Direct > Organic Search > Paid Social
JOURNEY-03698,CUST-03698,2025-03-31 21:40:00,2025-04-08 03:03:00,Organic Social,Paid Search,LinkedIn Organic,Brand Search,3,3,0,0,0.0,173.38,,,Organic Social > Email > Paid Search
JOURNEY-03699,CUST-03699,2025-03-07 08:56:00,2025-03-14 16:50:00,Organic Social,Paid Search,LinkedIn Organic,Competitor Search,4,4,0,0,0.0,175.9,,,Organic Social > Referral > Organic Search > Paid Search
JOURNEY-03700,CUST-03700,2025-03-24 13:45:00,2025-03-28 05:34:00,Email,Paid Social,Promotional Email,LinkedIn Ads,3,3,0,0,0.0,87.82,,,Email > Paid Search > Paid Social
JOURNEY-03701,CUST-03701,2025-04-26 07:16:00,2025-05-04 18:56:00,Email,Paid Social,Promotional Email,Instagram Ads,5,4,1,1,97.96,203.67,2025-05-04 18:56:00,8.49,Email > Organic Search > Paid Search > Organic Search > Paid Social
JOURNEY-03702,CUST-03702,2025-01-21 08:13:00,2025-01-21 08:13:00,Email,Email,Newsletter,Newsletter,1,1,0,0,0.0,0.0,,,Email
JOURNEY-03703,CUST-03703,2025-01-12 02:20:00,2025-01-14 21:56:00,Direct,Direct,Direct Visit,Direct Visit,3,2,0,0,0.0,67.6,,,Direct > Paid Search > Direct
JOURNEY-03704,CUST-03704,2025-06-27 23:01:00,2025-07-05 10:26:00,Paid Social,Organic Social,Facebook Ads,LinkedIn Organic,4,3,0,0,0.0,179.42,,,Paid Social > Organic Social > Organic Search > Organic Social
JOURNEY-03705,CUST-03705,2025-01-18 23:35:00,2025-01-26 05:33:00,Email,Email,Promotional Email,Newsletter,5,4,0,0,0.0,173.97,,,Email > Direct > Paid Social > Organic Social > Email
JOURNEY-03706,CUST-03706,2025-04-11 17:10:00,2025-04-17 01:34:00,Referral,Direct,Affiliate,Direct Visit,3,3,0,0,0.0,128.4,,,Referral > Paid Social > Direct
JOURNEY-03707,CUST-03707,2025-03-31 19:13:00,2025-04-11 13:59:00,Direct,Paid Search,Direct Visit,Brand Search,5,3,1,1,196.0,258.77,2025-04-11 13:59:00,10.78,Direct > Email > Paid Search > Email > Paid Search
JOURNEY-03708,CUST-03708,2025-04-01 18:12:00,2025-04-07 05:50:00,Organic Search,Paid Search,Product Pages,Product Search,4,4,0,0,0.0,131.63,,,Organic Search > Direct > Referral > Paid Search
JOURNEY-03709,CUST-03709,2025-04-01 21:28:00,2025-04-03 16:51:00,Organic Search,Email,Educational Content,Newsletter,3,3,0,0,0.0,43.38,,,Organic Search > Display > Email
JOURNEY-03710,CUST-03710,2025-03-17 12:48:00,2025-03-24 12:44:00,Organic Search,Referral,SEO Blog,Customer Referral,6,5,1,1,62.38,167.93,2025-03-24 12:44:00,7.0,Organic Search > Paid Search > Paid Social > Email > Organic Search > Referral
JOURNEY-03711,CUST-03711,2025-01-22 09:49:00,2025-01-28 15:58:00,Referral,Display,Partner Website,Retargeting,5,4,0,0,0.0,150.15,,,Referral > Direct > Organic Search > Referral > Display
JOURNEY-03712,CUST-03712,2025-02-08 20:23:00,2025-02-11 20:28:00,Organic Search,Paid Search,Educational Content,Brand Search,2,2,1,1,101.29,72.08,2025-02-11 20:28:00,3.0,Organic Search > Paid Search
JOURNEY-03713,CUST-03713,2025-04-28 15:41:00,2025-05-02 09:55:00,Paid Search,Organic Search,Competitor Search,Educational Content,3,2,0,0,0.0,90.23,,,Paid Search > Organic Search > Organic Search
JOURNEY-03714,CUST-03714,2025-01-04 07:42:00,2025-01-14 06:11:00,Direct,Paid Search,Direct Visit,Brand Search,4,3,0,0,0.0,238.48,,,Direct > Organic Social > Direct > Paid Search
JOURNEY-03715,CUST-03715,2025-02-10 23:00:00,2025-02-22 02:54:00,Organic Social,Email,Instagram Organic,Newsletter,6,6,1,1,149.4,267.9,2025-02-22 02:54:00,11.16,Organic Social > Paid Search > Direct > Organic Search > Display > Email
JOURNEY-03716,CUST-03716,2025-03-17 15:13:00,2025-03-21 22:49:00,Referral,Organic Search,Partner Website,Product Pages,4,4,0,0,0.0,103.6,,,Referral > Paid Social > Paid Search > Organic Search
JOURNEY-03717,CUST-03717,2025-04-24 07:41:00,2025-04-29 10:56:00,Display,Referral,Prospecting,Partner Website,3,3,1,1,162.33,123.25,2025-04-29 10:56:00,5.14,Display > Direct > Referral
JOURNEY-03718,CUST-03718,2025-04-06 14:09:00,2025-04-17 11:20:00,Paid Search,Referral,Competitor Search,Customer Referral,5,5,0,0,0.0,261.18,,,Paid Search > Paid Social > Email > Organic Search > Referral
JOURNEY-03719,CUST-03719,2025-06-19 23:31:00,2025-07-03 01:57:00,Organic Search,Organic Social,Educational Content,TikTok Organic,6,6,0,0,0.0,314.43,,,Organic Search > Email > Direct > Paid Social > Paid Search > Organic Social
JOURNEY-03720,CUST-03720,2025-06-18 22:34:00,2025-06-27 19:16:00,Paid Search,Referral,Brand Search,Customer Referral,6,6,0,0,0.0,212.7,,,Paid Search > Email > Organic Search > Paid Social > Direct > Referral
JOURNEY-03721,CUST-03721,2025-04-24 05:59:00,2025-04-26 13:44:00,Referral,Referral,Partner Website,Partner Website,2,1,0,0,0.0,55.75,,,Referral > Referral
JOURNEY-03722,CUST-03722,2025-03-14 02:14:00,2025-03-19 20:44:00,Organic Search,Paid Social,Product Pages,LinkedIn Ads,3,2,0,0,0.0,138.5,,,Organic Search > Paid Social > Paid Social
JOURNEY-03723,CUST-03723,2025-06-21 12:08:00,2025-06-29 18:11:00,Display,Organic Social,Retargeting,LinkedIn Organic,5,5,1,1,60.11,198.05,2025-06-29 18:11:00,8.25,Display > Organic Search > Email > Direct > Organic Social
JOURNEY-03724,CUST-03724,2025-05-10 14:56:00,2025-05-13 20:31:00,Direct,Email,Direct Visit,Promotional Email,2,2,0,0,0.0,77.58,,,Direct > Email
JOURNEY-03725,CUST-03725,2025-02-09 03:46:00,2025-02-12 08:20:00,Referral,Referral,Partner Website,Customer Referral,2,1,1,1,246.43,76.57,2025-02-12 08:20:00,3.19,Referral > Referral
JOURNEY-03726,CUST-03726,2025-01-07 15:13:00,2025-01-11 13:03:00,Organic Social,Organic Search,TikTok Organic,Educational Content,3,3,0,0,0.0,93.83,,,Organic Social > Email > Organic Search
JOURNEY-03727,CUST-03727,2025-06-19 11:07:00,2025-06-22 20:47:00,Paid Search,Email,Brand Search,Welcome Series,3,3,0,0,0.0,81.67,,,Paid Search > Referral > Email
JOURNEY-03728,CUST-03728,2025-05-29 16:42:00,2025-06-07 14:20:00,Organic Social,Organic Search,TikTok Organic,Product Pages,6,5,0,0,0.0,213.63,,,Organic Social > Referral > Organic Search > Paid Search > Display > Organic Search
JOURNEY-03729,CUST-03729,2025-04-14 23:52:00,2025-04-17 19:16:00,Email,Referral,Newsletter,Partner Website,2,2,0,0,0.0,67.4,,,Email > Referral
JOURNEY-03730,CUST-03730,2025-05-15 12:31:00,2025-05-25 14:06:00,Organic Search,Paid Social,Educational Content,Facebook Ads,7,6,0,0,0.0,241.58,,,Organic Search > Paid Search > Email > Organic Search > Display > Direct > Paid Social
JOURNEY-03731,CUST-03731,2025-03-09 05:57:00,2025-03-13 11:12:00,Organic Search,Paid Social,Product Pages,Facebook Ads,4,3,0,0,0.0,101.25,,,Organic Search > Paid Social > Direct > Paid Social
JOURNEY-03732,CUST-03732,2025-05-26 21:33:00,2025-06-05 22:31:00,Email,Organic Search,Welcome Series,Educational Content,4,3,0,0,0.0,240.97,,,Email > Display > Email > Organic Search
JOURNEY-03733,CUST-03733,2025-01-25 05:46:00,2025-01-30 08:41:00,Paid Social,Email,Facebook Ads,Promotional Email,3,2,0,0,0.0,122.92,,,Paid Social > Email > Email
JOURNEY-03734,CUST-03734,2025-03-21 10:33:00,2025-03-27 19:41:00,Paid Search,Paid Search,Brand Search,Product Search,3,2,0,0,0.0,153.13,,,Paid Search > Email > Paid Search
JOURNEY-03735,CUST-03735,2025-04-09 14:08:00,2025-04-15 12:48:00,Paid Search,Direct,Brand Search,Direct Visit,4,3,1,1,47.95,142.67,2025-04-15 12:48:00,5.94,Paid Search > Organic Search > Direct > Direct
JOURNEY-03736,CUST-03736,2025-02-09 04:54:00,2025-02-09 21:30:00,Email,Email,Welcome Series,Newsletter,2,1,0,0,0.0,16.6,,,Email > Email
JOURNEY-03737,CUST-03737,2025-06-27 01:14:00,2025-07-08 07:12:00,Email,Organic Search,Welcome Series,Educational Content,4,3,1,1,249.71,269.97,2025-07-08 07:12:00,11.25,Email > Direct > Email > Organic Search
JOURNEY-03738,CUST-03738,2025-05-11 19:48:00,2025-05-15 17:40:00,Direct,Paid Social,Direct Visit,Facebook Ads,3,3,0,0,0.0,93.87,,,Direct > Organic Search > Paid Social
JOURNEY-03739,CUST-03739,2025-02-10 05:18:00,2025-02-10 05:18:00,Email,Email,Welcome Series,Welcome Series,1,1,0,0,0.0,0.0,,,Email
JOURNEY-03740,CUST-03740,2025-01-21 09:29:00,2025-01-31 10:56:00,Display,Paid Social,Prospecting,LinkedIn Ads,5,4,0,0,0.0,241.45,,,Display > Paid Social > Referral > Organic Social > Paid Social
JOURNEY-03741,CUST-03741,2025-01-22 12:12:00,2025-01-24 16:24:00,Paid Search,Organic Search,Brand Search,Educational Content,2,2,0,0,0.0,52.2,,,Paid Search > Organic Search
JOURNEY-03742,CUST-03742,2025-01-21 23:05:00,2025-02-02 10:19:00,Email,Organic Search,Welcome Series,Educational Content,7,5,0,0,0.0,275.23,,,Email > Organic Search > Paid Social > Referral > Email > Display > Organic Search
JOURNEY-03743,CUST-03743,2025-05-25 05:33:00,2025-06-01 04:02:00,Paid Social,Organic Social,Facebook Ads,TikTok Organic,4,3,1,1,86.83,166.48,2025-06-01 04:02:00,6.94,Paid Social > Referral > Paid Social > Organic Social
JOURNEY-03744,CUST-03744,2025-02-16 16:03:00,2025-02-19 21:15:00,Paid Social,Referral,Facebook Ads,Customer Referral,4,4,1,1,132.88,77.2,2025-02-19 21:15:00,3.22,Paid Social > Paid Search > Email > Referral
JOURNEY-03745,CUST-03745,2025-06-25 17:56:00,2025-07-02 06:15:00,Referral,Direct,Customer Referral,Direct Visit,3,3,1,1,71.23,156.32,2025-07-02 06:15:00,6.51,Referral > Paid Social > Direct
JOURNEY-03746,CUST-03746,2025-06-23 05:41:00,2025-06-29 13:24:00,Paid Social,Email,Instagram Ads,Newsletter,4,4,1,1,188.14,151.72,2025-06-29 13:24:00,6.32,Paid Social > Direct > Organic Social > Email
JOURNEY-03747,CUST-03747,2025-02-10 18:40:00,2025-02-23 07:49:00,Organic Social,Organic Social,TikTok Organic,Instagram Organic,7,5,0,0,0.0,301.15,,,Organic Social > Email > Organic Search > Email > Paid Search > Referral > Organic Social
JOURNEY-03748,CUST-03748,2025-05-04 05:21:00,2025-05-04 09:50:00,Paid Search,Display,Competitor Search,Banner Campaign,2,2,0,0,0.0,4.48,,,Paid Search > Display
JOURNEY-03749,CUST-03749,2025-03-27 11:10:00,2025-03-27 15:57:00,Paid Social,Referral,Facebook Ads,Partner Website,2,2,0,0,0.0,4.78,,,Paid Social > Referral
JOURNEY-03750,CUST-03750,2025-02-08 19:49:00,2025-02-12 04:20:00,Organic Search,Paid Social,Product Pages,LinkedIn Ads,3,3,0,0,0.0,80.52,,,Organic Search > Direct > Paid Social
JOURNEY-03751,CUST-03751,2025-01-02 13:26:00,2025-01-11 18:03:00,Organic Search,Paid Social,Educational Content,LinkedIn Ads,5,4,0,0,0.0,220.62,,,Organic Search > Email > Direct > Email > Paid Social
JOURNEY-03752,CUST-03752,2025-03-05 16:24:00,2025-03-16 04:35:00,Organic Social,Paid Social,TikTok Organic,Instagram Ads,7,6,0,0,0.0,252.18,,,Organic Social > Paid Search > Referral > Direct > Organic Social > Email > Paid Social
JOURNEY-03753,CUST-03753,2025-06-28 10:36:00,2025-07-04 17:26:00,Organic Social,Organic Search,Instagram Organic,SEO Blog,7,4,0,0,0.0,150.83,,,Organic Social > Paid Social > Organic Search > Organic Social > Email > Paid Social > Organic Search
JOURNEY-03754,CUST-03754,2025-01-14 19:21:00,2025-01-21 19:31:00,Display,Email,Retargeting,Promotional Email,4,4,0,0,0.0,168.17,,,Display > Paid Social > Organic Search > Email
JOURNEY-03755,CUST-03755,2025-04-11 05:38:00,2025-04-14 17:26:00,Organic Search,Paid Social,Educational Content,Instagram Ads,3,3,0,0,0.0,83.8,,,Organic Search > Email > Paid Social
JOURNEY-03756,CUST-03756,2025-05-10 10:55:00,2025-05-11 21:29:00,Paid Social,Paid Search,Instagram Ads,Brand Search,2,2,0,0,0.0,34.57,,,Paid Social > Paid Search
JOURNEY-03757,CUST-03757,2025-02-27 14:35:00,2025-03-09 06:28:00,Paid Social,Direct,LinkedIn Ads,Direct Visit,5,5,0,0,0.0,231.88,,,Paid Social > Display > Organic Social > Organic Search > Direct
JOURNEY-03758,CUST-03758,2025-05-08 14:56:00,2025-05-10 21:55:00,Paid Social,Display,Facebook Ads,Banner Campaign,2,2,0,0,0.0,54.98,,,Paid Social > Display
JOURNEY-03759,CUST-03759,2025-02-23 08:59:00,2025-03-01 06:42:00,Direct,Display,Direct Visit,Retargeting,5,4,0,0,0.0,141.72,,,Direct > Organic Search > Display > Organic Social > Display
JOURNEY-03760,CUST-03760,2025-02-17 12:36:00,2025-02-26 10:10:00,Email,Organic Search,Newsletter,Product Pages,5,4,0,0,0.0,213.57,,,Email > Display > Organic Search > Organic Social > Organic Search
JOURNEY-03761,CUST-03761,2025-01-11 18:33:00,2025-01-23 09:00:00,Direct,Paid Search,Direct Visit,Brand Search,7,4,0,0,0.0,278.45,,,Direct > Organic Search > Direct > Email > Direct > Organic Search > Paid Search
JOURNEY-03762,CUST-03762,2025-03-08 19:51:00,2025-03-15 21:34:00,Email,Paid Social,Newsletter,LinkedIn Ads,4,3,0,0,0.0,169.72,,,Email > Paid Search > Paid Search > Paid Social
JOURNEY-03763,CUST-03763,2025-01-09 19:44:00,2025-01-10 06:06:00,Email,Paid Search,Promotional Email,Brand Search,2,2,0,0,0.0,10.37,,,Email > Paid Search
JOURNEY-03764,CUST-03764,2025-03-30 19:38:00,2025-04-03 13:19:00,Organic Search,Referral,Product Pages,Partner Website,3,3,1,1,31.27,89.68,2025-04-03 13:19:00,3.74,Organic Search > Paid Search > Referral
JOURNEY-03765,CUST-03765,2025-01-08 18:59:00,2025-01-09 19:15:00,Email,Organic Search,Newsletter,Product Pages,2,2,0,0,0.0,24.27,,,Email > Organic Search
JOURNEY-03766,CUST-03766,2025-04-10 22:18:00,2025-04-14 04:56:00,Referral,Organic Search,Partner Website,Educational Content,2,2,1,1,94.57,78.63,2025-04-14 04:56:00,3.28,Referral > Organic Search
JOURNEY-03767,CUST-03767,2025-02-25 20:53:00,2025-03-06 01:14:00,Email,Paid Social,Welcome Series,Instagram Ads,5,4,0,0,0.0,196.35,,,Email > Organic Search > Email > Referral > Paid Social
JOURNEY-03768,CUST-03768,2025-03-02 16:53:00,2025-03-13 17:41:00,Paid Search,Referral,Brand Search,Customer Referral,7,5,0,0,0.0,264.8,,,Paid Search > Organic Search > Email > Email > Organic Search > Direct > Referral
JOURNEY-03769,CUST-03769,2025-05-04 02:58:00,2025-05-06 05:47:00,Paid Social,Paid Search,Instagram Ads,Competitor Search,3,3,0,0,0.0,50.82,,,Paid Social > Organic Search > Paid Search
JOURNEY-03770,CUST-03770,2025-02-18 02:28:00,2025-02-19 12:26:00,Referral,Paid Search,Customer Referral,Brand Search,2,2,0,0,0.0,33.97,,,Referral > Paid Search
JOURNEY-03771,CUST-03771,2025-04-07 04:49:00,2025-04-07 14:12:00,Paid Search,Paid Search,Product Search,Brand Search,2,1,0,0,0.0,9.38,,,Paid Search > Paid Search
JOURNEY-03772,CUST-03772,2025-06-26 09:13:00,2025-07-03 09:43:00,Email,Organic Search,Welcome Series,SEO Blog,4,4,0,0,0.0,168.5,,,Email > Paid Search > Direct > Organic Search
JOURNEY-03773,CUST-03773,2025-01-05 16:03:00,2025-01-09 23:59:00,Direct,Paid Social,Direct Visit,Instagram Ads,3,3,0,0,0.0,103.93,,,Direct > Paid Search > Paid Social
JOURNEY-03774,CUST-03774,2025-01-15 09:17:00,2025-01-22 01:52:00,Paid Social,Paid Search,LinkedIn Ads,Competitor Search,4,4,0,0,0.0,160.58,,,Paid Social > Direct > Organic Social > Paid Search
JOURNEY-03775,CUST-03775,2025-01-09 13:37:00,2025-01-16 18:33:00,Paid Search,Organic Search,Brand Search,SEO Blog,3,3,0,0,0.0,172.93,,,Paid Search > Paid Social > Organic Search
JOURNEY-03776,CUST-03776,2025-01-15 08:02:00,2025-01-25 02:48:00,Paid Search,Paid Social,Brand Search,Facebook Ads,5,3,1,1,47.93,234.77,2025-01-25 02:48:00,9.78,Paid Search > Organic Search > Paid Social > Paid Search > Paid Social
JOURNEY-03777,CUST-03777,2025-06-22 09:41:00,2025-06-24 06:31:00,Email,Organic Search,Promotional Email,Educational Content,2,2,0,0,0.0,44.83,,,Email > Organic Search
JOURNEY-03778,CUST-03778,2025-05-29 11:56:00,2025-06-08 16:12:00,Display,Paid Search,Retargeting,Brand Search,4,4,0,0,0.0,244.27,,,Display > Organic Search > Email > Paid Search
JOURNEY-03779,CUST-03779,2025-01-22 11:17:00,2025-01-26 00:21:00,Display,Organic Social,Banner Campaign,LinkedIn Organic,2,2,0,0,0.0,85.07,,,Display > Organic Social
JOURNEY-03780,CUST-03780,2025-01-15 12:21:00,2025-01-22 22:43:00,Organic Search,Email,Product Pages,Newsletter,4,3,0,0,0.0,178.37,,,Organic Search > Paid Search > Organic Search > Email
JOURNEY-03781,CUST-03781,2025-05-07 15:29:00,2025-05-08 02:52:00,Paid Search,Paid Social,Competitor Search,LinkedIn Ads,2,2,0,0,0.0,11.38,,,Paid Search > Paid Social
JOURNEY-03782,CUST-03782,2025-05-24 02:01:00,2025-05-30 05:51:00,Direct,Paid Search,Direct Visit,Competitor Search,4,3,0,0,0.0,147.83,,,Direct > Direct > Email > Paid Search
JOURNEY-03783,CUST-03783,2025-03-23 10:23:00,2025-03-28 23:38:00,Email,Email,Welcome Series,Welcome Series,3,2,1,1,103.23,133.25,2025-03-28 23:38:00,5.55,Email > Paid Search > Email
JOURNEY-03784,CUST-03784,2025-05-22 12:25:00,2025-05-25 00:12:00,Organic Search,Display,Educational Content,Banner Campaign,4,4,0,0,0.0,59.78,,,Organic Search > Paid Search > Direct > Display
JOURNEY-03785,CUST-03785,2025-06-26 10:47:00,2025-07-01 13:34:00,Direct,Paid Social,Direct Visit,Instagram Ads,3,3,0,0,0.0,122.78,,,Direct > Email > Paid Social
JOURNEY-03786,CUST-03786,2025-02-20 08:54:00,2025-02-25 22:13:00,Paid Search,Direct,Competitor Search,Direct Visit,3,3,1,1,248.3,133.32,2025-02-25 22:13:00,5.55,Paid Search > Organic Social > Direct
JOURNEY-03787,CUST-03787,2025-03-08 15:33:00,2025-03-18 00:21:00,Paid Social,Paid Search,LinkedIn Ads,Brand Search,4,4,1,1,96.57,224.8,2025-03-18 00:21:00,9.37,Paid Social > Direct > Organic Search > Paid Search
JOURNEY-03788,CUST-03788,2025-01-05 12:34:00,2025-01-12 22:11:00,Organic Search,Email,Educational Content,Newsletter,4,3,1,1,32.74,177.62,2025-01-12 22:11:00,7.4,Organic Search > Paid Search > Paid Search > Email
JOURNEY-03789,CUST-03789,2025-02-05 16:59:00,2025-02-07 23:21:00,Paid Social,Email,LinkedIn Ads,Welcome Series,2,2,0,0,0.0,54.37,,,Paid Social > Email
JOURNEY-03790,CUST-03790,2025-03-27 18:56:00,2025-03-31 13:29:00,Organic Search,Organic Search,SEO Blog,Product Pages,5,4,0,0,0.0,90.55,,,Organic Search > Email > Paid Search > Referral > Organic Search
JOURNEY-03791,CUST-03791,2025-02-21 01:35:00,2025-02-22 04:04:00,Organic Social,Display,Instagram Organic,Retargeting,2,2,1,1,117.92,26.48,2025-02-22 04:04:00,1.1,Organic Social > Display
JOURNEY-03792,CUST-03792,2025-02-09 09:46:00,2025-02-15 04:09:00,Email,Organic Search,Promotional Email,Product Pages,3,3,0,0,0.0,138.38,,,Email > Display > Organic Search
JOURNEY-03793,CUST-03793,2025-06-23 10:49:00,2025-06-27 23:48:00,Email,Organic Search,Promotional Email,Educational Content,4,2,1,1,111.01,108.98,2025-06-27 23:48:00,4.54,Email > Email > Email > Organic Search
JOURNEY-03794,CUST-03794,2025-06-04 20:15:00,2025-06-09 17:03:00,Email,Organic Search,Welcome Series,Product Pages,4,4,0,0,0.0,116.8,,,Email > Display > Paid Social > Organic Search
JOURNEY-03795,CUST-03795,2025-03-14 20:41:00,2025-03-23 10:04:00,Email,Organic Social,Newsletter,TikTok Organic,4,4,0,0,0.0,205.38,,,Email > Display > Referral > Organic Social
JOURNEY-03796,CUST-03796,2025-02-21 10:22:00,2025-03-02 17:59:00,Display,Paid Search,Prospecting,Brand Search,7,4,0,0,0.0,223.62,,,Display > Direct > Organic Search > Organic Search > Paid Search > Organic Search > Paid Search
JOURNEY-03797,CUST-03797,2025-01-24 16:50:00,2025-02-03 00:32:00,Organic Search,Paid Search,SEO Blog,Product Search,4,4,1,1,20.92,223.7,2025-02-03 00:32:00,9.32,Organic Search > Direct > Email > Paid Search
JOURNEY-03798,CUST-03798,2025-05-16 23:57:00,2025-05-17 17:27:00,Display,Direct,Prospecting,Direct Visit,2,2,0,0,0.0,17.5,,,Display > Direct
JOURNEY-03799,CUST-03799,2025-03-20 20:55:00,2025-03-20 20:55:00,Organic Search,Organic Search,SEO Blog,SEO Blog,1,1,1,1,101.72,0.0,2025-03-20 20:55:00,0.0,Organic Search
JOURNEY-03800,CUST-03800,2025-01-18 10:32:00,2025-01-23 09:00:00,Paid Social,Email,Facebook Ads,Newsletter,3,3,1,1,65.4,118.47,2025-01-23 09:00:00,4.94,Paid Social > Organic Search > Email
JOURNEY-03801,CUST-03801,2025-03-10 16:52:00,2025-03-25 15:10:00,Paid Search,Paid Social,Competitor Search,Instagram Ads,6,4,0,0,0.0,358.3,,,Paid Search > Paid Search > Direct > Paid Search > Display > Paid Social
JOURNEY-03802,CUST-03802,2025-01-27 09:25:00,2025-01-28 06:32:00,Direct,Email,Direct Visit,Newsletter,2,2,1,1,61.3,21.12,2025-01-28 06:32:00,0.88,Direct > Email
JOURNEY-03803,CUST-03803,2025-02-25 00:28:00,2025-03-02 23:06:00,Paid Search,Email,Brand Search,Newsletter,3,3,0,0,0.0,142.63,,,Paid Search > Referral > Email
JOURNEY-03804,CUST-03804,2025-01-06 08:11:00,2025-01-07 16:27:00,Organic Search,Organic Search,SEO Blog,Educational Content,3,2,0,0,0.0,32.27,,,Organic Search > Paid Search > Organic Search
JOURNEY-03805,CUST-03805,2025-02-24 05:11:00,2025-03-05 12:57:00,Direct,Organic Search,Direct Visit,Product Pages,5,4,1,1,113.15,223.77,2025-03-05 12:57:00,9.32,Direct > Organic Social > Referral > Organic Search > Organic Search
JOURNEY-03806,CUST-03806,2025-03-11 22:47:00,2025-03-13 22:02:00,Organic Search,Paid Search,Educational Content,Brand Search,3,3,1,1,162.31,47.25,2025-03-13 22:02:00,1.97,Organic Search > Organic Social > Paid Search
JOURNEY-03807,CUST-03807,2025-01-20 10:29:00,2025-01-31 15:55:00,Organic Social,Referral,LinkedIn Organic,Affiliate,6,6,1,1,51.76,269.43,2025-01-31 15:55:00,11.23,Organic Social > Display > Paid Social > Direct > Email > Referral
JOURNEY-03808,CUST-03808,2025-01-16 04:49:00,2025-01-20 01:13:00,Paid Social,Paid Search,Facebook Ads,Competitor Search,2,2,0,0,0.0,92.4,,,Paid Social > Paid Search
JOURNEY-03809,CUST-03809,2025-02-26 19:38:00,2025-02-26 19:38:00,Organic Social,Organic Social,Instagram Organic,Instagram Organic,1,1,0,0,0.0,0.0,,,Organic Social
JOURNEY-03810,CUST-03810,2025-04-09 14:24:00,2025-04-19 17:38:00,Email,Direct,Promotional Email,Direct Visit,8,7,0,0,0.0,243.23,,,Email > Paid Search > Display > Paid Social > Organic Search > Organic Social > Direct > Direct
JOURNEY-03811,CUST-03811,2025-05-10 23:12:00,2025-05-10 23:12:00,Organic Social,Organic Social,LinkedIn Organic,LinkedIn Organic,1,1,0,0,0.0,0.0,,,Organic Social
JOURNEY-03812,CUST-03812,2025-03-07 03:14:00,2025-03-07 05:28:00,Paid Social,Paid Search,Facebook Ads,Competitor Search,2,2,1,1,310.32,2.23,2025-03-07 05:28:00,0.09,Paid Social > Paid Search
JOURNEY-03813,CUST-03813,2025-03-29 18:57:00,2025-04-05 05:39:00,Direct,Paid Search,Direct Visit,Competitor Search,5,5,0,0,0.0,154.7,,,Direct > Display > Email > Organic Search > Paid Search
JOURNEY-03814,CUST-03814,2025-04-10 20:19:00,2025-04-19 03:41:00,Email,Paid Search,Welcome Series,Brand Search,6,4,0,0,0.0,199.37,,,Email > Display > Paid Search > Referral > Referral > Paid Search
JOURNEY-03815,CUST-03815,2025-06-18 12:57:00,2025-06-24 05:43:00,Email,Paid Social,Promotional Email,LinkedIn Ads,4,3,0,0,0.0,136.77,,,Email > Paid Social > Referral > Paid Social
JOURNEY-03816,CUST-03816,2025-01-08 12:58:00,2025-01-08 12:58:00,Organic Social,Organic Social,LinkedIn Organic,LinkedIn Organic,1,1,0,0,0.0,0.0,,,Organic Social
JOURNEY-03817,CUST-03817,2025-06-22 14:24:00,2025-06-23 13:21:00,Organic Search,Paid Social,SEO Blog,Facebook Ads,2,2,0,0,0.0,22.95,,,Organic Search > Paid Social
JOURNEY-03818,CUST-03818,2025-05-12 07:34:00,2025-05-16 06:06:00,Email,Paid Social,Newsletter,LinkedIn Ads,2,2,0,0,0.0,94.53,,,Email > Paid Social
JOURNEY-03819,CUST-03819,2025-06-26 16:43:00,2025-07-05 18:05:00,Paid Search,Paid Social,Competitor Search,LinkedIn Ads,4,4,0,0,0.0,217.37,,,Paid Search > Organic Social > Referral > Paid Social
JOURNEY-03820,CUST-03820,2025-03-10 09:15:00,2025-03-13 18:39:00,Paid Search,Organic Search,Competitor Search,SEO Blog,4,3,1,1,138.81,81.4,2025-03-13 18:39:00,3.39,Paid Search > Organic Search > Direct > Organic Search
JOURNEY-03821,CUST-03821,2025-05-07 06:54:00,2025-05-09 17:04:00,Paid Search,Direct,Competitor Search,Direct Visit,2,2,0,0,0.0,58.17,,,Paid Search > Direct
JOURNEY-03822,CUST-03822,2025-05-11 16:00:00,2025-05-13 02:49:00,Referral,Paid Social,Customer Referral,Instagram Ads,3,3,1,1,88.69,34.82,2025-05-13 02:49:00,1.45,Referral > Display > Paid Social
JOURNEY-03823,CUST-03823,2025-04-24 02:09:00,2025-04-29 16:04:00,Paid Social,Organic Search,Instagram Ads,SEO Blog,4,4,0,0,0.0,133.92,,,Paid Social > Paid Search > Organic Social > Organic Search
JOURNEY-03824,CUST-03824,2025-06-17 19:03:00,2025-06-24 05:36:00,Email,Organic Social,Newsletter,TikTok Organic,4,3,0,0,0.0,154.55,,,Email > Organic Social > Paid Search > Organic Social
JOURNEY-03825,CUST-03825,2025-02-23 07:55:00,2025-02-26 17:25:00,Paid Social,Paid Social,LinkedIn Ads,Instagram Ads,3,2,0,0,0.0,81.5,,,Paid Social > Paid Search > Paid Social
JOURNEY-03826,CUST-03826,2025-03-06 18:40:00,2025-03-10 01:47:00,Display,Display,Retargeting,Prospecting,3,2,1,1,83.45,79.12,2025-03-10 01:47:00,3.3,Display > Paid Social > Display
JOURNEY-03827,CUST-03827,2025-03-30 09:15:00,2025-04-02 17:10:00,Paid Social,Organic Search,LinkedIn Ads,Educational Content,2,2,1,1,132.2,79.92,2025-04-02 17:10:00,3.33,Paid Social > Organic Search
JOURNEY-03828,CUST-03828,2025-01-25 07:58:00,2025-01-31 15:57:00,Email,Direct,Newsletter,Direct Visit,3,3,0,0,0.0,151.98,,,Email > Paid Search > Direct
JOURNEY-03829,CUST-03829,2025-04-12 02:36:00,2025-04-27 15:43:00,Referral,Paid Search,Customer Referral,Brand Search,6,4,1,1,161.57,373.12,2025-04-27 15:43:00,15.55,Referral > Paid Social > Paid Search > Direct > Referral > Paid Search
JOURNEY-03830,CUST-03830,2025-04-02 06:39:00,2025-04-02 15:39:00,Organic Search,Organic Social,Product Pages,Instagram Organic,2,2,1,1,211.42,9.0,2025-04-02 15:39:00,0.38,Organic Search > Organic Social
JOURNEY-03831,CUST-03831,2025-01-18 16:28:00,2025-01-19 22:14:00,Organic Search,Organic Social,Educational Content,Instagram Organic,2,2,0,0,0.0,29.77,,,Organic Search > Organic Social
JOURNEY-03832,CUST-03832,2025-04-02 06:23:00,2025-04-07 21:57:00,Email,Referral,Welcome Series,Partner Website,4,4,0,0,0.0,135.57,,,Email > Paid Social > Direct > Referral
JOURNEY-03833,CUST-03833,2025-02-07 02:27:00,2025-02-14 13:27:00,Organic Search,Paid Social,SEO Blog,Facebook Ads,3,3,0,0,0.0,179.0,,,Organic Search > Direct > Paid Social
JOURNEY-03834,CUST-03834,2025-02-08 21:10:00,2025-02-19 20:25:00,Organic Search,Paid Search,Educational Content,Product Search,5,4,1,1,88.87,263.25,2025-02-19 20:25:00,10.97,Organic Search > Paid Social > Organic Social > Paid Social > Paid Search
JOURNEY-03835,CUST-03835,2025-06-05 02:31:00,2025-06-05 20:50:00,Display,Organic Search,Banner Campaign,Product Pages,2,2,0,0,0.0,18.32,,,Display > Organic Search
JOURNEY-03836,CUST-03836,2025-04-10 01:25:00,2025-04-18 11:08:00,Organic Social,Email,Instagram Organic,Newsletter,5,5,0,0,0.0,201.72,,,Organic Social > Display > Direct > Paid Search > Email
JOURNEY-03837,CUST-03837,2025-02-11 22:54:00,2025-02-24 05:10:00,Direct,Paid Social,Direct Visit,LinkedIn Ads,7,4,1,1,126.31,294.27,2025-02-24 05:10:00,12.26,Direct > Paid Search > Organic Search > Paid Search > Organic Search > Paid Search > Paid Social
JOURNEY-03838,CUST-03838,2025-03-19 03:54:00,2025-03-28 11:45:00,Organic Social,Paid Search,TikTok Organic,Product Search,5,4,0,0,0.0,223.85,,,Organic Social > Paid Social > Direct > Organic Social > Paid Search
JOURNEY-03839,CUST-03839,2025-02-24 22:48:00,2025-03-04 18:30:00,Paid Search,Display,Product Search,Banner Campaign,4,2,0,0,0.0,187.7,,,Paid Search > Display > Paid Search > Display
JOURNEY-03840,CUST-03840,2025-04-05 09:33:00,2025-04-13 07:11:00,Direct,Referral,Direct Visit,Affiliate,4,4,1,1,49.41,189.63,2025-04-13 07:11:00,7.9,Direct > Paid Social > Paid Search > Referral
JOURNEY-03841,CUST-03841,2025-01-08 02:13:00,2025-01-16 15:17:00,Display,Referral,Prospecting,Partner Website,4,4,1,1,81.51,205.07,2025-01-16 15:17:00,8.54,Display > Email > Paid Search > Referral
JOURNEY-03842,CUST-03842,2025-01-12 04:03:00,2025-01-15 23:48:00,Organic Search,Email,Product Pages,Newsletter,4,3,1,1,206.75,91.75,2025-01-15 23:48:00,3.82,Organic Search > Referral > Organic Search > Email
JOURNEY-03843,CUST-03843,2025-01-20 02:06:00,2025-01-29 07:02:00,Display,Paid Search,Banner Campaign,Brand Search,4,4,0,0,0.0,220.93,,,Display > Email > Organic Social > Paid Search
JOURNEY-03844,CUST-03844,2025-05-20 09:55:00,2025-05-28 09:22:00,Referral,Display,Affiliate,Prospecting,5,4,0,0,0.0,191.45,,,Referral > Display > Paid Social > Organic Search > Display
JOURNEY-03845,CUST-03845,2025-01-10 03:31:00,2025-01-13 04:15:00,Email,Paid Social,Promotional Email,LinkedIn Ads,3,3,0,0,0.0,72.73,,,Email > Paid Search > Paid Social
JOURNEY-03846,CUST-03846,2025-04-26 22:32:00,2025-05-07 11:36:00,Organic Search,Paid Search,Educational Content,Competitor Search,7,6,0,0,0.0,253.07,,,Organic Search > Paid Social > Display > Organic Search > Referral > Direct > Paid Search
JOURNEY-03847,CUST-03847,2025-04-23 04:42:00,2025-04-30 20:21:00,Email,Paid Search,Promotional Email,Competitor Search,6,6,1,1,77.73,183.65,2025-04-30 20:21:00,7.65,Email > Display > Organic Search > Direct > Paid Social > Paid Search
JOURNEY-03848,CUST-03848,2025-04-12 10:21:00,2025-04-16 04:06:00,Paid Search,Email,Brand Search,Welcome Series,3,3,0,0,0.0,89.75,,,Paid Search > Organic Search > Email
JOURNEY-03849,CUST-03849,2025-01-14 15:41:00,2025-01-23 07:40:00,Organic Social,Organic Search,Instagram Organic,SEO Blog,5,4,0,0,0.0,207.98,,,Organic Social > Display > Organic Search > Paid Search > Organic Search
JOURNEY-03850,CUST-03850,2025-05-12 06:49:00,2025-05-16 08:42:00,Organic Social,Referral,Instagram Organic,Affiliate,3,3,0,0,0.0,97.88,,,Organic Social > Paid Search > Referral
JOURNEY-03851,CUST-03851,2025-02-01 15:52:00,2025-02-04 15:05:00,Organic Search,Referral,Educational Content,Affiliate,2,2,1,1,61.37,71.22,2025-02-04 15:05:00,2.97,Organic Search > Referral
JOURNEY-03852,CUST-03852,2025-06-25 04:09:00,2025-06-30 14:20:00,Organic Search,Organic Search,SEO Blog,SEO Blog,3,2,0,0,0.0,130.18,,,Organic Search > Email > Organic Search
JOURNEY-03853,CUST-03853,2025-06-14 19:52:00,2025-06-25 07:32:00,Paid Search,Paid Social,Product Search,LinkedIn Ads,7,4,0,0,0.0,251.67,,,Paid Search > Direct > Organic Search > Paid Search > Organic Search > Organic Search > Paid Social
JOURNEY-03854,CUST-03854,2025-01-14 23:28:00,2025-01-19 04:03:00,Display,Direct,Banner Campaign,Direct Visit,3,3,0,0,0.0,100.58,,,Display > Paid Search > Direct
JOURNEY-03855,CUST-03855,2025-04-24 01:44:00,2025-05-04 18:05:00,Paid Search,Referral,Competitor Search,Customer Referral,4,3,0,0,0.0,256.35,,,Paid Search > Email > Paid Search > Referral
JOURNEY-03856,CUST-03856,2025-02-07 20:45:00,2025-02-10 12:22:00,Paid Search,Organic Search,Competitor Search,SEO Blog,2,2,0,0,0.0,63.62,,,Paid Search > Organic Search
JOURNEY-03857,CUST-03857,2025-05-26 09:19:00,2025-06-02 12:30:00,Email,Direct,Promotional Email,Direct Visit,3,3,0,0,0.0,171.18,,,Email > Display > Direct
JOURNEY-03858,CUST-03858,2025-01-07 15:55:00,2025-01-15 03:37:00,Paid Social,Organic Social,Instagram Ads,TikTok Organic,4,4,0,0,0.0,179.7,,,Paid Social > Email > Paid Search > Organic Social
JOURNEY-03859,CUST-03859,2025-05-21 02:29:00,2025-05-22 18:12:00,Direct,Paid Social,Direct Visit,Instagram Ads,2,2,0,0,0.0,39.72,,,Direct > Paid Social
JOURNEY-03860,CUST-03860,2025-05-14 17:04:00,2025-05-18 07:09:00,Paid Social,Organic Social,Instagram Ads,LinkedIn Organic,3,3,0,0,0.0,86.08,,,Paid Social > Organic Search > Organic Social
JOURNEY-03861,CUST-03861,2025-06-18 14:13:00,2025-06-21 12:46:00,Paid Search,Organic Search,Brand Search,SEO Blog,2,2,0,0,0.0,70.55,,,Paid Search > Organic Search
JOURNEY-03862,CUST-03862,2025-04-22 17:32:00,2025-04-22 17:32:00,Paid Search,Paid Search,Brand Search,Brand Search,1,1,0,0,0.0,0.0,,,Paid Search
JOURNEY-03863,CUST-03863,2025-02-27 07:32:00,2025-03-03 11:09:00,Organic Search,Email,SEO Blog,Newsletter,3,3,0,0,0.0,99.62,,,Organic Search > Paid Search > Email
JOURNEY-03864,CUST-03864,2025-03-11 07:31:00,2025-03-14 08:18:00,Display,Direct,Prospecting,Direct Visit,3,3,0,0,0.0,72.78,,,Display > Paid Social > Direct
JOURNEY-03865,CUST-03865,2025-03-06 21:02:00,2025-03-06 21:02:00,Paid Search,Paid Search,Brand Search,Brand Search,1,1,0,0,0.0,0.0,,,Paid Search
JOURNEY-03866,CUST-03866,2025-03-10 16:57:00,2025-03-16 05:17:00,Paid Search,Direct,Brand Search,Direct Visit,3,2,0,0,0.0,132.33,,,Paid Search > Paid Search > Direct
JOURNEY-03867,CUST-03867,2025-04-07 10:32:00,2025-04-18 17:44:00,Paid Search,Referral,Product Search,Customer Referral,5,4,1,1,58.07,271.2,2025-04-18 17:44:00,11.3,Paid Search > Organic Search > Paid Search > Paid Social > Referral
JOURNEY-03868,CUST-03868,2025-04-14 03:22:00,2025-04-20 20:53:00,Email,Display,Welcome Series,Prospecting,7,4,0,0,0.0,161.52,,,Email > Direct > Paid Search > Display > Paid Search > Direct > Display
JOURNEY-03869,CUST-03869,2025-02-24 03:10:00,2025-03-03 20:37:00,Referral,Display,Partner Website,Banner Campaign,3,3,0,0,0.0,185.45,,,Referral > Organic Social > Display
JOURNEY-03870,CUST-03870,2025-02-26 08:03:00,2025-03-02 03:57:00,Direct,Email,Direct Visit,Promotional Email,2,2,1,1,142.43,91.9,2025-03-02 03:57:00,3.83,Direct > Email
JOURNEY-03871,CUST-03871,2025-01-25 18:31:00,2025-02-02 22:00:00,Email,Organic Search,Promotional Email,SEO Blog,4,3,0,0,0.0,195.48,,,Email > Paid Search > Paid Search > Organic Search
JOURNEY-03872,CUST-03872,2025-01-06 15:55:00,2025-01-20 07:58:00,Email,Paid Search,Promotional Email,Competitor Search,7,4,0,0,0.0,328.05,,,Email > Paid Social > Email > Paid Search > Paid Social > Organic Search > Paid Search
JOURNEY-03873,CUST-03873,2025-06-11 14:55:00,2025-06-16 22:23:00,Paid Social,Paid Search,Instagram Ads,Brand Search,4,4,1,1,102.21,127.47,2025-06-16 22:23:00,5.31,Paid Social > Email > Organic Search > Paid Search
JOURNEY-03874,CUST-03874,2025-01-09 19:05:00,2025-01-09 19:05:00,Email,Email,Promotional Email,Promotional Email,1,1,1,1,105.11,0.0,2025-01-09 19:05:00,0.0,Email
JOURNEY-03875,CUST-03875,2025-05-26 03:31:00,2025-05-28 08:19:00,Email,Direct,Welcome Series,Direct Visit,3,2,1,1,122.61,52.8,2025-05-28 08:19:00,2.2,Email > Direct > Direct
JOURNEY-03876,CUST-03876,2025-02-26 22:00:00,2025-03-05 04:18:00,Organic Search,Paid Social,SEO Blog,LinkedIn Ads,4,3,0,0,0.0,150.3,,,Organic Search > Paid Search > Organic Search > Paid Social
JOURNEY-03877,CUST-03877,2025-05-26 09:51:00,2025-05-30 08:51:00,Organic Social,Paid Search,TikTok Organic,Product Search,2,2,0,0,0.0,95.0,,,Organic Social > Paid Search
JOURNEY-03878,CUST-03878,2025-04-20 18:06:00,2025-04-27 08:45:00,Paid Social,Display,LinkedIn Ads,Retargeting,4,4,0,0,0.0,158.65,,,Paid Social > Organic Social > Paid Search > Display
JOURNEY-03879,CUST-03879,2025-04-07 14:12:00,2025-04-09 10:40:00,Organic Search,Referral,Educational Content,Affiliate,2,2,0,0,0.0,44.47,,,Organic Search > Referral
JOURNEY-03880,CUST-03880,2025-02-26 05:13:00,2025-02-26 05:13:00,Display,Display,Banner Campaign,Banner Campaign,1,1,0,0,0.0,0.0,,,Display
JOURNEY-03881,CUST-03881,2025-02-22 17:29:00,2025-03-06 13:38:00,Paid Search,Paid Social,Competitor Search,Instagram Ads,6,4,0,0,0.0,284.15,,,Paid Search > Organic Search > Paid Social > Paid Search > Referral > Paid Social
JOURNEY-03882,CUST-03882,2025-04-03 16:19:00,2025-04-05 18:15:00,Display,Email,Retargeting,Newsletter,2,2,1,1,237.12,49.93,2025-04-05 18:15:00,2.08,Display > Email
JOURNEY-03883,CUST-03883,2025-02-14 08:41:00,2025-02-19 00:37:00,Paid Search,Direct,Product Search,Direct Visit,3,3,0,0,0.0,111.93,,,Paid Search > Organic Social > Direct
JOURNEY-03884,CUST-03884,2025-03-12 04:07:00,2025-03-14 11:37:00,Referral,Display,Affiliate,Banner Campaign,2,2,0,0,0.0,55.5,,,Referral > Display
JOURNEY-03885,CUST-03885,2025-04-09 16:41:00,2025-04-15 04:07:00,Organic Social,Organic Search,Instagram Organic,Educational Content,3,3,0,0,0.0,131.43,,,Organic Social > Direct > Organic Search
JOURNEY-03886,CUST-03886,2025-02-21 13:17:00,2025-02-23 13:07:00,Direct,Email,Direct Visit,Newsletter,2,2,0,0,0.0,47.83,,,Direct > Email
JOURNEY-03887,CUST-03887,2025-05-25 20:35:00,2025-05-25 20:35:00,Direct,Direct,Direct Visit,Direct Visit,1,1,1,1,40.73,0.0,2025-05-25 20:35:00,0.0,Direct
JOURNEY-03888,CUST-03888,2025-05-25 12:15:00,2025-05-25 12:15:00,Paid Search,Paid Search,Brand Search,Brand Search,1,1,0,0,0.0,0.0,,,Paid Search
JOURNEY-03889,CUST-03889,2025-06-14 01:33:00,2025-06-25 23:48:00,Paid Social,Display,Facebook Ads,Retargeting,7,6,1,1,230.94,286.25,2025-06-25 23:48:00,11.93,Paid Social > Paid Search > Organic Search > Organic Social > Direct > Paid Social > Display
JOURNEY-03890,CUST-03890,2025-03-26 02:11:00,2025-03-28 17:11:00,Referral,Paid Search,Partner Website,Brand Search,2,2,0,0,0.0,63.0,,,Referral > Paid Search
JOURNEY-03891,CUST-03891,2025-03-30 21:22:00,2025-04-06 23:51:00,Paid Social,Organic Search,Facebook Ads,SEO Blog,4,4,0,0,0.0,170.48,,,Paid Social > Paid Search > Email > Organic Search
JOURNEY-03892,CUST-03892,2025-01-09 07:47:00,2025-01-14 22:16:00,Paid Social,Paid Social,Facebook Ads,Facebook Ads,4,3,0,0,0.0,134.48,,,Paid Social > Paid Search > Display > Paid Social
JOURNEY-03893,CUST-03893,2025-04-03 19:47:00,2025-04-05 15:13:00,Paid Search,Display,Brand Search,Banner Campaign,2,2,0,0,0.0,43.43,,,Paid Search > Display
JOURNEY-03894,CUST-03894,2025-03-07 09:10:00,2025-03-15 13:54:00,Paid Social,Referral,Facebook Ads,Affiliate,5,4,1,1,158.5,196.73,2025-03-15 13:54:00,8.2,Paid Social > Paid Search > Referral > Email > Referral
JOURNEY-03895,CUST-03895,2025-01-21 17:16:00,2025-01-23 13:13:00,Referral,Paid Search,Customer Referral,Brand Search,2,2,0,0,0.0,43.95,,,Referral > Paid Search
JOURNEY-03896,CUST-03896,2025-03-26 12:28:00,2025-03-28 06:01:00,Email,Organic Search,Newsletter,SEO Blog,2,2,0,0,0.0,41.55,,,Email > Organic Search
JOURNEY-03897,CUST-03897,2025-03-27 07:15:00,2025-04-03 03:02:00,Paid Search,Email,Brand Search,Welcome Series,4,4,1,1,120.39,163.78,2025-04-03 03:02:00,6.82,Paid Search > Organic Search > Organic Social > Email
JOURNEY-03898,CUST-03898,2025-05-23 17:49:00,2025-05-28 13:55:00,Display,Paid Search,Prospecting,Brand Search,3,3,0,0,0.0,116.1,,,Display > Organic Search > Paid Search
JOURNEY-03899,CUST-03899,2025-01-16 17:32:00,2025-01-16 17:32:00,Email,Email,Newsletter,Newsletter,1,1,0,0,0.0,0.0,,,Email
JOURNEY-03900,CUST-03900,2025-01-18 03:53:00,2025-01-22 21:46:00,Email,Paid Social,Promotional Email,Facebook Ads,4,3,1,1,180.83,113.88,2025-01-22 21:46:00,4.75,Email > Email > Direct > Paid Social
JOURNEY-03901,CUST-03901,2025-03-12 23:20:00,2025-03-22 03:33:00,Paid Social,Paid Search,LinkedIn Ads,Product Search,5,5,0,0,0.0,220.22,,,Paid Social > Referral > Display > Direct > Paid Search
JOURNEY-03902,CUST-03902,2025-04-09 12:37:00,2025-04-10 16:35:00,Organic Search,Direct,SEO Blog,Direct Visit,3,3,0,0,0.0,27.97,,,Organic Search > Email > Direct
JOURNEY-03903,CUST-03903,2025-03-28 00:45:00,2025-03-31 00:05:00,Email,Direct,Welcome Series,Direct Visit,2,2,0,0,0.0,71.33,,,Email > Direct
JOURNEY-03904,CUST-03904,2025-06-18 12:48:00,2025-06-23 03:10:00,Direct,Organic Search,Direct Visit,Product Pages,3,3,0,0,0.0,110.37,,,Direct > Paid Search > Organic Search
JOURNEY-03905,CUST-03905,2025-01-24 16:57:00,2025-01-27 05:42:00,Paid Search,Organic Social,Brand Search,TikTok Organic,3,3,0,0,0.0,60.75,,,Paid Search > Referral > Organic Social
JOURNEY-03906,CUST-03906,2025-04-23 06:09:00,2025-05-03 06:56:00,Email,Email,Promotional Email,Promotional Email,6,3,1,1,67.44,240.78,2025-05-03 06:56:00,10.03,Email > Paid Search > Paid Social > Email > Paid Search > Email
JOURNEY-03907,CUST-03907,2025-04-29 21:34:00,2025-04-29 21:34:00,Direct,Direct,Direct Visit,Direct Visit,1,1,0,0,0.0,0.0,,,Direct
JOURNEY-03908,CUST-03908,2025-06-03 08:12:00,2025-06-20 12:30:00,Paid Social,Display,Facebook Ads,Retargeting,7,5,1,1,205.61,412.3,2025-06-20 12:30:00,17.18,Paid Social > Paid Search > Email > Organic Social > Paid Search > Paid Social > Display
JOURNEY-03909,CUST-03909,2025-03-10 07:41:00,2025-03-11 16:22:00,Email,Email,Newsletter,Welcome Series,2,1,0,0,0.0,32.68,,,Email > Email
JOURNEY-03910,CUST-03910,2025-01-30 01:37:00,2025-02-01 05:15:00,Organic Social,Direct,TikTok Organic,Direct Visit,2,2,0,0,0.0,51.63,,,Organic Social > Direct
JOURNEY-03911,CUST-03911,2025-06-05 04:41:00,2025-06-10 11:20:00,Email,Paid Search,Welcome Series,Product Search,4,3,1,1,54.17,126.65,2025-06-10 11:20:00,5.28,Email > Paid Search > Paid Social > Paid Search
JOURNEY-03912,CUST-03912,2025-06-01 17:02:00,2025-06-12 10:39:00,Paid Search,Paid Search,Product Search,Product Search,5,2,1,1,93.12,257.62,2025-06-12 10:39:00,10.73,Paid Search > Organic Search > Paid Search > Organic Search > Paid Search
JOURNEY-03913,CUST-03913,2025-05-21 02:43:00,2025-06-04 04:44:00,Organic Search,Paid Search,Educational Content,Competitor Search,7,5,0,0,0.0,338.02,,,Organic Search > Referral > Paid Social > Organic Search > Paid Search > Direct > Paid Search
JOURNEY-03914,CUST-03914,2025-06-27 11:26:00,2025-06-28 14:38:00,Display,Organic Search,Banner Campaign,Product Pages,2,2,0,0,0.0,27.2,,,Display > Organic Search
JOURNEY-03915,CUST-03915,2025-05-15 09:27:00,2025-05-18 08:02:00,Paid Search,Paid Search,Brand Search,Brand Search,3,2,0,0,0.0,70.58,,,Paid Search > Paid Social > Paid Search
JOURNEY-03916,CUST-03916,2025-03-27 01:16:00,2025-04-09 16:24:00,Paid Social,Paid Social,Instagram Ads,Facebook Ads,5,4,1,1,90.09,327.13,2025-04-09 16:24:00,13.63,Paid Social > Organic Search > Email > Direct > Paid Social
JOURNEY-03917,CUST-03917,2025-05-11 06:39:00,2025-05-15 08:50:00,Paid Search,Direct,Brand Search,Direct Visit,5,4,1,1,150.13,98.18,2025-05-15 08:50:00,4.09,Paid Search > Email > Direct > Organic Search > Direct
JOURNEY-03918,CUST-03918,2025-02-05 14:00:00,2025-02-09 03:55:00,Paid Social,Display,Facebook Ads,Banner Campaign,2,2,1,1,89.46,85.92,2025-02-09 03:55:00,3.58,Paid Social > Display
JOURNEY-03919,CUST-03919,2025-01-12 03:24:00,2025-01-12 03:24:00,Paid Social,Paid Social,Instagram Ads,Instagram Ads,1,1,0,0,0.0,0.0,,,Paid Social
JOURNEY-03920,CUST-03920,2025-01-31 00:51:00,2025-02-03 20:10:00,Organic Social,Organic Social,Instagram Organic,TikTok Organic,3,2,0,0,0.0,91.32,,,Organic Social > Organic Search > Organic Social
JOURNEY-03921,CUST-03921,2025-05-28 22:46:00,2025-06-05 04:04:00,Organic Search,Display,SEO Blog,Retargeting,3,2,0,0,0.0,173.3,,,Organic Search > Organic Search > Display
JOURNEY-03922,CUST-03922,2025-04-27 11:22:00,2025-05-03 20:57:00,Organic Search,Direct,Educational Content,Direct Visit,3,3,0,0,0.0,153.58,,,Organic Search > Paid Social > Direct
JOURNEY-03923,CUST-03923,2025-01-19 22:43:00,2025-01-22 13:34:00,Referral,Organic Search,Partner Website,Product Pages,3,3,1,1,81.04,62.85,2025-01-22 13:34:00,2.62,Referral > Paid Social > Organic Search
JOURNEY-03924,CUST-03924,2025-01-11 20:43:00,2025-01-21 12:44:00,Paid Search,Direct,Competitor Search,Direct Visit,4,4,0,0,0.0,232.02,,,Paid Search > Referral > Email > Direct
JOURNEY-03925,CUST-03925,2025-03-07 05:06:00,2025-03-09 09:36:00,Paid Search,Organic Search,Product Search,SEO Blog,3,3,0,0,0.0,52.5,,,Paid Search > Direct > Organic Search
JOURNEY-03926,CUST-03926,2025-05-24 06:51:00,2025-05-27 17:06:00,Direct,Paid Social,Direct Visit,Instagram Ads,3,3,0,0,0.0,82.25,,,Direct > Display > Paid Social
JOURNEY-03927,CUST-03927,2025-06-14 19:55:00,2025-06-22 17:07:00,Organic Search,Organic Social,Product Pages,Instagram Organic,4,3,0,0,0.0,189.2,,,Organic Search > Display > Display > Organic Social
JOURNEY-03928,CUST-03928,2025-02-27 22:11:00,2025-03-10 11:09:00,Display,Organic Social,Prospecting,TikTok Organic,5,4,0,0,0.0,252.97,,,Display > Organic Social > Direct > Paid Search > Organic Social
JOURNEY-03929,CUST-03929,2025-04-25 23:31:00,2025-04-29 12:08:00,Paid Search,Paid Social,Product Search,Instagram Ads,3,3,0,0,0.0,84.62,,,Paid Search > Email > Paid Social
JOURNEY-03930,CUST-03930,2025-01-13 19:35:00,2025-01-13 19:35:00,Paid Social,Paid Social,Facebook Ads,Facebook Ads,1,1,1,1,109.81,0.0,2025-01-13 19:35:00,0.0,Paid Social
JOURNEY-03931,CUST-03931,2025-06-22 09:40:00,2025-06-22 14:03:00,Paid Social,Display,LinkedIn Ads,Retargeting,2,2,0,0,0.0,4.38,,,Paid Social > Display
JOURNEY-03932,CUST-03932,2025-01-10 08:47:00,2025-01-14 13:46:00,Email,Paid Social,Newsletter,Facebook Ads,3,3,1,1,217.5,100.98,2025-01-14 13:46:00,4.21,Email > Organic Social > Paid Social
JOURNEY-03933,CUST-03933,2025-06-11 14:04:00,2025-06-19 10:17:00,Display,Organic Social,Retargeting,Instagram Organic,4,3,0,0,0.0,188.22,,,Display > Paid Search > Display > Organic Social
JOURNEY-03934,CUST-03934,2025-01-28 02:22:00,2025-01-30 09:40:00,Paid Search,Direct,Product Search,Direct Visit,2,2,0,0,0.0,55.3,,,Paid Search > Direct
JOURNEY-03935,CUST-03935,2025-06-23 23:39:00,2025-06-27 12:44:00,Direct,Organic Search,Direct Visit,Product Pages,2,2,1,1,129.06,85.08,2025-06-27 12:44:00,3.55,Direct > Organic Search
JOURNEY-03936,CUST-03936,2025-05-05 12:00:00,2025-05-07 22:35:00,Paid Social,Email,Facebook Ads,Welcome Series,2,2,0,0,0.0,58.58,,,Paid Social > Email
JOURNEY-03937,CUST-03937,2025-04-26 09:48:00,2025-05-02 07:28:00,Paid Search,Email,Competitor Search,Promotional Email,3,3,0,0,0.0,141.67,,,Paid Search > Organic Search > Email
JOURNEY-03938,CUST-03938,2025-06-28 16:46:00,2025-07-01 19:09:00,Organic Search,Paid Social,Product Pages,LinkedIn Ads,3,3,0,0,0.0,74.38,,,Organic Search > Direct > Paid Social
JOURNEY-03939,CUST-03939,2025-03-30 08:21:00,2025-03-31 21:25:00,Referral,Paid Social,Customer Referral,Facebook Ads,2,2,0,0,0.0,37.07,,,Referral > Paid Social
JOURNEY-03940,CUST-03940,2025-02-07 06:30:00,2025-02-09 21:15:00,Email,Direct,Newsletter,Direct Visit,2,2,0,0,0.0,62.75,,,Email > Direct
JOURNEY-03941,CUST-03941,2025-01-31 04:26:00,2025-02-02 19:56:00,Email,Paid Social,Welcome Series,LinkedIn Ads,2,2,0,0,0.0,63.5,,,Email > Paid Social
JOURNEY-03942,CUST-03942,2025-06-28 07:11:00,2025-07-05 07:23:00,Email,Paid Search,Welcome Series,Product Search,4,4,1,1,135.61,168.2,2025-07-05 07:23:00,7.01,Email > Organic Search > Direct > Paid Search
JOURNEY-03943,CUST-03943,2025-03-05 20:26:00,2025-03-08 09:17:00,Direct,Referral,Direct Visit,Partner Website,3,2,0,0,0.0,60.85,,,Direct > Referral > Referral
JOURNEY-03944,CUST-03944,2025-03-04 15:40:00,2025-03-12 17:09:00,Paid Search,Direct,Competitor Search,Direct Visit,4,4,0,0,0.0,193.48,,,Paid Search > Referral > Organic Social > Direct
JOURNEY-03945,CUST-03945,2025-06-28 21:17:00,2025-07-03 23:34:00,Paid Social,Paid Social,Instagram Ads,Facebook Ads,3,2,0,0,0.0,122.28,,,Paid Social > Organic Search > Paid Social
JOURNEY-03946,CUST-03946,2025-05-01 23:22:00,2025-05-12 07:29:00,Direct,Paid Search,Direct Visit,Competitor Search,5,4,0,0,0.0,248.12,,,Direct > Email > Direct > Paid Social > Paid Search
JOURNEY-03947,CUST-03947,2025-05-03 16:47:00,2025-05-03 16:47:00,Paid Social,Paid Social,Facebook Ads,Facebook Ads,1,1,0,0,0.0,0.0,,,Paid Social
JOURNEY-03948,CUST-03948,2025-05-10 01:03:00,2025-05-10 01:03:00,Email,Email,Newsletter,Newsletter,1,1,0,0,0.0,0.0,,,Email
JOURNEY-03949,CUST-03949,2025-06-23 08:06:00,2025-07-08 07:22:00,Referral,Referral,Partner Website,Affiliate,8,5,0,0,0.0,359.27,,,Referral > Organic Search > Organic Social > Organic Search > Paid Social > Organic Search > Direct > Referral
JOURNEY-03950,CUST-03950,2025-04-16 02:40:00,2025-04-16 02:40:00,Referral,Referral,Partner Website,Partner Website,1,1,0,0,0.0,0.0,,,Referral
JOURNEY-03951,CUST-03951,2025-02-17 10:00:00,2025-02-25 16:18:00,Display,Paid Social,Banner Campaign,Facebook Ads,4,4,0,0,0.0,198.3,,,Display > Referral > Paid Search > Paid Social
JOURNEY-03952,CUST-03952,2025-04-13 02:45:00,2025-04-17 02:28:00,Paid Social,Organic Search,LinkedIn Ads,SEO Blog,2,2,0,0,0.0,95.72,,,Paid Social > Organic Search
JOURNEY-03953,CUST-03953,2025-01-23 11:05:00,2025-01-30 12:07:00,Organic Search,Paid Social,SEO Blog,Facebook Ads,5,5,0,0,0.0,169.03,,,Organic Search > Organic Social > Paid Search > Display > Paid Social
JOURNEY-03954,CUST-03954,2025-03-06 22:23:00,2025-03-16 00:12:00,Paid Social,Direct,LinkedIn Ads,Direct Visit,5,5,0,0,0.0,217.82,,,Paid Social > Display > Organic Social > Email > Direct
JOURNEY-03955,CUST-03955,2025-04-04 10:17:00,2025-04-04 10:17:00,Organic Social,Organic Social,LinkedIn Organic,LinkedIn Organic,1,1,0,0,0.0,0.0,,,Organic Social
JOURNEY-03956,CUST-03956,2025-01-20 15:56:00,2025-01-27 23:49:00,Organic Search,Paid Search,Educational Content,Brand Search,3,3,1,1,501.71,175.88,2025-01-27 23:49:00,7.33,Organic Search > Display > Paid Search
JOURNEY-03957,CUST-03957,2025-04-19 10:46:00,2025-04-26 09:23:00,Email,Direct,Newsletter,Direct Visit,4,4,0,0,0.0,166.62,,,Email > Organic Search > Paid Social > Direct
JOURNEY-03958,CUST-03958,2025-06-04 11:44:00,2025-06-04 11:44:00,Organic Social,Organic Social,Instagram Organic,Instagram Organic,1,1,0,0,0.0,0.0,,,Organic Social
JOURNEY-03959,CUST-03959,2025-03-20 00:15:00,2025-03-22 09:41:00,Email,Organic Search,Newsletter,Educational Content,2,2,0,0,0.0,57.43,,,Email > Organic Search
JOURNEY-03960,CUST-03960,2025-03-23 11:11:00,2025-03-31 00:29:00,Organic Social,Paid Social,Instagram Organic,LinkedIn Ads,5,4,1,1,123.05,181.3,2025-03-31 00:29:00,7.55,Organic Social > Paid Social > Referral > Display > Paid Social
JOURNEY-03961,CUST-03961,2025-06-15 14:02:00,2025-06-23 18:22:00,Paid Social,Organic Social,Facebook Ads,TikTok Organic,5,4,0,0,0.0,196.33,,,Paid Social > Direct > Paid Social > Paid Search > Organic Social
JOURNEY-03962,CUST-03962,2025-03-30 15:37:00,2025-04-06 01:42:00,Direct,Paid Search,Direct Visit,Competitor Search,5,5,0,0,0.0,154.08,,,Direct > Display > Organic Social > Organic Search > Paid Search
JOURNEY-03963,CUST-03963,2025-01-09 03:32:00,2025-01-14 16:13:00,Display,Email,Banner Campaign,Promotional Email,3,3,1,1,61.9,132.68,2025-01-14 16:13:00,5.53,Display > Paid Social > Email
JOURNEY-03964,CUST-03964,2025-05-22 13:46:00,2025-05-29 04:49:00,Paid Social,Paid Search,LinkedIn Ads,Product Search,4,3,0,0,0.0,159.05,,,Paid Social > Direct > Paid Social > Paid Search
JOURNEY-03965,CUST-03965,2025-05-11 15:08:00,2025-05-15 20:32:00,Paid Social,Organic Social,Facebook Ads,LinkedIn Organic,3,3,0,0,0.0,101.4,,,Paid Social > Paid Search > Organic Social
JOURNEY-03966,CUST-03966,2025-06-06 03:56:00,2025-06-22 10:21:00,Paid Search,Paid Search,Product Search,Brand Search,7,6,0,0,0.0,390.42,,,Paid Search > Organic Social > Paid Social > Display > Organic Search > Direct > Paid Search
JOURNEY-03967,CUST-03967,2025-06-15 00:55:00,2025-06-22 09:23:00,Organic Social,Paid Social,LinkedIn Organic,Facebook Ads,3,3,0,0,0.0,176.47,,,Organic Social > Organic Search > Paid Social
JOURNEY-03968,CUST-03968,2025-04-29 21:30:00,2025-05-04 07:31:00,Email,Direct,Newsletter,Direct Visit,6,5,0,0,0.0,106.02,,,Email > Direct > Paid Social > Organic Search > Paid Search > Direct
JOURNEY-03969,CUST-03969,2025-04-26 12:37:00,2025-05-03 16:45:00,Organic Search,Organic Search,SEO Blog,Educational Content,5,4,0,0,0.0,172.13,,,Organic Search > Referral > Email > Direct > Organic Search
JOURNEY-03970,CUST-03970,2025-03-01 15:08:00,2025-03-06 10:53:00,Organic Social,Paid Social,Instagram Organic,Facebook Ads,3,3,0,0,0.0,115.75,,,Organic Social > Direct > Paid Social
JOURNEY-03971,CUST-03971,2025-06-01 03:33:00,2025-06-06 14:38:00,Paid Social,Organic Social,Facebook Ads,LinkedIn Organic,3,3,0,0,0.0,131.08,,,Paid Social > Organic Search > Organic Social
JOURNEY-03972,CUST-03972,2025-03-30 15:18:00,2025-04-08 06:01:00,Paid Social,Display,Facebook Ads,Retargeting,6,5,0,0,0.0,206.72,,,Paid Social > Paid Search > Direct > Organic Search > Direct > Display
JOURNEY-03973,CUST-03973,2025-05-05 18:33:00,2025-05-16 15:08:00,Paid Search,Organic Search,Competitor Search,Educational Content,5,4,0,0,0.0,260.58,,,Paid Search > Display > Organic Search > Paid Social > Organic Search
JOURNEY-03974,CUST-03974,2025-03-10 08:37:00,2025-03-10 08:37:00,Organic Search,Organic Search,SEO Blog,SEO Blog,1,1,0,0,0.0,0.0,,,Organic Search
JOURNEY-03975,CUST-03975,2025-02-21 09:32:00,2025-02-25 22:36:00,Paid Search,Paid Search,Product Search,Competitor Search,4,3,0,0,0.0,109.07,,,Paid Search > Email > Paid Social > Paid Search
JOURNEY-03976,CUST-03976,2025-06-21 11:36:00,2025-06-27 10:51:00,Paid Social,Organic Social,Instagram Ads,LinkedIn Organic,3,3,0,0,0.0,143.25,,,Paid Social > Email > Organic Social
JOURNEY-03977,CUST-03977,2025-03-06 06:08:00,2025-03-13 10:03:00,Referral,Organic Social,Partner Website,TikTok Organic,4,4,0,0,0.0,171.92,,,Referral > Paid Search > Paid Social > Organic Social
JOURNEY-03978,CUST-03978,2025-03-22 22:22:00,2025-03-28 16:50:00,Organic Social,Paid Social,TikTok Organic,LinkedIn Ads,3,2,1,1,113.76,138.47,2025-03-28 16:50:00,5.77,Organic Social > Paid Social > Paid Social
JOURNEY-03979,CUST-03979,2025-05-24 20:56:00,2025-05-27 02:41:00,Paid Search,Referral,Competitor Search,Affiliate,2,2,1,1,58.76,53.75,2025-05-27 02:41:00,2.24,Paid Search > Referral
JOURNEY-03980,CUST-03980,2025-06-28 10:38:00,2025-07-06 12:40:00,Direct,Organic Social,Direct Visit,TikTok Organic,6,4,0,0,0.0,194.03,,,Direct > Paid Social > Organic Search > Direct > Organic Search > Organic Social
JOURNEY-03981,CUST-03981,2025-01-11 16:55:00,2025-01-20 01:25:00,Organic Search,Organic Social,Product Pages,LinkedIn Organic,5,3,0,0,0.0,200.5,,,Organic Search > Organic Social > Organic Social > Paid Search > Organic Social
JOURNEY-03982,CUST-03982,2025-04-28 17:00:00,2025-04-30 04:04:00,Organic Search,Paid Search,Educational Content,Competitor Search,2,2,0,0,0.0,35.07,,,Organic Search > Paid Search
JOURNEY-03983,CUST-03983,2025-04-21 00:30:00,2025-05-02 08:00:00,Paid Social,Organic Social,Instagram Ads,TikTok Organic,6,5,1,1,161.62,271.5,2025-05-02 08:00:00,11.31,Paid Social > Paid Search > Referral > Organic Social > Direct > Organic Social
JOURNEY-03984,CUST-03984,2025-06-17 14:00:00,2025-06-30 02:53:00,Organic Social,Organic Social,Instagram Organic,Instagram Organic,6,4,0,0,0.0,300.88,,,Organic Social > Email > Organic Social > Referral > Paid Social > Organic Social
JOURNEY-03985,CUST-03985,2025-01-13 07:38:00,2025-01-21 10:29:00,Email,Paid Search,Welcome Series,Competitor Search,5,4,0,0,0.0,194.85,,,Email > Paid Social > Paid Search > Organic Search > Paid Search
JOURNEY-03986,CUST-03986,2025-02-10 18:07:00,2025-02-10 23:47:00,Paid Search,Paid Social,Product Search,Instagram Ads,2,2,0,0,0.0,5.67,,,Paid Search > Paid Social
JOURNEY-03987,CUST-03987,2025-06-11 05:33:00,2025-06-15 20:38:00,Paid Search,Organic Social,Brand Search,Instagram Organic,4,4,1,1,157.28,111.08,2025-06-15 20:38:00,4.63,Paid Search > Paid Social > Organic Search > Organic Social
JOURNEY-03988,CUST-03988,2025-02-25 04:35:00,2025-03-07 08:41:00,Organic Search,Organic Search,SEO Blog,Educational Content,5,4,0,0,0.0,244.1,,,Organic Search > Email > Referral > Display > Organic Search
JOURNEY-03989,CUST-03989,2025-01-04 05:51:00,2025-01-17 17:20:00,Display,Paid Search,Banner Campaign,Brand Search,6,5,1,1,68.45,323.48,2025-01-17 17:20:00,13.48,Display > Paid Search > Organic Social > Direct > Email > Paid Search
JOURNEY-03990,CUST-03990,2025-04-30 00:05:00,2025-05-14 05:14:00,Email,Referral,Newsletter,Affiliate,7,4,0,0,0.0,341.15,,,Email > Organic Social > Referral > Email > Display > Email > Referral
JOURNEY-03991,CUST-03991,2025-05-21 17:37:00,2025-05-31 06:06:00,Email,Paid Search,Welcome Series,Competitor Search,6,4,0,0,0.0,228.48,,,Email > Paid Search > Display > Paid Search > Direct > Paid Search
JOURNEY-03992,CUST-03992,2025-01-15 23:11:00,2025-01-16 06:34:00,Organic Search,Direct,SEO Blog,Direct Visit,2,2,0,0,0.0,7.38,,,Organic Search > Direct
JOURNEY-03993,CUST-03993,2025-05-06 21:30:00,2025-05-16 02:23:00,Paid Social,Paid Search,LinkedIn Ads,Product Search,5,4,0,0,0.0,220.88,,,Paid Social > Organic Search > Organic Social > Paid Social > Paid Search
JOURNEY-03994,CUST-03994,2025-05-05 17:47:00,2025-05-09 03:47:00,Email,Display,Newsletter,Retargeting,3,3,0,0,0.0,82.0,,,Email > Referral > Display
JOURNEY-03995,CUST-03995,2025-03-19 19:10:00,2025-03-19 19:10:00,Paid Social,Paid Social,LinkedIn Ads,LinkedIn Ads,1,1,0,0,0.0,0.0,,,Paid Social
JOURNEY-03996,CUST-03996,2025-02-13 15:49:00,2025-02-26 01:26:00,Paid Search,Organic Search,Brand Search,Product Pages,6,4,0,0,0.0,297.62,,,Paid Search > Organic Search > Paid Social > Email > Paid Social > Organic Search
JOURNEY-03997,CUST-03997,2025-06-21 11:02:00,2025-06-25 02:15:00,Paid Search,Organic Search,Product Search,Educational Content,2,2,0,0,0.0,87.22,,,Paid Search > Organic Search
JOURNEY-03998,CUST-03998,2025-02-10 10:30:00,2025-02-14 03:39:00,Paid Social,Display,LinkedIn Ads,Retargeting,3,3,0,0,0.0,89.15,,,Paid Social > Direct > Display
JOURNEY-03999,CUST-03999,2025-06-12 13:21:00,2025-06-17 15:15:00,Paid Social,Organic Search,Facebook Ads,Product Pages,3,3,0,0,0.0,121.9,,,Paid Social > Direct > Organic Search
JOURNEY-04000,CUST-04000,2025-06-05 08:52:00,2025-06-05 08:52:00,Organic Search,Organic Search,Product Pages,Product Pages,1,1,0,0,0.0,0.0,,,Organic Search
JOURNEY-04001,CUST-04001,2025-05-20 07:05:00,2025-05-23 16:40:00,Organic Social,Organic Search,LinkedIn Organic,Product Pages,3,3,0,0,0.0,81.58,,,Organic Social > Paid Search > Organic Search
JOURNEY-04002,CUST-04002,2025-06-21 15:08:00,2025-07-05 16:15:00,Referral,Email,Customer Referral,Promotional Email,6,5,0,0,0.0,337.12,,,Referral > Organic Social > Paid Social > Paid Social > Paid Search > Email
JOURNEY-04003,CUST-04003,2025-04-02 02:19:00,2025-04-13 00:55:00,Paid Search,Paid Social,Competitor Search,LinkedIn Ads,6,4,0,0,0.0,262.6,,,Paid Search > Paid Search > Direct > Paid Social > Referral > Paid Social
JOURNEY-04004,CUST-04004,2025-02-26 17:37:00,2025-03-02 16:45:00,Paid Social,Email,Facebook Ads,Promotional Email,4,4,1,1,85.38,95.13,2025-03-02 16:45:00,3.96,Paid Social > Organic Social > Organic Search > Email
JOURNEY-04005,CUST-04005,2025-05-11 05:26:00,2025-05-15 03:55:00,Direct,Paid Social,Direct Visit,LinkedIn Ads,3,3,0,0,0.0,94.48,,,Direct > Paid Search > Paid Social
JOURNEY-04006,CUST-04006,2025-01-09 14:36:00,2025-01-12 07:07:00,Paid Social,Paid Social,Instagram Ads,Instagram Ads,3,2,0,0,0.0,64.52,,,Paid Social > Paid Search > Paid Social
JOURNEY-04007,CUST-04007,2025-06-07 09:49:00,2025-06-09 14:49:00,Paid Search,Direct,Competitor Search,Direct Visit,2,2,1,1,106.32,53.0,2025-06-09 14:49:00,2.21,Paid Search > Direct
JOURNEY-04008,CUST-04008,2025-01-23 16:57:00,2025-01-26 18:09:00,Organic Social,Paid Social,TikTok Organic,Facebook Ads,4,4,0,0,0.0,73.2,,,Organic Social > Paid Search > Email > Paid Social
JOURNEY-04009,CUST-04009,2025-05-13 20:52:00,2025-05-21 09:20:00,Paid Search,Paid Social,Brand Search,Facebook Ads,4,4,0,0,0.0,180.47,,,Paid Search > Organic Social > Referral > Paid Social
JOURNEY-04010,CUST-04010,2025-01-09 02:14:00,2025-01-15 11:25:00,Paid Social,Referral,LinkedIn Ads,Affiliate,4,4,0,0,0.0,153.18,,,Paid Social > Organic Search > Organic Social > Referral
JOURNEY-04011,CUST-04011,2025-01-30 11:30:00,2025-02-09 11:52:00,Direct,Paid Social,Direct Visit,Facebook Ads,7,6,0,0,0.0,240.37,,,Direct > Organic Social > Email > Organic Social > Referral > Paid Search > Paid Social
JOURNEY-04012,CUST-04012,2025-04-04 06:14:00,2025-04-10 23:18:00,Paid Search,Organic Search,Product Search,Product Pages,6,6,0,0,0.0,161.07,,,Paid Search > Referral > Display > Email > Paid Social > Organic Search
JOURNEY-04013,CUST-04013,2025-01-11 14:39:00,2025-01-13 00:41:00,Paid Search,Direct,Competitor Search,Direct Visit,2,2,1,1,163.92,34.03,2025-01-13 00:41:00,1.42,Paid Search > Direct
JOURNEY-04014,CUST-04014,2025-05-14 11:43:00,2025-05-21 01:30:00,Email,Email,Promotional Email,Welcome Series,5,4,0,0,0.0,157.78,,,Email > Organic Search > Paid Search > Organic Social > Email
JOURNEY-04015,CUST-04015,2025-04-25 12:16:00,2025-04-30 04:43:00,Paid Social,Organic Search,Instagram Ads,Product Pages,4,4,0,0,0.0,112.45,,,Paid Social > Paid Search > Direct > Organic Search
JOURNEY-04016,CUST-04016,2025-02-19 01:44:00,2025-02-23 03:40:00,Organic Search,Direct,Product Pages,Direct Visit,3,3,0,0,0.0,97.93,,,Organic Search > Email > Direct
JOURNEY-04017,CUST-04017,2025-03-15 01:55:00,2025-03-18 01:04:00,Organic Search,Paid Search,SEO Blog,Brand Search,3,2,0,0,0.0,71.15,,,Organic Search > Paid Search > Paid Search
JOURNEY-04018,CUST-04018,2025-05-11 21:33:00,2025-05-22 13:54:00,Email,Paid Social,Newsletter,Facebook Ads,5,4,0,0,0.0,256.35,,,Email > Organic Search > Paid Search > Paid Search > Paid Social
JOURNEY-04019,CUST-04019,2025-05-17 12:56:00,2025-05-17 12:56:00,Organic Social,Organic Social,Instagram Organic,Instagram Organic,1,1,0,0,0.0,0.0,,,Organic Social
JOURNEY-04020,CUST-04020,2025-01-23 00:01:00,2025-01-27 20:37:00,Organic Search,Organic Social,SEO Blog,TikTok Organic,3,3,0,0,0.0,116.6,,,Organic Search > Paid Social > Organic Social
JOURNEY-04021,CUST-04021,2025-05-01 12:35:00,2025-05-01 12:35:00,Display,Display,Retargeting,Retargeting,1,1,0,0,0.0,0.0,,,Display
JOURNEY-04022,CUST-04022,2025-06-07 04:18:00,2025-06-13 03:10:00,Organic Social,Paid Search,LinkedIn Organic,Brand Search,3,3,1,1,254.22,142.87,2025-06-13 03:10:00,5.95,Organic Social > Email > Paid Search
JOURNEY-04023,CUST-04023,2025-06-09 17:39:00,2025-06-10 18:36:00,Paid Search,Paid Social,Product Search,Instagram Ads,2,2,0,0,0.0,24.95,,,Paid Search > Paid Social
JOURNEY-04024,CUST-04024,2025-05-28 00:52:00,2025-06-03 15:38:00,Paid Search,Organic Search,Brand Search,Educational Content,5,5,1,1,70.09,158.77,2025-06-03 15:38:00,6.62,Paid Search > Display > Referral > Organic Social > Organic Search
JOURNEY-04025,CUST-04025,2025-02-09 07:28:00,2025-02-12 19:24:00,Organic Social,Display,LinkedIn Organic,Prospecting,3,3,0,0,0.0,83.93,,,Organic Social > Paid Search > Display
JOURNEY-04026,CUST-04026,2025-01-11 00:52:00,2025-01-11 00:52:00,Paid Social,Paid Social,LinkedIn Ads,LinkedIn Ads,1,1,0,0,0.0,0.0,,,Paid Social
JOURNEY-04027,CUST-04027,2025-04-06 04:14:00,2025-04-08 09:58:00,Email,Organic Search,Newsletter,Educational Content,3,3,1,1,155.4,53.73,2025-04-08 09:58:00,2.24,Email > Display > Organic Search
JOURNEY-04028,CUST-04028,2025-06-15 15:34:00,2025-06-15 15:34:00,Paid Social,Paid Social,Facebook Ads,Facebook Ads,1,1,0,0,0.0,0.0,,,Paid Social
JOURNEY-04029,CUST-04029,2025-06-01 12:47:00,2025-06-02 13:14:00,Paid Social,Organic Search,LinkedIn Ads,SEO Blog,2,2,0,0,0.0,24.45,,,Paid Social > Organic Search
JOURNEY-04030,CUST-04030,2025-01-02 09:19:00,2025-01-05 17:43:00,Email,Paid Search,Promotional Email,Competitor Search,2,2,0,0,0.0,80.4,,,Email > Paid Search
JOURNEY-04031,CUST-04031,2025-01-19 13:49:00,2025-01-20 18:16:00,Paid Search,Referral,Product Search,Affiliate,2,2,0,0,0.0,28.45,,,Paid Search > Referral
JOURNEY-04032,CUST-04032,2025-04-17 16:33:00,2025-04-17 16:33:00,Organic Search,Organic Search,Educational Content,Educational Content,1,1,0,0,0.0,0.0,,,Organic Search
JOURNEY-04033,CUST-04033,2025-01-20 18:54:00,2025-01-27 14:33:00,Organic Social,Direct,TikTok Organic,Direct Visit,5,3,0,0,0.0,163.65,,,Organic Social > Direct > Organic Social > Display > Direct
JOURNEY-04034,CUST-04034,2025-06-06 00:41:00,2025-06-07 12:50:00,Paid Social,Email,LinkedIn Ads,Welcome Series,2,2,0,0,0.0,36.15,,,Paid Social > Email
JOURNEY-04035,CUST-04035,2025-04-26 21:11:00,2025-04-30 02:26:00,Paid Search,Direct,Brand Search,Direct Visit,3,3,1,1,89.7,77.25,2025-04-30 02:26:00,3.22,Paid Search > Paid Social > Direct
JOURNEY-04036,CUST-04036,2025-02-07 19:57:00,2025-02-14 00:43:00,Direct,Paid Search,Direct Visit,Product Search,6,4,0,0,0.0,148.77,,,Direct > Email > Display > Direct > Email > Paid Search
JOURNEY-04037,CUST-04037,2025-01-14 10:30:00,2025-01-28 17:41:00,Email,Paid Search,Promotional Email,Brand Search,7,6,1,1,60.91,343.18,2025-01-28 17:41:00,14.3,Email > Paid Search > Referral > Direct > Organic Social > Organic Search > Paid Search
JOURNEY-04038,CUST-04038,2025-01-03 14:21:00,2025-01-03 14:21:00,Organic Social,Organic Social,Instagram Organic,Instagram Organic,1,1,0,0,0.0,0.0,,,Organic Social
JOURNEY-04039,CUST-04039,2025-04-30 09:11:00,2025-05-05 22:05:00,Organic Social,Organic Search,TikTok Organic,Educational Content,3,3,0,0,0.0,132.9,,,Organic Social > Email > Organic Search
JOURNEY-04040,CUST-04040,2025-02-13 06:18:00,2025-02-13 06:18:00,Email,Email,Welcome Series,Welcome Series,1,1,0,0,0.0,0.0,,,Email
JOURNEY-04041,CUST-04041,2025-06-13 11:41:00,2025-06-19 17:17:00,Paid Social,Direct,LinkedIn Ads,Direct Visit,3,3,1,1,100.91,149.6,2025-06-19 17:17:00,6.23,Paid Social > Organic Search > Direct
JOURNEY-04042,CUST-04042,2025-05-02 21:53:00,2025-05-08 18:21:00,Organic Social,Email,Instagram Organic,Welcome Series,3,3,0,0,0.0,140.47,,,Organic Social > Direct > Email
JOURNEY-04043,CUST-04043,2025-03-22 03:32:00,2025-03-25 15:59:00,Paid Social,Display,Instagram Ads,Banner Campaign,2,2,1,1,103.09,84.45,2025-03-25 15:59:00,3.52,Paid Social > Display
JOURNEY-04044,CUST-04044,2025-02-19 23:56:00,2025-02-24 10:04:00,Organic Social,Paid Social,Instagram Organic,LinkedIn Ads,3,3,1,1,69.95,106.13,2025-02-24 10:04:00,4.42,Organic Social > Direct > Paid Social
JOURNEY-04045,CUST-04045,2025-03-08 13:29:00,2025-03-14 08:58:00,Organic Search,Email,Educational Content,Welcome Series,3,3,0,0,0.0,139.48,,,Organic Search > Paid Search > Email
JOURNEY-04046,CUST-04046,2025-02-19 19:26:00,2025-02-21 01:23:00,Referral,Organic Social,Partner Website,LinkedIn Organic,2,2,0,0,0.0,29.95,,,Referral > Organic Social
JOURNEY-04047,CUST-04047,2025-03-23 03:27:00,2025-04-05 19:00:00,Paid Search,Paid Social,Product Search,Instagram Ads,6,3,0,0,0.0,327.55,,,Paid Search > Direct > Direct > Paid Social > Paid Search > Paid Social
JOURNEY-04048,CUST-04048,2025-05-03 04:42:00,2025-05-06 11:20:00,Email,Paid Social,Welcome Series,LinkedIn Ads,2,2,1,1,67.37,78.63,2025-05-06 11:20:00,3.28,Email > Paid Social
JOURNEY-04049,CUST-04049,2025-05-26 15:43:00,2025-05-30 08:34:00,Email,Paid Social,Newsletter,Instagram Ads,4,4,0,0,0.0,88.85,,,Email > Organic Social > Organic Search > Paid Social
JOURNEY-04050,CUST-04050,2025-04-29 17:35:00,2025-05-05 17:44:00,Organic Search,Direct,SEO Blog,Direct Visit,4,3,0,0,0.0,144.15,,,Organic Search > Direct > Referral > Direct
JOURNEY-04051,CUST-04051,2025-04-26 01:53:00,2025-04-28 14:41:00,Email,Paid Social,Newsletter,Instagram Ads,2,2,1,1,114.01,60.8,2025-04-28 14:41:00,2.53,Email > Paid Social
JOURNEY-04052,CUST-04052,2025-06-20 14:07:00,2025-06-29 06:06:00,Direct,Paid Social,Direct Visit,Facebook Ads,4,3,1,1,165.64,207.98,2025-06-29 06:06:00,8.67,Direct > Paid Social > Email > Paid Social
JOURNEY-04053,CUST-04053,2025-06-19 22:48:00,2025-06-23 21:11:00,Display,Referral,Prospecting,Partner Website,2,2,0,0,0.0,94.38,,,Display > Referral
JOURNEY-04054,CUST-04054,2025-04-05 09:15:00,2025-04-15 09:27:00,Organic Search,Email,SEO Blog,Newsletter,5,4,1,1,149.44,240.2,2025-04-15 09:27:00,10.01,Organic Search > Email > Paid Search > Paid Social > Email
JOURNEY-04055,CUST-04055,2025-01-08 06:26:00,2025-01-15 11:43:00,Direct,Display,Direct Visit,Prospecting,3,3,0,0,0.0,173.28,,,Direct > Paid Search > Display
JOURNEY-04056,CUST-04056,2025-04-05 21:22:00,2025-04-20 12:21:00,Paid Search,Organic Social,Competitor Search,Instagram Organic,7,6,0,0,0.0,350.98,,,Paid Search > Direct > Display > Organic Social > Email > Paid Social > Organic Social
JOURNEY-04057,CUST-04057,2025-05-26 06:39:00,2025-05-31 09:11:00,Email,Referral,Welcome Series,Customer Referral,5,5,0,0,0.0,122.53,,,Email > Paid Social > Direct > Paid Search > Referral
JOURNEY-04058,CUST-04058,2025-01-31 00:05:00,2025-02-09 19:28:00,Referral,Direct,Customer Referral,Direct Visit,7,4,0,0,0.0,235.38,,,Referral > Organic Social > Direct > Referral > Direct > Email > Direct
JOURNEY-04059,CUST-04059,2025-01-10 08:51:00,2025-01-11 18:45:00,Paid Social,Organic Social,Instagram Ads,Instagram Organic,2,2,0,0,0.0,33.9,,,Paid Social > Organic Social
JOURNEY-04060,CUST-04060,2025-01-24 18:23:00,2025-02-01 15:43:00,Paid Search,Direct,Brand Search,Direct Visit,4,4,0,0,0.0,189.33,,,Paid Search > Email > Organic Search > Direct
JOURNEY-04061,CUST-04061,2025-06-02 19:47:00,2025-06-07 16:39:00,Paid Social,Organic Search,Facebook Ads,Educational Content,4,3,0,0,0.0,116.87,,,Paid Social > Organic Search > Paid Search > Organic Search
JOURNEY-04062,CUST-04062,2025-04-19 14:31:00,2025-04-26 21:56:00,Paid Social,Organic Search,Facebook Ads,Educational Content,4,3,0,0,0.0,175.42,,,Paid Social > Paid Search > Paid Social > Organic Search
JOURNEY-04063,CUST-04063,2025-02-05 23:43:00,2025-02-12 05:06:00,Paid Social,Organic Social,LinkedIn Ads,LinkedIn Organic,3,3,0,0,0.0,149.38,,,Paid Social > Email > Organic Social
JOURNEY-04064,CUST-04064,2025-06-08 02:41:00,2025-06-13 14:53:00,Email,Direct,Welcome Series,Direct Visit,4,4,0,0,0.0,132.2,,,Email > Paid Search > Paid Social > Direct
JOURNEY-04065,CUST-04065,2025-01-11 13:10:00,2025-01-15 22:15:00,Organic Search,Direct,Product Pages,Direct Visit,4,3,0,0,0.0,105.08,,,Organic Search > Referral > Organic Search > Direct
JOURNEY-04066,CUST-04066,2025-05-15 03:17:00,2025-05-23 17:06:00,Email,Direct,Newsletter,Direct Visit,4,3,1,1,221.01,205.82,2025-05-23 17:06:00,8.58,Email > Organic Social > Email > Direct
JOURNEY-04067,CUST-04067,2025-01-30 05:11:00,2025-02-08 20:40:00,Referral,Referral,Partner Website,Affiliate,5,4,1,1,92.05,231.48,2025-02-08 20:40:00,9.65,Referral > Email > Paid Social > Organic Search > Referral
JOURNEY-04068,CUST-04068,2025-05-02 19:40:00,2025-05-07 04:02:00,Email,Paid Search,Welcome Series,Competitor Search,4,4,0,0,0.0,104.37,,,Email > Display > Direct > Paid Search
JOURNEY-04069,CUST-04069,2025-06-09 10:01:00,2025-06-10 21:10:00,Email,Organic Search,Promotional Email,Educational Content,2,2,0,0,0.0,35.15,,,Email > Organic Search
JOURNEY-04070,CUST-04070,2025-02-20 05:11:00,2025-02-23 19:10:00,Organic Social,Referral,TikTok Organic,Customer Referral,3,3,0,0,0.0,85.98,,,Organic Social > Paid Search > Referral
JOURNEY-04071,CUST-04071,2025-01-17 22:48:00,2025-01-21 17:36:00,Direct,Email,Direct Visit,Welcome Series,2,2,0,0,0.0,90.8,,,Direct > Email
JOURNEY-04072,CUST-04072,2025-02-10 02:53:00,2025-02-17 11:15:00,Organic Search,Email,Educational Content,Welcome Series,5,4,1,1,62.13,176.37,2025-02-17 11:15:00,7.35,Organic Search > Paid Search > Paid Social > Paid Search > Email
JOURNEY-04073,CUST-04073,2025-06-13 09:47:00,2025-06-23 16:26:00,Referral,Display,Partner Website,Banner Campaign,6,6,0,0,0.0,246.65,,,Referral > Paid Social > Email > Direct > Paid Search > Display
JOURNEY-04074,CUST-04074,2025-06-07 17:15:00,2025-06-15 09:02:00,Direct,Paid Social,Direct Visit,LinkedIn Ads,4,3,1,1,109.35,183.78,2025-06-15 09:02:00,7.66,Direct > Direct > Paid Search > Paid Social
JOURNEY-04075,CUST-04075,2025-05-06 08:30:00,2025-05-18 21:10:00,Paid Search,Organic Social,Competitor Search,Instagram Organic,8,6,0,0,0.0,300.67,,,Paid Search > Direct > Organic Social > Referral > Paid Social > Organic Search > Direct > Organic Social
JOURNEY-04076,CUST-04076,2025-06-10 07:43:00,2025-06-12 22:06:00,Display,Display,Banner Campaign,Prospecting,3,2,0,0,0.0,62.38,,,Display > Paid Search > Display
JOURNEY-04077,CUST-04077,2025-01-17 09:35:00,2025-01-22 20:26:00,Paid Social,Email,Instagram Ads,Promotional Email,3,3,0,0,0.0,130.85,,,Paid Social > Organic Search > Email
JOURNEY-04078,CUST-04078,2025-01-29 12:16:00,2025-02-05 06:30:00,Display,Email,Banner Campaign,Promotional Email,3,2,0,0,0.0,162.23,,,Display > Display > Email
JOURNEY-04079,CUST-04079,2025-04-22 15:23:00,2025-04-29 00:34:00,Organic Search,Direct,Product Pages,Direct Visit,4,4,1,1,29.88,153.18,2025-04-29 00:34:00,6.38,Organic Search > Display > Organic Social > Direct
JOURNEY-04080,CUST-04080,2025-05-18 21:59:00,2025-05-20 09:04:00,Paid Social,Direct,Instagram Ads,Direct Visit,2,2,0,0,0.0,35.08,,,Paid Social > Direct
JOURNEY-04081,CUST-04081,2025-03-23 04:37:00,2025-03-25 06:18:00,Direct,Organic Search,Direct Visit,Product Pages,2,2,0,0,0.0,49.68,,,Direct > Organic Search
JOURNEY-04082,CUST-04082,2025-01-03 08:46:00,2025-01-06 11:16:00,Paid Search,Paid Social,Brand Search,Facebook Ads,2,2,0,0,0.0,74.5,,,Paid Search > Paid Social
JOURNEY-04083,CUST-04083,2025-03-16 13:49:00,2025-03-28 17:18:00,Email,Paid Search,Promotional Email,Brand Search,8,5,0,0,0.0,291.48,,,Email > Display > Paid Search > Organic Search > Paid Social > Email > Organic Search > Paid Search
JOURNEY-04084,CUST-04084,2025-05-29 06:44:00,2025-05-31 19:26:00,Paid Social,Paid Search,Instagram Ads,Product Search,3,3,1,1,118.59,60.7,2025-05-31 19:26:00,2.53,Paid Social > Direct > Paid Search
JOURNEY-04085,CUST-04085,2025-01-17 03:18:00,2025-01-23 14:32:00,Paid Social,Organic Search,Facebook Ads,Product Pages,5,4,1,1,191.82,155.23,2025-01-23 14:32:00,6.47,Paid Social > Organic Social > Email > Paid Social > Organic Search
JOURNEY-04086,CUST-04086,2025-03-15 19:07:00,2025-03-20 20:39:00,Paid Social,Display,Instagram Ads,Banner Campaign,3,3,0,0,0.0,121.53,,,Paid Social > Direct > Display
JOURNEY-04087,CUST-04087,2025-04-14 03:29:00,2025-04-20 15:56:00,Referral,Paid Search,Partner Website,Competitor Search,3,3,1,1,69.05,156.45,2025-04-20 15:56:00,6.52,Referral > Organic Search > Paid Search
JOURNEY-04088,CUST-04088,2025-03-24 22:52:00,2025-03-30 18:50:00,Display,Display,Prospecting,Prospecting,4,3,0,0,0.0,139.97,,,Display > Email > Organic Search > Display
JOURNEY-04089,CUST-04089,2025-06-12 04:01:00,2025-06-24 18:49:00,Direct,Organic Search,Direct Visit,SEO Blog,6,4,0,0,0.0,302.8,,,Direct > Paid Search > Direct > Email > Organic Search > Organic Search
JOURNEY-04090,CUST-04090,2025-01-31 03:19:00,2025-02-06 13:08:00,Paid Social,Email,Instagram Ads,Welcome Series,5,4,1,1,236.87,153.82,2025-02-06 13:08:00,6.41,Paid Social > Organic Social > Paid Search > Paid Social > Email
JOURNEY-04091,CUST-04091,2025-01-22 17:05:00,2025-01-27 22:04:00,Paid Search,Organic Search,Product Search,Educational Content,5,4,1,1,192.62,124.98,2025-01-27 22:04:00,5.21,Paid Search > Referral > Email > Organic Search > Organic Search
JOURNEY-04092,CUST-04092,2025-04-06 04:03:00,2025-04-14 02:15:00,Direct,Paid Search,Direct Visit,Brand Search,4,4,0,0,0.0,190.2,,,Direct > Email > Display > Paid Search
JOURNEY-04093,CUST-04093,2025-01-22 23:15:00,2025-01-29 02:17:00,Organic Social,Paid Search,LinkedIn Organic,Competitor Search,4,3,0,0,0.0,147.03,,,Organic Social > Paid Social > Organic Social > Paid Search
JOURNEY-04094,CUST-04094,2025-02-16 12:37:00,2025-02-16 12:37:00,Paid Search,Paid Search,Brand Search,Brand Search,1,1,1,1,165.05,0.0,2025-02-16 12:37:00,0.0,Paid Search
JOURNEY-04095,CUST-04095,2025-06-15 12:39:00,2025-06-18 11:03:00,Paid Search,Paid Social,Competitor Search,Facebook Ads,4,3,0,0,0.0,70.4,,,Paid Search > Email > Email > Paid Social
JOURNEY-04096,CUST-04096,2025-01-18 23:20:00,2025-01-24 15:07:00,Paid Search,Organic Search,Brand Search,Product Pages,4,4,0,0,0.0,135.78,,,Paid Search > Paid Social > Display > Organic Search
JOURNEY-04097,CUST-04097,2025-03-13 01:02:00,2025-03-16 18:38:00,Email,Direct,Welcome Series,Direct Visit,2,2,0,0,0.0,89.6,,,Email > Direct
JOURNEY-04098,CUST-04098,2025-05-01 13:39:00,2025-05-05 17:30:00,Email,Paid Social,Promotional Email,LinkedIn Ads,4,3,0,0,0.0,99.85,,,Email > Organic Search > Paid Social > Paid Social
JOURNEY-04099,CUST-04099,2025-05-29 13:51:00,2025-06-05 08:31:00,Organic Search,Organic Social,SEO Blog,Instagram Organic,3,3,0,0,0.0,162.67,,,Organic Search > Email > Organic Social
JOURNEY-04100,CUST-04100,2025-06-15 12:32:00,2025-06-18 10:04:00,Organic Search,Paid Social,SEO Blog,LinkedIn Ads,2,2,0,0,0.0,69.53,,,Organic Search > Paid Social
JOURNEY-04101,CUST-04101,2025-05-10 18:32:00,2025-05-10 18:32:00,Display,Display,Retargeting,Retargeting,1,1,0,0,0.0,0.0,,,Display
JOURNEY-04102,CUST-04102,2025-03-30 19:35:00,2025-04-04 06:40:00,Organic Search,Paid Social,SEO Blog,Facebook Ads,3,3,0,0,0.0,107.08,,,Organic Search > Display > Paid Social
JOURNEY-04103,CUST-04103,2025-02-01 17:03:00,2025-02-07 17:09:00,Referral,Organic Search,Affiliate,Product Pages,3,3,1,1,154.56,144.1,2025-02-07 17:09:00,6.0,Referral > Direct > Organic Search
JOURNEY-04104,CUST-04104,2025-05-25 20:16:00,2025-05-29 00:04:00,Organic Social,Email,TikTok Organic,Promotional Email,2,2,0,0,0.0,75.8,,,Organic Social > Email
JOURNEY-04105,CUST-04105,2025-02-10 12:40:00,2025-02-14 21:45:00,Paid Search,Paid Social,Competitor Search,Instagram Ads,3,3,0,0,0.0,105.08,,,Paid Search > Display > Paid Social
JOURNEY-04106,CUST-04106,2025-03-06 17:09:00,2025-03-07 15:14:00,Paid Search,Organic Search,Competitor Search,SEO Blog,2,2,0,0,0.0,22.08,,,Paid Search > Organic Search
JOURNEY-04107,CUST-04107,2025-03-04 00:21:00,2025-03-09 08:56:00,Direct,Organic Search,Direct Visit,SEO Blog,3,3,0,0,0.0,128.58,,,Direct > Referral > Organic Search
JOURNEY-04108,CUST-04108,2025-02-15 20:09:00,2025-02-24 02:34:00,Organic Search,Paid Search,SEO Blog,Competitor Search,5,4,0,0,0.0,198.42,,,Organic Search > Direct > Organic Search > Email > Paid Search
JOURNEY-04109,CUST-04109,2025-03-25 04:03:00,2025-04-03 19:16:00,Display,Referral,Prospecting,Customer Referral,5,4,0,0,0.0,231.22,,,Display > Organic Search > Organic Search > Paid Social > Referral
JOURNEY-04110,CUST-04110,2025-03-24 10:12:00,2025-03-30 07:46:00,Direct,Direct,Direct Visit,Direct Visit,5,4,1,1,169.89,141.57,2025-03-30 07:46:00,5.9,Direct > Organic Search > Display > Organic Social > Direct
JOURNEY-04111,CUST-04111,2025-03-05 07:08:00,2025-03-05 07:08:00,Direct,Direct,Direct Visit,Direct Visit,1,1,0,0,0.0,0.0,,,Direct
JOURNEY-04112,CUST-04112,2025-05-12 11:03:00,2025-05-15 22:23:00,Referral,Paid Social,Partner Website,Instagram Ads,4,4,0,0,0.0,83.33,,,Referral > Organic Social > Display > Paid Social
JOURNEY-04113,CUST-04113,2025-04-21 06:14:00,2025-04-26 10:11:00,Email,Organic Search,Newsletter,Educational Content,3,3,0,0,0.0,123.95,,,Email > Paid Search > Organic Search
JOURNEY-04114,CUST-04114,2025-01-17 11:44:00,2025-01-17 11:44:00,Paid Social,Paid Social,Facebook Ads,Facebook Ads,1,1,0,0,0.0,0.0,,,Paid Social
JOURNEY-04115,CUST-04115,2025-04-04 05:21:00,2025-04-08 15:41:00,Referral,Direct,Partner Website,Direct Visit,3,3,1,1,140.24,106.33,2025-04-08 15:41:00,4.43,Referral > Paid Social > Direct
JOURNEY-04116,CUST-04116,2025-06-18 21:28:00,2025-06-18 21:28:00,Paid Social,Paid Social,Facebook Ads,Facebook Ads,1,1,0,0,0.0,0.0,,,Paid Social
JOURNEY-04117,CUST-04117,2025-01-23 05:23:00,2025-01-27 10:11:00,Organic Search,Organic Search,Product Pages,Product Pages,3,2,1,1,106.56,100.8,2025-01-27 10:11:00,4.2,Organic Search > Paid Social > Organic Search
JOURNEY-04118,CUST-04118,2025-06-01 05:09:00,2025-06-07 06:59:00,Paid Search,Paid Search,Product Search,Brand Search,5,3,0,0,0.0,145.83,,,Paid Search > Paid Social > Paid Social > Organic Search > Paid Search
JOURNEY-04119,CUST-04119,2025-02-11 18:24:00,2025-02-20 15:23:00,Email,Paid Search,Welcome Series,Brand Search,4,4,1,1,232.49,212.98,2025-02-20 15:23:00,8.87,Email > Organic Social > Organic Search > Paid Search
JOURNEY-04120,CUST-04120,2025-06-15 10:52:00,2025-06-16 17:32:00,Paid Search,Display,Competitor Search,Retargeting,2,2,0,0,0.0,30.67,,,Paid Search > Display
JOURNEY-04121,CUST-04121,2025-02-04 19:24:00,2025-02-10 21:56:00,Referral,Email,Affiliate,Newsletter,4,4,0,0,0.0,146.53,,,Referral > Organic Search > Organic Social > Email
JOURNEY-04122,CUST-04122,2025-03-02 01:00:00,2025-03-13 23:09:00,Paid Search,Display,Competitor Search,Prospecting,5,4,1,1,114.78,286.15,2025-03-13 23:09:00,11.92,Paid Search > Referral > Email > Paid Search > Display
JOURNEY-04123,CUST-04123,2025-03-27 20:28:00,2025-03-29 23:47:00,Organic Search,Direct,Product Pages,Direct Visit,2,2,1,1,54.01,51.32,2025-03-29 23:47:00,2.14,Organic Search > Direct
JOURNEY-04124,CUST-04124,2025-05-02 18:26:00,2025-05-15 01:40:00,Organic Social,Email,TikTok Organic,Promotional Email,8,5,0,0,0.0,295.23,,,Organic Social > Email > Paid Social > Paid Social > Email > Referral > Direct > Email
JOURNEY-04125,CUST-04125,2025-04-18 19:57:00,2025-04-18 19:57:00,Paid Social,Paid Social,LinkedIn Ads,LinkedIn Ads,1,1,1,1,125.63,0.0,2025-04-18 19:57:00,0.0,Paid Social
JOURNEY-04126,CUST-04126,2025-04-03 07:04:00,2025-04-07 05:27:00,Paid Social,Referral,LinkedIn Ads,Partner Website,2,2,0,0,0.0,94.38,,,Paid Social > Referral
JOURNEY-04127,CUST-04127,2025-02-05 19:44:00,2025-02-08 20:22:00,Paid Social,Paid Search,LinkedIn Ads,Product Search,3,3,0,0,0.0,72.63,,,Paid Social > Direct > Paid Search
JOURNEY-04128,CUST-04128,2025-04-13 20:37:00,2025-04-21 22:06:00,Organic Social,Email,TikTok Organic,Newsletter,5,4,0,0,0.0,193.48,,,Organic Social > Email > Paid Social > Referral > Email
JOURNEY-04129,CUST-04129,2025-01-24 21:13:00,2025-01-25 01:03:00,Paid Social,Display,Facebook Ads,Banner Campaign,2,2,1,1,134.38,3.83,2025-01-25 01:03:00,0.16,Paid Social > Display
JOURNEY-04130,CUST-04130,2025-04-29 07:12:00,2025-05-04 09:58:00,Paid Social,Organic Search,LinkedIn Ads,Educational Content,4,4,0,0,0.0,122.77,,,Paid Social > Organic Social > Paid Search > Organic Search
JOURNEY-04131,CUST-04131,2025-05-20 12:42:00,2025-06-01 08:47:00,Paid Search,Direct,Product Search,Direct Visit,6,5,0,0,0.0,284.08,,,Paid Search > Referral > Paid Search > Paid Social > Organic Search > Direct
JOURNEY-04132,CUST-04132,2025-02-20 09:59:00,2025-02-21 16:22:00,Direct,Organic Social,Direct Visit,LinkedIn Organic,2,2,0,0,0.0,30.38,,,Direct > Organic Social
JOURNEY-04133,CUST-04133,2025-02-06 09:16:00,2025-02-13 05:40:00,Organic Search,Paid Search,Educational Content,Competitor Search,4,3,0,0,0.0,164.4,,,Organic Search > Paid Search > Direct > Paid Search
JOURNEY-04134,CUST-04134,2025-06-13 00:50:00,2025-06-29 08:14:00,Organic Search,Paid Social,Product Pages,Instagram Ads,8,5,0,0,0.0,391.4,,,Organic Search > Paid Search > Organic Search > Email > Referral > Organic Search > Email > Paid Social
JOURNEY-04135,CUST-04135,2025-01-30 11:07:00,2025-01-30 11:07:00,Referral,Referral,Partner Website,Partner Website,1,1,0,0,0.0,0.0,,,Referral
JOURNEY-04136,CUST-04136,2025-06-16 06:12:00,2025-06-16 10:53:00,Paid Social,Paid Social,Instagram Ads,Instagram Ads,2,1,0,0,0.0,4.68,,,Paid Social > Paid Social
JOURNEY-04137,CUST-04137,2025-05-24 15:33:00,2025-06-04 10:19:00,Paid Social,Organic Search,Instagram Ads,Educational Content,6,5,0,0,0.0,258.77,,,Paid Social > Email > Direct > Paid Search > Paid Social > Organic Search
JOURNEY-04138,CUST-04138,2025-06-09 22:26:00,2025-06-12 20:20:00,Direct,Paid Search,Direct Visit,Brand Search,5,4,0,0,0.0,69.9,,,Direct > Organic Search > Paid Search > Organic Social > Paid Search
JOURNEY-04139,CUST-04139,2025-02-10 18:39:00,2025-02-14 02:39:00,Paid Social,Email,Instagram Ads,Welcome Series,2,2,0,0,0.0,80.0,,,Paid Social > Email
JOURNEY-04140,CUST-04140,2025-03-18 17:39:00,2025-03-21 06:50:00,Organic Search,Organic Search,SEO Blog,Product Pages,2,1,0,0,0.0,61.18,,,Organic Search > Organic Search
JOURNEY-04141,CUST-04141,2025-04-03 08:32:00,2025-04-11 21:50:00,Direct,Referral,Direct Visit,Affiliate,7,5,1,1,156.16,205.3,2025-04-11 21:50:00,8.55,Direct > Display > Paid Search > Direct > Email > Referral > Referral
JOURNEY-04142,CUST-04142,2025-01-16 14:03:00,2025-01-22 11:15:00,Organic Search,Paid Search,Educational Content,Competitor Search,3,3,0,0,0.0,141.2,,,Organic Search > Email > Paid Search
JOURNEY-04143,CUST-04143,2025-03-07 02:11:00,2025-03-11 02:10:00,Paid Search,Organic Search,Brand Search,Educational Content,4,4,1,1,144.66,95.98,2025-03-11 02:10:00,4.0,Paid Search > Email > Paid Social > Organic Search
JOURNEY-04144,CUST-04144,2025-01-01 06:28:00,2025-01-02 14:53:00,Referral,Direct,Affiliate,Direct Visit,2,2,1,1,76.12,32.42,2025-01-02 14:53:00,1.35,Referral > Direct
JOURNEY-04145,CUST-04145,2025-05-16 07:49:00,2025-05-23 03:56:00,Direct,Email,Direct Visit,Newsletter,4,4,0,0,0.0,164.12,,,Direct > Organic Social > Referral > Email
JOURNEY-04146,CUST-04146,2025-01-03 20:22:00,2025-01-16 03:26:00,Paid Search,Paid Social,Brand Search,Instagram Ads,6,4,1,1,196.95,295.07,2025-01-16 03:26:00,12.29,Paid Search > Paid Social > Organic Search > Paid Search > Direct > Paid Social
JOURNEY-04147,CUST-04147,2025-02-12 19:32:00,2025-02-24 05:15:00,Direct,Paid Social,Direct Visit,Instagram Ads,6,4,0,0,0.0,273.72,,,Direct > Display > Organic Search > Direct > Paid Social > Paid Social
JOURNEY-04148,CUST-04148,2025-02-03 03:55:00,2025-02-05 19:49:00,Organic Search,Organic Search,Educational Content,SEO Blog,4,3,0,0,0.0,63.9,,,Organic Search > Paid Search > Paid Social > Organic Search
JOURNEY-04149,CUST-04149,2025-02-25 03:04:00,2025-03-02 05:43:00,Organic Social,Email,TikTok Organic,Newsletter,4,4,1,1,161.38,122.65,2025-03-02 05:43:00,5.11,Organic Social > Organic Search > Paid Search > Email
JOURNEY-04150,CUST-04150,2025-02-01 04:49:00,2025-02-09 09:02:00,Paid Search,Email,Product Search,Newsletter,4,4,0,0,0.0,196.22,,,Paid Search > Paid Social > Direct > Email
JOURNEY-04151,CUST-04151,2025-03-06 22:45:00,2025-03-10 13:47:00,Organic Social,Display,Instagram Organic,Banner Campaign,2,2,1,1,75.06,87.03,2025-03-10 13:47:00,3.63,Organic Social > Display
JOURNEY-04152,CUST-04152,2025-03-17 16:53:00,2025-03-20 21:47:00,Referral,Referral,Affiliate,Customer Referral,2,1,0,0,0.0,76.9,,,Referral > Referral
JOURNEY-04153,CUST-04153,2025-03-07 12:52:00,2025-03-09 18:33:00,Referral,Paid Search,Customer Referral,Product Search,2,2,0,0,0.0,53.68,,,Referral > Paid Search
JOURNEY-04154,CUST-04154,2025-04-10 06:38:00,2025-04-15 14:45:00,Organic Search,Paid Search,Educational Content,Brand Search,3,3,1,1,72.91,128.12,2025-04-15 14:45:00,5.34,Organic Search > Email > Paid Search
JOURNEY-04155,CUST-04155,2025-01-26 03:36:00,2025-01-30 19:28:00,Paid Search,Display,Brand Search,Prospecting,4,3,0,0,0.0,111.87,,,Paid Search > Referral > Paid Search > Display
JOURNEY-04156,CUST-04156,2025-06-21 19:57:00,2025-06-21 19:57:00,Organic Search,Organic Search,Product Pages,Product Pages,1,1,0,0,0.0,0.0,,,Organic Search
JOURNEY-04157,CUST-04157,2025-04-25 01:42:00,2025-04-26 03:29:00,Organic Search,Email,SEO Blog,Promotional Email,2,2,0,0,0.0,25.78,,,Organic Search > Email
JOURNEY-04158,CUST-04158,2025-03-25 19:53:00,2025-03-27 23:00:00,Email,Email,Newsletter,Newsletter,3,2,0,0,0.0,51.12,,,Email > Direct > Email
JOURNEY-04159,CUST-04159,2025-03-01 12:25:00,2025-03-02 03:56:00,Organic Social,Display,LinkedIn Organic,Banner Campaign,3,3,0,0,0.0,15.52,,,Organic Social > Referral > Display
JOURNEY-04160,CUST-04160,2025-06-24 19:58:00,2025-06-29 08:13:00,Organic Social,Organic Social,Instagram Organic,TikTok Organic,4,3,0,0,0.0,108.25,,,Organic Social > Paid Search > Referral > Organic Social
JOURNEY-04161,CUST-04161,2025-04-03 20:39:00,2025-04-08 09:49:00,Direct,Direct,Direct Visit,Direct Visit,4,3,1,1,128.53,109.17,2025-04-08 09:49:00,4.55,Direct > Email > Organic Search > Direct
JOURNEY-04162,CUST-04162,2025-02-25 06:46:00,2025-02-28 23:02:00,Email,Paid Search,Newsletter,Product Search,3,3,0,0,0.0,88.27,,,Email > Display > Paid Search
JOURNEY-04163,CUST-04163,2025-02-07 04:27:00,2025-02-23 04:42:00,Paid Search,Paid Social,Competitor Search,LinkedIn Ads,6,5,0,0,0.0,384.25,,,Paid Search > Organic Social > Display > Paid Search > Direct > Paid Social
JOURNEY-04164,CUST-04164,2025-05-24 10:31:00,2025-05-24 10:31:00,Direct,Direct,Direct Visit,Direct Visit,1,1,1,1,94.89,0.0,2025-05-24 10:31:00,0.0,Direct
JOURNEY-04165,CUST-04165,2025-04-20 08:31:00,2025-04-21 03:17:00,Paid Search,Organic Social,Brand Search,LinkedIn Organic,2,2,0,0,0.0,18.77,,,Paid Search > Organic Social
JOURNEY-04166,CUST-04166,2025-05-21 03:43:00,2025-05-23 06:44:00,Organic Search,Paid Search,Product Pages,Brand Search,4,3,0,0,0.0,51.02,,,Organic Search > Display > Organic Search > Paid Search
JOURNEY-04167,CUST-04167,2025-04-28 15:57:00,2025-04-28 15:57:00,Email,Email,Promotional Email,Promotional Email,1,1,0,0,0.0,0.0,,,Email
JOURNEY-04168,CUST-04168,2025-06-07 02:32:00,2025-06-13 18:36:00,Paid Social,Organic Search,Facebook Ads,Product Pages,4,4,1,1,91.32,160.07,2025-06-13 18:36:00,6.67,Paid Social > Paid Search > Organic Social > Organic Search
JOURNEY-04169,CUST-04169,2025-04-23 09:58:00,2025-05-02 20:08:00,Display,Organic Social,Retargeting,TikTok Organic,5,4,0,0,0.0,226.17,,,Display > Email > Paid Search > Display > Organic Social
JOURNEY-04170,CUST-04170,2025-06-24 06:04:00,2025-06-26 08:54:00,Display,Organic Search,Retargeting,Product Pages,2,2,0,0,0.0,50.83,,,Display > Organic Search
JOURNEY-04171,CUST-04171,2025-06-02 11:00:00,2025-06-10 06:39:00,Paid Search,Direct,Competitor Search,Direct Visit,4,4,0,0,0.0,187.65,,,Paid Search > Referral > Paid Social > Direct
JOURNEY-04172,CUST-04172,2025-06-10 20:46:00,2025-06-18 05:40:00,Paid Search,Referral,Competitor Search,Customer Referral,4,4,1,1,122.12,176.9,2025-06-18 05:40:00,7.37,Paid Search > Paid Social > Organic Social > Referral
JOURNEY-04173,CUST-04173,2025-04-26 15:48:00,2025-05-04 05:25:00,Referral,Paid Search,Customer Referral,Brand Search,4,4,1,1,174.37,181.62,2025-05-04 05:25:00,7.57,Referral > Direct > Organic Social > Paid Search
JOURNEY-04174,CUST-04174,2025-04-14 17:50:00,2025-04-20 16:35:00,Paid Social,Paid Social,Instagram Ads,LinkedIn Ads,5,3,1,1,47.33,142.75,2025-04-20 16:35:00,5.95,Paid Social > Referral > Paid Social > Email > Paid Social
JOURNEY-04175,CUST-04175,2025-03-27 03:32:00,2025-04-01 04:15:00,Paid Social,Organic Search,LinkedIn Ads,Educational Content,3,3,0,0,0.0,120.72,,,Paid Social > Email > Organic Search
JOURNEY-04176,CUST-04176,2025-03-24 01:22:00,2025-03-24 01:22:00,Organic Social,Organic Social,Instagram Organic,Instagram Organic,1,1,0,0,0.0,0.0,,,Organic Social
JOURNEY-04177,CUST-04177,2025-03-31 00:29:00,2025-04-01 01:42:00,Paid Search,Display,Product Search,Retargeting,2,2,0,0,0.0,25.22,,,Paid Search > Display
JOURNEY-04178,CUST-04178,2025-04-29 02:35:00,2025-05-02 14:49:00,Display,Referral,Banner Campaign,Partner Website,4,4,0,0,0.0,84.23,,,Display > Organic Search > Paid Search > Referral
JOURNEY-04179,CUST-04179,2025-03-14 04:57:00,2025-03-14 04:57:00,Organic Search,Organic Search,Product Pages,Product Pages,1,1,0,0,0.0,0.0,,,Organic Search
JOURNEY-04180,CUST-04180,2025-06-15 11:45:00,2025-06-20 19:51:00,Referral,Paid Search,Partner Website,Brand Search,3,3,0,0,0.0,128.1,,,Referral > Paid Social > Paid Search
JOURNEY-04181,CUST-04181,2025-02-08 06:43:00,2025-02-10 08:01:00,Direct,Organic Social,Direct Visit,LinkedIn Organic,3,3,1,1,393.8,49.3,2025-02-10 08:01:00,2.05,Direct > Paid Social > Organic Social
JOURNEY-04182,CUST-04182,2025-03-17 21:53:00,2025-03-25 11:41:00,Organic Search,Organic Search,Educational Content,Educational Content,4,3,0,0,0.0,181.8,,,Organic Search > Display > Direct > Organic Search
JOURNEY-04183,CUST-04183,2025-03-11 00:51:00,2025-03-25 19:30:00,Email,Display,Welcome Series,Banner Campaign,5,5,0,0,0.0,354.65,,,Email > Organic Search > Paid Search > Organic Social > Display
JOURNEY-04184,CUST-04184,2025-05-30 04:54:00,2025-06-06 10:28:00,Paid Search,Organic Social,Product Search,TikTok Organic,3,3,0,0,0.0,173.57,,,Paid Search > Direct > Organic Social
JOURNEY-04185,CUST-04185,2025-06-27 14:21:00,2025-07-02 19:20:00,Email,Referral,Newsletter,Affiliate,3,3,0,0,0.0,124.98,,,Email > Organic Social > Referral
JOURNEY-04186,CUST-04186,2025-01-11 10:18:00,2025-01-20 12:46:00,Paid Social,Direct,LinkedIn Ads,Direct Visit,5,3,0,0,0.0,218.47,,,Paid Social > Organic Social > Direct > Paid Social > Direct
JOURNEY-04187,CUST-04187,2025-05-20 05:38:00,2025-05-30 15:07:00,Organic Search,Display,Educational Content,Banner Campaign,5,5,0,0,0.0,249.48,,,Organic Search > Direct > Paid Social > Paid Search > Display
JOURNEY-04188,CUST-04188,2025-05-17 20:30:00,2025-05-19 00:35:00,Paid Social,Paid Search,Facebook Ads,Product Search,2,2,0,0,0.0,28.08,,,Paid Social > Paid Search
JOURNEY-04189,CUST-04189,2025-02-23 23:14:00,2025-02-27 23:34:00,Direct,Email,Direct Visit,Newsletter,6,5,1,1,105.6,96.33,2025-02-27 23:34:00,4.01,Direct > Display > Direct > Referral > Paid Search > Email
JOURNEY-04190,CUST-04190,2025-03-06 00:46:00,2025-03-11 16:52:00,Paid Search,Organic Search,Competitor Search,SEO Blog,3,3,0,0,0.0,136.1,,,Paid Search > Paid Social > Organic Search
JOURNEY-04191,CUST-04191,2025-04-05 05:13:00,2025-04-06 10:53:00,Direct,Email,Direct Visit,Welcome Series,2,2,1,1,74.75,29.67,2025-04-06 10:53:00,1.24,Direct > Email
JOURNEY-04192,CUST-04192,2025-04-17 02:07:00,2025-04-24 14:28:00,Organic Search,Organic Search,SEO Blog,SEO Blog,5,3,0,0,0.0,180.35,,,Organic Search > Direct > Organic Search > Paid Social > Organic Search
JOURNEY-04193,CUST-04193,2025-01-21 06:56:00,2025-01-22 07:30:00,Referral,Direct,Partner Website,Direct Visit,2,2,0,0,0.0,24.57,,,Referral > Direct
JOURNEY-04194,CUST-04194,2025-01-27 13:53:00,2025-02-04 03:06:00,Organic Search,Email,Product Pages,Welcome Series,4,4,0,0,0.0,181.22,,,Organic Search > Paid Social > Direct > Email
JOURNEY-04195,CUST-04195,2025-05-18 08:52:00,2025-05-20 04:52:00,Direct,Paid Social,Direct Visit,LinkedIn Ads,3,3,0,0,0.0,44.0,,,Direct > Paid Search > Paid Social
JOURNEY-04196,CUST-04196,2025-03-14 12:31:00,2025-03-18 01:22:00,Paid Search,Email,Product Search,Welcome Series,2,2,0,0,0.0,84.85,,,Paid Search > Email
JOURNEY-04197,CUST-04197,2025-02-05 17:13:00,2025-02-08 04:35:00,Email,Paid Social,Promotional Email,LinkedIn Ads,2,2,0,0,0.0,59.37,,,Email > Paid Social
JOURNEY-04198,CUST-04198,2025-01-09 08:02:00,2025-01-12 15:08:00,Paid Search,Paid Social,Brand Search,LinkedIn Ads,2,2,0,0,0.0,79.1,,,Paid Search > Paid Social
JOURNEY-04199,CUST-04199,2025-03-19 03:29:00,2025-03-22 20:09:00,Organic Social,Email,Instagram Organic,Promotional Email,3,3,0,0,0.0,88.67,,,Organic Social > Organic Search > Email
JOURNEY-04200,CUST-04200,2025-03-23 11:48:00,2025-03-25 10:16:00,Direct,Organic Search,Direct Visit,SEO Blog,3,3,0,0,0.0,46.47,,,Direct > Referral > Organic Search
JOURNEY-04201,CUST-04201,2025-01-05 04:52:00,2025-01-11 13:22:00,Email,Paid Social,Promotional Email,LinkedIn Ads,3,3,0,0,0.0,152.5,,,Email > Organic Search > Paid Social
JOURNEY-04202,CUST-04202,2025-01-26 18:48:00,2025-02-05 20:35:00,Paid Social,Direct,LinkedIn Ads,Direct Visit,4,4,0,0,0.0,241.78,,,Paid Social > Organic Search > Email > Direct
JOURNEY-04203,CUST-04203,2025-03-07 06:14:00,2025-03-15 21:53:00,Referral,Paid Social,Customer Referral,Instagram Ads,6,4,1,1,95.45,207.65,2025-03-15 21:53:00,8.65,Referral > Referral > Organic Social > Paid Social > Paid Search > Paid Social
JOURNEY-04204,CUST-04204,2025-06-03 02:04:00,2025-06-14 15:43:00,Paid Social,Direct,Instagram Ads,Direct Visit,8,6,0,0,0.0,277.65,,,Paid Social > Paid Search > Email > Paid Social > Organic Search > Organic Social > Paid Social > Direct
JOURNEY-04205,CUST-04205,2025-01-14 10:55:00,2025-01-24 13:35:00,Paid Social,Direct,Facebook Ads,Direct Visit,5,5,0,0,0.0,242.67,,,Paid Social > Paid Search > Organic Search > Organic Social > Direct
JOURNEY-04206,CUST-04206,2025-02-20 03:55:00,2025-02-22 04:27:00,Organic Search,Email,Educational Content,Newsletter,3,3,0,0,0.0,48.53,,,Organic Search > Paid Social > Email
JOURNEY-04207,CUST-04207,2025-05-27 01:42:00,2025-05-30 18:30:00,Organic Search,Paid Social,Educational Content,Instagram Ads,3,3,0,0,0.0,88.8,,,Organic Search > Email > Paid Social
JOURNEY-04208,CUST-04208,2025-05-23 22:49:00,2025-06-04 13:50:00,Direct,Paid Search,Direct Visit,Competitor Search,7,5,1,1,188.41,279.02,2025-06-04 13:50:00,11.63,Direct > Paid Search > Organic Social > Direct > Organic Search > Display > Paid Search
JOURNEY-04209,CUST-04209,2025-01-31 15:53:00,2025-02-01 11:30:00,Organic Social,Direct,Instagram Organic,Direct Visit,2,2,0,0,0.0,19.62,,,Organic Social > Direct
JOURNEY-04210,CUST-04210,2025-05-16 01:12:00,2025-05-20 07:17:00,Paid Search,Paid Search,Competitor Search,Competitor Search,3,2,0,0,0.0,102.08,,,Paid Search > Referral > Paid Search
JOURNEY-04211,CUST-04211,2025-03-11 07:55:00,2025-03-11 07:55:00,Organic Social,Organic Social,LinkedIn Organic,LinkedIn Organic,1,1,0,0,0.0,0.0,,,Organic Social
JOURNEY-04212,CUST-04212,2025-06-06 06:15:00,2025-06-07 09:00:00,Paid Search,Email,Product Search,Welcome Series,3,3,0,0,0.0,26.75,,,Paid Search > Display > Email
JOURNEY-04213,CUST-04213,2025-01-15 17:38:00,2025-01-25 04:01:00,Organic Social,Paid Search,LinkedIn Organic,Product Search,4,3,1,1,128.85,226.38,2025-01-25 04:01:00,9.43,Organic Social > Paid Social > Paid Search > Paid Search
JOURNEY-04214,CUST-04214,2025-02-24 07:10:00,2025-03-06 01:08:00,Direct,Paid Search,Direct Visit,Competitor Search,7,6,1,1,300.6,233.97,2025-03-06 01:08:00,9.75,Direct > Referral > Email > Organic Search > Referral > Organic Social > Paid Search
JOURNEY-04215,CUST-04215,2025-06-08 05:52:00,2025-06-08 18:39:00,Referral,Direct,Affiliate,Direct Visit,2,2,1,1,71.82,12.78,2025-06-08 18:39:00,0.53,Referral > Direct
JOURNEY-04216,CUST-04216,2025-04-11 01:37:00,2025-04-20 04:06:00,Paid Search,Paid Search,Brand Search,Product Search,5,4,0,0,0.0,218.48,,,Paid Search > Paid Social > Organic Search > Direct > Paid Search
JOURNEY-04217,CUST-04217,2025-04-18 17:32:00,2025-04-24 20:22:00,Display,Display,Prospecting,Retargeting,4,3,0,0,0.0,146.83,,,Display > Direct > Organic Search > Display
JOURNEY-04218,CUST-04218,2025-06-26 16:18:00,2025-07-05 08:14:00,Display,Paid Search,Banner Campaign,Product Search,4,3,0,0,0.0,207.93,,,Display > Paid Search > Email > Paid Search
JOURNEY-04219,CUST-04219,2025-04-23 18:56:00,2025-05-01 21:49:00,Paid Search,Direct,Competitor Search,Direct Visit,4,3,0,0,0.0,194.88,,,Paid Search > Direct > Paid Social > Direct
JOURNEY-04220,CUST-04220,2025-06-19 10:49:00,2025-06-29 03:38:00,Email,Email,Newsletter,Newsletter,5,4,0,0,0.0,232.82,,,Email > Direct > Organic Search > Paid Social > Email
JOURNEY-04221,CUST-04221,2025-06-16 05:56:00,2025-06-27 02:10:00,Email,Paid Search,Newsletter,Competitor Search,5,4,1,1,66.45,260.23,2025-06-27 02:10:00,10.84,Email > Paid Social > Paid Search > Referral > Paid Search
JOURNEY-04222,CUST-04222,2025-02-10 10:58:00,2025-02-10 10:58:00,Paid Social,Paid Social,Instagram Ads,Instagram Ads,1,1,0,0,0.0,0.0,,,Paid Social
JOURNEY-04223,CUST-04223,2025-03-21 11:35:00,2025-04-01 05:19:00,Paid Social,Organic Social,LinkedIn Ads,Instagram Organic,5,5,0,0,0.0,257.73,,,Paid Social > Referral > Organic Search > Direct > Organic Social
JOURNEY-04224,CUST-04224,2025-06-29 15:26:00,2025-07-04 04:27:00,Direct,Display,Direct Visit,Banner Campaign,3,3,0,0,0.0,109.02,,,Direct > Referral > Display
JOURNEY-04225,CUST-04225,2025-02-07 07:24:00,2025-02-15 04:05:00,Paid Search,Paid Social,Brand Search,Instagram Ads,5,3,1,1,245.16,188.68,2025-02-15 04:05:00,7.86,Paid Search > Paid Social > Paid Search > Email > Paid Social
JOURNEY-04226,CUST-04226,2025-05-13 15:54:00,2025-05-15 14:04:00,Display,Paid Search,Retargeting,Product Search,2,2,0,0,0.0,46.17,,,Display > Paid Search
JOURNEY-04227,CUST-04227,2025-05-12 15:06:00,2025-05-19 00:24:00,Paid Search,Display,Competitor Search,Prospecting,3,3,0,0,0.0,153.3,,,Paid Search > Organic Search > Display
JOURNEY-04228,CUST-04228,2025-05-28 09:40:00,2025-05-28 11:50:00,Paid Search,Email,Product Search,Newsletter,2,2,0,0,0.0,2.17,,,Paid Search > Email
JOURNEY-04229,CUST-04229,2025-03-12 16:56:00,2025-03-16 22:19:00,Referral,Email,Affiliate,Newsletter,3,3,1,1,57.97,101.38,2025-03-16 22:19:00,4.22,Referral > Paid Social > Email
JOURNEY-04230,CUST-04230,2025-03-27 18:35:00,2025-03-30 13:59:00,Paid Search,Organic Social,Brand Search,LinkedIn Organic,3,3,0,0,0.0,67.4,,,Paid Search > Display > Organic Social
JOURNEY-04231,CUST-04231,2025-03-10 20:03:00,2025-03-14 11:06:00,Referral,Paid Search,Partner Website,Competitor Search,2,2,0,0,0.0,87.05,,,Referral > Paid Search
JOURNEY-04232,CUST-04232,2025-06-21 13:12:00,2025-06-26 15:18:00,Paid Social,Direct,Instagram Ads,Direct Visit,3,3,1,1,150.45,122.1,2025-06-26 15:18:00,5.09,Paid Social > Email > Direct
JOURNEY-04233,CUST-04233,2025-05-25 05:31:00,2025-06-06 00:06:00,Paid Social,Paid Search,Facebook Ads,Brand Search,6,6,0,0,0.0,282.58,,,Paid Social > Organic Search > Direct > Email > Organic Social > Paid Search
JOURNEY-04234,CUST-04234,2025-06-27 06:15:00,2025-07-08 06:25:00,Direct,Email,Direct Visit,Promotional Email,5,4,0,0,0.0,264.17,,,Direct > Organic Search > Organic Search > Paid Search > Email
JOURNEY-04235,CUST-04235,2025-02-15 00:52:00,2025-02-20 00:22:00,Display,Paid Social,Banner Campaign,Instagram Ads,3,3,0,0,0.0,119.5,,,Display > Paid Search > Paid Social
JOURNEY-04236,CUST-04236,2025-01-16 04:34:00,2025-01-19 13:55:00,Referral,Paid Search,Customer Referral,Brand Search,2,2,0,0,0.0,81.35,,,Referral > Paid Search
JOURNEY-04237,CUST-04237,2025-03-21 14:31:00,2025-03-25 08:53:00,Direct,Paid Social,Direct Visit,Instagram Ads,2,2,0,0,0.0,90.37,,,Direct > Paid Social
JOURNEY-04238,CUST-04238,2025-06-19 22:02:00,2025-06-30 21:11:00,Paid Search,Organic Search,Brand Search,Product Pages,5,4,0,0,0.0,263.15,,,Paid Search > Organic Search > Paid Social > Direct > Organic Search
JOURNEY-04239,CUST-04239,2025-06-01 06:35:00,2025-06-07 19:22:00,Organic Search,Referral,Educational Content,Customer Referral,4,4,0,0,0.0,156.78,,,Organic Search > Organic Social > Paid Social > Referral
JOURNEY-04240,CUST-04240,2025-03-24 13:19:00,2025-03-30 15:47:00,Direct,Email,Direct Visit,Welcome Series,4,3,0,0,0.0,146.47,,,Direct > Direct > Display > Email
JOURNEY-04241,CUST-04241,2025-05-23 12:04:00,2025-06-07 13:13:00,Display,Referral,Banner Campaign,Customer Referral,7,6,0,0,0.0,361.15,,,Display > Organic Search > Organic Social > Email > Paid Search > Organic Search > Referral
JOURNEY-04242,CUST-04242,2025-05-12 01:59:00,2025-05-21 06:20:00,Paid Search,Direct,Brand Search,Direct Visit,5,3,0,0,0.0,220.35,,,Paid Search > Email > Direct > Paid Search > Direct
JOURNEY-04243,CUST-04243,2025-05-29 17:38:00,2025-06-09 20:11:00,Referral,Paid Social,Partner Website,Facebook Ads,7,5,0,0,0.0,266.55,,,Referral > Email > Paid Search > Paid Social > Organic Social > Email > Paid Social
JOURNEY-04244,CUST-04244,2025-04-22 04:08:00,2025-04-26 11:17:00,Referral,Paid Search,Partner Website,Product Search,4,3,0,0,0.0,103.15,,,Referral > Paid Search > Organic Social > Paid Search
JOURNEY-04245,CUST-04245,2025-02-20 11:05:00,2025-02-23 19:25:00,Direct,Organic Search,Direct Visit,Educational Content,3,3,1,1,77.8,80.33,2025-02-23 19:25:00,3.35,Direct > Paid Search > Organic Search
JOURNEY-04246,CUST-04246,2025-04-15 03:41:00,2025-04-17 15:03:00,Display,Paid Search,Banner Campaign,Brand Search,2,2,0,0,0.0,59.37,,,Display > Paid Search
JOURNEY-04247,CUST-04247,2025-01-04 17:48:00,2025-01-05 20:28:00,Paid Social,Email,Facebook Ads,Welcome Series,2,2,0,0,0.0,26.67,,,Paid Social > Email
JOURNEY-04248,CUST-04248,2025-04-23 02:49:00,2025-05-01 10:26:00,Paid Search,Paid Social,Product Search,Facebook Ads,5,3,0,0,0.0,199.62,,,Paid Search > Paid Social > Paid Social > Organic Social > Paid Social
JOURNEY-04249,CUST-04249,2025-03-03 07:59:00,2025-03-05 00:40:00,Organic Social,Paid Search,Instagram Organic,Product Search,3,2,0,0,0.0,40.68,,,Organic Social > Paid Search > Paid Search
JOURNEY-04250,CUST-04250,2025-01-23 20:09:00,2025-01-28 06:09:00,Paid Social,Paid Social,LinkedIn Ads,Facebook Ads,3,2,0,0,0.0,106.0,,,Paid Social > Display > Paid Social
JOURNEY-04251,CUST-04251,2025-04-16 02:08:00,2025-04-17 14:13:00,Email,Display,Promotional Email,Retargeting,2,2,0,0,0.0,36.08,,,Email > Display
JOURNEY-04252,CUST-04252,2025-02-08 00:31:00,2025-02-13 08:03:00,Organic Search,Display,SEO Blog,Banner Campaign,4,3,0,0,0.0,127.53,,,Organic Search > Paid Search > Paid Search > Display
JOURNEY-04253,CUST-04253,2025-05-27 16:20:00,2025-06-06 10:09:00,Paid Search,Email,Product Search,Newsletter,5,4,0,0,0.0,233.82,,,Paid Search > Paid Search > Referral > Organic Search > Email
JOURNEY-04254,CUST-04254,2025-06-29 14:01:00,2025-07-07 00:54:00,Display,Paid Search,Prospecting,Brand Search,5,5,0,0,0.0,178.88,,,Display > Organic Social > Direct > Organic Search > Paid Search
JOURNEY-04255,CUST-04255,2025-02-09 10:43:00,2025-02-09 10:43:00,Display,Display,Retargeting,Retargeting,1,1,0,0,0.0,0.0,,,Display
JOURNEY-04256,CUST-04256,2025-06-08 21:57:00,2025-06-13 21:06:00,Email,Direct,Promotional Email,Direct Visit,4,3,0,0,0.0,119.15,,,Email > Referral > Email > Direct
JOURNEY-04257,CUST-04257,2025-04-09 01:09:00,2025-04-12 16:54:00,Paid Search,Organic Social,Competitor Search,TikTok Organic,2,2,1,1,227.64,87.75,2025-04-12 16:54:00,3.66,Paid Search > Organic Social
JOURNEY-04258,CUST-04258,2025-03-13 19:57:00,2025-03-21 05:41:00,Organic Social,Paid Social,Instagram Organic,Instagram Ads,6,5,0,0,0.0,177.73,,,Organic Social > Paid Search > Paid Social > Email > Display > Paid Social
JOURNEY-04259,CUST-04259,2025-05-02 13:15:00,2025-05-08 03:30:00,Display,Email,Retargeting,Newsletter,4,3,0,0,0.0,134.25,,,Display > Organic Search > Display > Email
JOURNEY-04260,CUST-04260,2025-03-20 12:07:00,2025-03-22 05:30:00,Organic Search,Display,Educational Content,Prospecting,2,2,0,0,0.0,41.38,,,Organic Search > Display
JOURNEY-04261,CUST-04261,2025-02-05 15:56:00,2025-02-12 10:38:00,Organic Search,Paid Social,Product Pages,Facebook Ads,5,4,1,1,82.49,162.7,2025-02-12 10:38:00,6.78,Organic Search > Email > Paid Social > Direct > Paid Social
JOURNEY-04262,CUST-04262,2025-03-02 22:49:00,2025-03-20 13:50:00,Direct,Referral,Direct Visit,Customer Referral,7,5,0,0,0.0,423.02,,,Direct > Paid Social > Organic Search > Referral > Paid Search > Direct > Referral
JOURNEY-04263,CUST-04263,2025-05-28 16:35:00,2025-06-04 12:55:00,Referral,Direct,Partner Website,Direct Visit,4,4,0,0,0.0,164.33,,,Referral > Display > Paid Social > Direct
JOURNEY-04264,CUST-04264,2025-05-09 19:00:00,2025-05-09 19:00:00,Direct,Direct,Direct Visit,Direct Visit,1,1,0,0,0.0,0.0,,,Direct
JOURNEY-04265,CUST-04265,2025-01-27 08:04:00,2025-02-03 00:11:00,Paid Social,Direct,Facebook Ads,Direct Visit,3,3,0,0,0.0,160.12,,,Paid Social > Paid Search > Direct
JOURNEY-04266,CUST-04266,2025-04-26 11:04:00,2025-04-26 21:17:00,Paid Search,Email,Product Search,Welcome Series,2,2,0,0,0.0,10.22,,,Paid Search > Email
JOURNEY-04267,CUST-04267,2025-03-22 07:43:00,2025-03-26 06:05:00,Organic Social,Display,TikTok Organic,Banner Campaign,2,2,0,0,0.0,94.37,,,Organic Social > Display
JOURNEY-04268,CUST-04268,2025-03-24 19:05:00,2025-03-26 17:30:00,Organic Social,Direct,LinkedIn Organic,Direct Visit,2,2,1,1,170.93,46.42,2025-03-26 17:30:00,1.93,Organic Social > Direct
JOURNEY-04269,CUST-04269,2025-06-18 13:45:00,2025-06-19 11:43:00,Paid Search,Email,Brand Search,Promotional Email,2,2,1,1,56.9,21.97,2025-06-19 11:43:00,0.92,Paid Search > Email
JOURNEY-04270,CUST-04270,2025-05-29 02:57:00,2025-06-05 07:55:00,Referral,Direct,Partner Website,Direct Visit,5,5,1,1,417.97,172.97,2025-06-05 07:55:00,7.21,Referral > Organic Social > Paid Social > Display > Direct
JOURNEY-04271,CUST-04271,2025-03-25 00:59:00,2025-03-25 00:59:00,Direct,Direct,Direct Visit,Direct Visit,1,1,0,0,0.0,0.0,,,Direct
JOURNEY-04272,CUST-04272,2025-04-14 11:33:00,2025-04-21 08:31:00,Paid Social,Paid Search,LinkedIn Ads,Competitor Search,5,5,0,0,0.0,164.97,,,Paid Social > Referral > Direct > Organic Search > Paid Search
JOURNEY-04273,CUST-04273,2025-04-03 23:42:00,2025-04-12 01:10:00,Display,Referral,Retargeting,Partner Website,6,6,0,0,0.0,193.47,,,Display > Direct > Paid Search > Paid Social > Organic Search > Referral
JOURNEY-04274,CUST-04274,2025-03-16 15:38:00,2025-03-16 15:38:00,Organic Social,Organic Social,TikTok Organic,TikTok Organic,1,1,0,0,0.0,0.0,,,Organic Social
JOURNEY-04275,CUST-04275,2025-04-28 11:26:00,2025-05-03 16:32:00,Organic Search,Organic Search,Educational Content,Educational Content,3,2,0,0,0.0,125.1,,,Organic Search > Paid Social > Organic Search
JOURNEY-04276,CUST-04276,2025-02-14 10:00:00,2025-02-14 10:00:00,Paid Search,Paid Search,Brand Search,Brand Search,1,1,0,0,0.0,0.0,,,Paid Search
JOURNEY-04277,CUST-04277,2025-06-18 22:23:00,2025-06-21 23:02:00,Organic Search,Organic Social,SEO Blog,TikTok Organic,3,3,1,1,176.28,72.65,2025-06-21 23:02:00,3.03,Organic Search > Direct > Organic Social
JOURNEY-04278,CUST-04278,2025-05-13 11:02:00,2025-05-20 21:53:00,Organic Search,Paid Search,SEO Blog,Brand Search,3,3,0,0,0.0,178.85,,,Organic Search > Organic Social > Paid Search
JOURNEY-04279,CUST-04279,2025-03-13 14:31:00,2025-03-15 12:21:00,Referral,Paid Search,Partner Website,Product Search,3,3,0,0,0.0,45.83,,,Referral > Direct > Paid Search
JOURNEY-04280,CUST-04280,2025-02-15 22:19:00,2025-02-20 23:01:00,Paid Social,Referral,LinkedIn Ads,Partner Website,4,4,0,0,0.0,120.7,,,Paid Social > Direct > Paid Search > Referral
JOURNEY-04281,CUST-04281,2025-01-12 11:30:00,2025-01-15 09:03:00,Organic Search,Paid Search,Educational Content,Brand Search,2,2,0,0,0.0,69.55,,,Organic Search > Paid Search
JOURNEY-04282,CUST-04282,2025-06-09 02:32:00,2025-06-09 07:17:00,Email,Referral,Promotional Email,Customer Referral,2,2,0,0,0.0,4.75,,,Email > Referral
JOURNEY-04283,CUST-04283,2025-04-24 16:25:00,2025-04-24 16:25:00,Paid Social,Paid Social,Facebook Ads,Facebook Ads,1,1,0,0,0.0,0.0,,,Paid Social
JOURNEY-04284,CUST-04284,2025-05-23 13:23:00,2025-06-02 21:10:00,Referral,Paid Social,Customer Referral,LinkedIn Ads,6,5,0,0,0.0,247.78,,,Referral > Display > Email > Organic Search > Organic Search > Paid Social
JOURNEY-04285,CUST-04285,2025-06-24 00:01:00,2025-06-28 00:08:00,Referral,Paid Social,Partner Website,Facebook Ads,3,3,0,0,0.0,96.12,,,Referral > Organic Search > Paid Social
JOURNEY-04286,CUST-04286,2025-05-13 00:12:00,2025-05-14 07:52:00,Paid Search,Paid Social,Brand Search,Facebook Ads,2,2,0,0,0.0,31.67,,,Paid Search > Paid Social
JOURNEY-04287,CUST-04287,2025-06-27 23:03:00,2025-07-02 13:05:00,Referral,Paid Social,Customer Referral,Instagram Ads,3,3,1,1,162.73,110.03,2025-07-02 13:05:00,4.58,Referral > Paid Search > Paid Social
JOURNEY-04288,CUST-04288,2025-01-28 20:31:00,2025-01-31 10:30:00,Display,Email,Prospecting,Newsletter,3,3,0,0,0.0,61.98,,,Display > Organic Social > Email
JOURNEY-04289,CUST-04289,2025-05-11 15:57:00,2025-05-15 13:17:00,Paid Social,Organic Social,Facebook Ads,TikTok Organic,2,2,0,0,0.0,93.33,,,Paid Social > Organic Social
JOURNEY-04290,CUST-04290,2025-05-01 10:56:00,2025-05-03 23:49:00,Organic Search,Organic Search,SEO Blog,Educational Content,3,2,0,0,0.0,60.88,,,Organic Search > Paid Social > Organic Search
JOURNEY-04291,CUST-04291,2025-04-29 21:58:00,2025-05-03 02:31:00,Organic Search,Referral,Product Pages,Partner Website,2,2,1,1,89.21,76.55,2025-05-03 02:31:00,3.19,Organic Search > Referral
JOURNEY-04292,CUST-04292,2025-06-12 20:27:00,2025-06-17 03:49:00,Paid Social,Paid Social,LinkedIn Ads,Instagram Ads,4,3,0,0,0.0,103.37,,,Paid Social > Direct > Referral > Paid Social
JOURNEY-04293,CUST-04293,2025-05-12 10:12:00,2025-05-13 11:49:00,Referral,Display,Affiliate,Banner Campaign,2,2,1,1,156.05,25.62,2025-05-13 11:49:00,1.07,Referral > Display
JOURNEY-04294,CUST-04294,2025-02-16 07:29:00,2025-02-19 03:54:00,Email,Organic Social,Promotional Email,LinkedIn Organic,2,2,0,0,0.0,68.42,,,Email > Organic Social
JOURNEY-04295,CUST-04295,2025-05-31 19:05:00,2025-05-31 19:05:00,Display,Display,Banner Campaign,Banner Campaign,1,1,0,0,0.0,0.0,,,Display
JOURNEY-04296,CUST-04296,2025-05-19 17:20:00,2025-05-26 00:32:00,Paid Search,Organic Social,Brand Search,Instagram Organic,3,3,0,0,0.0,151.2,,,Paid Search > Paid Social > Organic Social
JOURNEY-04297,CUST-04297,2025-05-29 19:00:00,2025-06-04 06:40:00,Paid Search,Paid Social,Brand Search,Facebook Ads,3,2,0,0,0.0,131.67,,,Paid Search > Paid Search > Paid Social
JOURNEY-04298,CUST-04298,2025-02-04 13:01:00,2025-02-04 13:01:00,Paid Social,Paid Social,Facebook Ads,Facebook Ads,1,1,0,0,0.0,0.0,,,Paid Social
JOURNEY-04299,CUST-04299,2025-05-15 09:02:00,2025-05-24 09:34:00,Paid Social,Paid Search,Instagram Ads,Competitor Search,5,5,0,0,0.0,216.53,,,Paid Social > Organic Search > Referral > Direct > Paid Search
JOURNEY-04300,CUST-04300,2025-02-05 10:56:00,2025-02-13 03:33:00,Direct,Paid Social,Direct Visit,Instagram Ads,4,4,1,1,107.49,184.62,2025-02-13 03:33:00,7.69,Direct > Paid Search > Display > Paid Social
JOURNEY-04301,CUST-04301,2025-03-09 13:20:00,2025-03-11 15:29:00,Direct,Direct,Direct Visit,Direct Visit,4,3,0,0,0.0,50.15,,,Direct > Display > Organic Search > Direct
JOURNEY-04302,CUST-04302,2025-01-21 15:14:00,2025-01-21 15:14:00,Paid Search,Paid Search,Product Search,Product Search,1,1,1,1,66.83,0.0,2025-01-21 15:14:00,0.0,Paid Search
JOURNEY-04303,CUST-04303,2025-06-27 23:51:00,2025-06-27 23:51:00,Direct,Direct,Direct Visit,Direct Visit,1,1,0,0,0.0,0.0,,,Direct
JOURNEY-04304,CUST-04304,2025-02-22 01:26:00,2025-03-02 09:28:00,Display,Paid Search,Banner Campaign,Competitor Search,5,5,1,1,91.06,200.03,2025-03-02 09:28:00,8.33,Display > Organic Social > Referral > Organic Search > Paid Search
JOURNEY-04305,CUST-04305,2025-06-09 11:37:00,2025-06-10 06:21:00,Display,Paid Search,Retargeting,Competitor Search,2,2,0,0,0.0,18.73,,,Display > Paid Search
JOURNEY-04306,CUST-04306,2025-05-25 10:36:00,2025-06-05 02:05:00,Email,Direct,Welcome Series,Direct Visit,5,4,1,1,81.39,255.48,2025-06-05 02:05:00,10.65,Email > Paid Search > Referral > Referral > Direct
JOURNEY-04307,CUST-04307,2025-05-09 14:06:00,2025-05-20 17:10:00,Email,Direct,Newsletter,Direct Visit,5,3,0,0,0.0,267.07,,,Email > Paid Social > Paid Social > Direct > Direct
JOURNEY-04308,CUST-04308,2025-04-01 08:19:00,2025-04-09 01:00:00,Paid Search,Display,Competitor Search,Prospecting,5,4,0,0,0.0,184.68,,,Paid Search > Paid Search > Email > Referral > Display
JOURNEY-04309,CUST-04309,2025-03-11 01:55:00,2025-03-15 03:43:00,Paid Search,Organic Search,Competitor Search,SEO Blog,3,3,0,0,0.0,97.8,,,Paid Search > Organic Social > Organic Search
JOURNEY-04310,CUST-04310,2025-04-09 07:33:00,2025-04-10 07:03:00,Paid Social,Paid Search,Facebook Ads,Competitor Search,2,2,0,0,0.0,23.5,,,Paid Social > Paid Search
JOURNEY-04311,CUST-04311,2025-05-16 11:49:00,2025-05-17 10:00:00,Paid Search,Organic Search,Competitor Search,Product Pages,2,2,0,0,0.0,22.18,,,Paid Search > Organic Search
JOURNEY-04312,CUST-04312,2025-01-31 07:25:00,2025-01-31 07:25:00,Paid Search,Paid Search,Product Search,Product Search,1,1,0,0,0.0,0.0,,,Paid Search
JOURNEY-04313,CUST-04313,2025-06-07 21:02:00,2025-06-16 00:19:00,Display,Paid Social,Prospecting,Facebook Ads,5,4,0,0,0.0,195.28,,,Display > Organic Social > Display > Paid Search > Paid Social
JOURNEY-04314,CUST-04314,2025-04-29 07:25:00,2025-04-30 18:10:00,Direct,Email,Direct Visit,Newsletter,2,2,0,0,0.0,34.75,,,Direct > Email
JOURNEY-04315,CUST-04315,2025-06-25 21:58:00,2025-06-25 21:58:00,Referral,Referral,Affiliate,Affiliate,1,1,0,0,0.0,0.0,,,Referral
JOURNEY-04316,CUST-04316,2025-01-29 01:29:00,2025-01-30 23:00:00,Direct,Organic Social,Direct Visit,TikTok Organic,2,2,0,0,0.0,45.52,,,Direct > Organic Social
JOURNEY-04317,CUST-04317,2025-05-05 07:25:00,2025-05-07 16:01:00,Paid Search,Organic Search,Brand Search,SEO Blog,3,3,0,0,0.0,56.6,,,Paid Search > Direct > Organic Search
JOURNEY-04318,CUST-04318,2025-04-07 15:38:00,2025-04-11 13:30:00,Email,Email,Newsletter,Welcome Series,3,2,1,1,163.16,93.87,2025-04-11 13:30:00,3.91,Email > Paid Search > Email
JOURNEY-04319,CUST-04319,2025-02-18 18:01:00,2025-02-21 06:55:00,Paid Social,Direct,LinkedIn Ads,Direct Visit,2,2,1,1,85.33,60.9,2025-02-21 06:55:00,2.54,Paid Social > Direct
JOURNEY-04320,CUST-04320,2025-06-01 07:08:00,2025-06-03 02:46:00,Direct,Email,Direct Visit,Newsletter,2,2,0,0,0.0,43.63,,,Direct > Email
JOURNEY-04321,CUST-04321,2025-05-20 13:55:00,2025-05-28 18:02:00,Organic Search,Direct,SEO Blog,Direct Visit,5,5,1,1,54.76,196.12,2025-05-28 18:02:00,8.17,Organic Search > Referral > Paid Social > Paid Search > Direct
JOURNEY-04322,CUST-04322,2025-03-01 10:31:00,2025-03-01 10:31:00,Paid Social,Paid Social,LinkedIn Ads,LinkedIn Ads,1,1,0,0,0.0,0.0,,,Paid Social
JOURNEY-04323,CUST-04323,2025-01-21 16:06:00,2025-01-23 04:02:00,Email,Referral,Newsletter,Affiliate,2,2,0,0,0.0,35.93,,,Email > Referral
JOURNEY-04324,CUST-04324,2025-05-02 20:55:00,2025-05-09 02:13:00,Email,Email,Promotional Email,Welcome Series,4,3,0,0,0.0,149.3,,,Email > Referral > Paid Social > Email
JOURNEY-04325,CUST-04325,2025-05-15 00:19:00,2025-05-21 14:09:00,Email,Paid Social,Newsletter,Instagram Ads,4,4,1,1,129.39,157.83,2025-05-21 14:09:00,6.58,Email > Paid Search > Direct > Paid Social
JOURNEY-04326,CUST-04326,2025-02-20 05:23:00,2025-03-02 11:52:00,Organic Social,Paid Search,LinkedIn Organic,Competitor Search,5,5,1,1,156.69,246.48,2025-03-02 11:52:00,10.27,Organic Social > Display > Paid Social > Email > Paid Search
JOURNEY-04327,CUST-04327,2025-05-05 02:38:00,2025-05-06 11:10:00,Paid Social,Email,Instagram Ads,Promotional Email,4,3,1,1,48.34,32.53,2025-05-06 11:10:00,1.36,Paid Social > Paid Search > Email > Email
JOURNEY-04328,CUST-04328,2025-04-02 12:52:00,2025-04-09 04:42:00,Organic Search,Email,Product Pages,Welcome Series,4,4,0,0,0.0,159.83,,,Organic Search > Paid Social > Direct > Email
JOURNEY-04329,CUST-04329,2025-01-09 18:07:00,2025-01-15 15:44:00,Display,Direct,Prospecting,Direct Visit,3,3,1,1,154.62,141.62,2025-01-15 15:44:00,5.9,Display > Email > Direct
JOURNEY-04330,CUST-04330,2025-04-25 23:42:00,2025-05-10 10:10:00,Organic Search,Email,Product Pages,Welcome Series,8,6,1,1,93.68,346.47,2025-05-10 10:10:00,14.44,Organic Search > Paid Search > Referral > Organic Social > Paid Social > Paid Social > Organic Search > Email
JOURNEY-04331,CUST-04331,2025-03-13 03:09:00,2025-03-13 03:09:00,Paid Search,Paid Search,Competitor Search,Competitor Search,1,1,1,1,106.06,0.0,2025-03-13 03:09:00,0.0,Paid Search
JOURNEY-04332,CUST-04332,2025-02-25 15:55:00,2025-02-27 19:50:00,Referral,Direct,Partner Website,Direct Visit,3,3,0,0,0.0,51.92,,,Referral > Paid Social > Direct
JOURNEY-04333,CUST-04333,2025-02-16 11:37:00,2025-02-20 08:04:00,Paid Search,Direct,Brand Search,Direct Visit,2,2,0,0,0.0,92.45,,,Paid Search > Direct
JOURNEY-04334,CUST-04334,2025-05-12 09:53:00,2025-05-15 13:26:00,Direct,Paid Social,Direct Visit,Facebook Ads,3,3,0,0,0.0,75.55,,,Direct > Organic Search > Paid Social
JOURNEY-04335,CUST-04335,2025-05-31 15:43:00,2025-05-31 15:43:00,Paid Search,Paid Search,Brand Search,Brand Search,1,1,1,1,178.71,0.0,2025-05-31 15:43:00,0.0,Paid Search
JOURNEY-04336,CUST-04336,2025-06-07 14:40:00,2025-06-09 02:35:00,Organic Search,Referral,Product Pages,Affiliate,2,2,0,0,0.0,35.92,,,Organic Search > Referral
JOURNEY-04337,CUST-04337,2025-05-02 13:10:00,2025-05-05 15:36:00,Paid Search,Email,Brand Search,Promotional Email,3,3,0,0,0.0,74.43,,,Paid Search > Organic Social > Email
JOURNEY-04338,CUST-04338,2025-06-08 22:41:00,2025-06-09 13:13:00,Direct,Paid Search,Direct Visit,Product Search,2,2,0,0,0.0,14.53,,,Direct > Paid Search
JOURNEY-04339,CUST-04339,2025-04-10 04:10:00,2025-04-10 04:10:00,Paid Social,Paid Social,Facebook Ads,Facebook Ads,1,1,0,0,0.0,0.0,,,Paid Social
JOURNEY-04340,CUST-04340,2025-05-01 13:53:00,2025-05-05 15:11:00,Email,Paid Search,Promotional Email,Brand Search,3,3,0,0,0.0,97.3,,,Email > Paid Social > Paid Search
JOURNEY-04341,CUST-04341,2025-04-28 22:05:00,2025-05-05 18:08:00,Paid Search,Direct,Competitor Search,Direct Visit,3,3,0,0,0.0,164.05,,,Paid Search > Email > Direct
JOURNEY-04342,CUST-04342,2025-04-08 01:01:00,2025-04-08 01:01:00,Paid Social,Paid Social,LinkedIn Ads,LinkedIn Ads,1,1,0,0,0.0,0.0,,,Paid Social
JOURNEY-04343,CUST-04343,2025-06-08 18:04:00,2025-06-12 16:36:00,Display,Display,Retargeting,Retargeting,2,1,0,0,0.0,94.53,,,Display > Display
JOURNEY-04344,CUST-04344,2025-05-26 10:08:00,2025-06-02 04:40:00,Paid Social,Display,Instagram Ads,Prospecting,5,5,0,0,0.0,162.53,,,Paid Social > Paid Search > Direct > Organic Social > Display
JOURNEY-04345,CUST-04345,2025-02-17 03:44:00,2025-02-18 18:26:00,Organic Search,Email,Educational Content,Promotional Email,2,2,0,0,0.0,38.7,,,Organic Search > Email
JOURNEY-04346,CUST-04346,2025-06-12 11:48:00,2025-06-16 05:56:00,Referral,Email,Customer Referral,Welcome Series,3,3,0,0,0.0,90.13,,,Referral > Display > Email
JOURNEY-04347,CUST-04347,2025-01-26 17:08:00,2025-01-29 15:59:00,Paid Search,Paid Social,Competitor Search,Instagram Ads,3,3,0,0,0.0,70.85,,,Paid Search > Direct > Paid Social
JOURNEY-04348,CUST-04348,2025-05-15 18:16:00,2025-05-19 12:50:00,Organic Search,Paid Social,SEO Blog,Instagram Ads,2,2,0,0,0.0,90.57,,,Organic Search > Paid Social
JOURNEY-04349,CUST-04349,2025-04-06 14:47:00,2025-04-14 21:34:00,Paid Social,Paid Search,LinkedIn Ads,Competitor Search,5,4,0,0,0.0,198.78,,,Paid Social > Paid Search > Organic Search > Email > Paid Search
JOURNEY-04350,CUST-04350,2025-05-26 11:20:00,2025-05-27 02:37:00,Paid Search,Organic Social,Brand Search,TikTok Organic,2,2,1,1,47.64,15.28,2025-05-27 02:37:00,0.64,Paid Search > Organic Social
JOURNEY-04351,CUST-04351,2025-04-15 12:22:00,2025-04-27 14:09:00,Paid Social,Email,LinkedIn Ads,Promotional Email,5,4,1,1,132.37,289.78,2025-04-27 14:09:00,12.07,Paid Social > Email > Organic Social > Organic Search > Email
JOURNEY-04352,CUST-04352,2025-05-04 14:13:00,2025-05-12 19:58:00,Organic Search,Display,Educational Content,Prospecting,4,3,0,0,0.0,197.75,,,Organic Search > Paid Search > Organic Search > Display
JOURNEY-04353,CUST-04353,2025-04-21 19:30:00,2025-04-24 00:27:00,Direct,Referral,Direct Visit,Affiliate,2,2,0,0,0.0,52.95,,,Direct > Referral
JOURNEY-04354,CUST-04354,2025-04-11 18:02:00,2025-04-21 09:49:00,Organic Search,Referral,Educational Content,Partner Website,7,6,0,0,0.0,231.78,,,Organic Search > Direct > Display > Organic Search > Email > Paid Search > Referral
JOURNEY-04355,CUST-04355,2025-03-04 15:29:00,2025-03-11 04:08:00,Referral,Referral,Customer Referral,Affiliate,3,2,0,0,0.0,156.65,,,Referral > Email > Referral
JOURNEY-04356,CUST-04356,2025-01-12 05:52:00,2025-01-13 22:01:00,Display,Email,Banner Campaign,Promotional Email,2,2,1,1,60.22,40.15,2025-01-13 22:01:00,1.67,Display > Email
JOURNEY-04357,CUST-04357,2025-02-27 13:46:00,2025-03-08 15:54:00,Organic Search,Direct,Product Pages,Direct Visit,5,4,0,0,0.0,218.13,,,Organic Search > Paid Search > Paid Social > Organic Search > Direct
JOURNEY-04358,CUST-04358,2025-06-25 00:31:00,2025-06-29 10:14:00,Organic Search,Direct,Product Pages,Direct Visit,4,4,0,0,0.0,105.72,,,Organic Search > Paid Search > Paid Social > Direct
JOURNEY-04359,CUST-04359,2025-04-04 12:22:00,2025-04-07 21:37:00,Direct,Organic Social,Direct Visit,Instagram Organic,3,3,0,0,0.0,81.25,,,Direct > Paid Social > Organic Social
JOURNEY-04360,CUST-04360,2025-03-18 20:36:00,2025-03-24 20:13:00,Direct,Organic Search,Direct Visit,Product Pages,4,4,0,0,0.0,143.62,,,Direct > Organic Social > Referral > Organic Search
JOURNEY-04361,CUST-04361,2025-03-31 11:46:00,2025-04-20 08:30:00,Paid Search,Organic Social,Product Search,Instagram Organic,8,7,0,0,0.0,476.73,,,Paid Search > Organic Search > Direct > Paid Search > Referral > Email > Display > Organic Social
JOURNEY-04362,CUST-04362,2025-02-21 15:39:00,2025-02-27 11:24:00,Paid Social,Organic Social,LinkedIn Ads,Instagram Organic,4,4,0,0,0.0,139.75,,,Paid Social > Organic Search > Paid Search > Organic Social
JOURNEY-04363,CUST-04363,2025-01-18 17:49:00,2025-01-20 22:40:00,Organic Search,Organic Social,Educational Content,Instagram Organic,2,2,0,0,0.0,52.85,,,Organic Search > Organic Social
JOURNEY-04364,CUST-04364,2025-05-08 20:29:00,2025-05-16 09:22:00,Organic Social,Paid Search,TikTok Organic,Competitor Search,4,3,1,1,65.74,180.88,2025-05-16 09:22:00,7.54,Organic Social > Paid Search > Email > Paid Search
JOURNEY-04365,CUST-04365,2025-01-05 19:48:00,2025-01-08 12:45:00,Direct,Referral,Direct Visit,Partner Website,2,2,0,0,0.0,64.95,,,Direct > Referral
JOURNEY-04366,CUST-04366,2025-02-18 09:34:00,2025-02-20 15:39:00,Referral,Display,Customer Referral,Banner Campaign,2,2,0,0,0.0,54.08,,,Referral > Display
JOURNEY-04367,CUST-04367,2025-06-20 08:05:00,2025-06-28 02:03:00,Email,Organic Search,Promotional Email,Product Pages,5,4,1,1,93.44,185.97,2025-06-28 02:03:00,7.75,Email > Direct > Display > Direct > Organic Search
JOURNEY-04368,CUST-04368,2025-04-18 10:26:00,2025-04-27 22:55:00,Organic Social,Direct,TikTok Organic,Direct Visit,5,4,0,0,0.0,228.48,,,Organic Social > Referral > Direct > Paid Social > Direct
JOURNEY-04369,CUST-04369,2025-04-23 16:01:00,2025-04-26 08:29:00,Paid Search,Paid Search,Product Search,Competitor Search,2,1,0,0,0.0,64.47,,,Paid Search > Paid Search
JOURNEY-04370,CUST-04370,2025-05-30 19:48:00,2025-06-04 12:44:00,Paid Social,Email,Facebook Ads,Newsletter,3,2,0,0,0.0,112.93,,,Paid Social > Paid Social > Email
JOURNEY-04371,CUST-04371,2025-03-01 14:48:00,2025-03-11 23:28:00,Organic Social,Email,Instagram Organic,Promotional Email,5,5,0,0,0.0,248.67,,,Organic Social > Direct > Organic Search > Referral > Email
JOURNEY-04372,CUST-04372,2025-04-28 07:59:00,2025-04-28 07:59:00,Display,Display,Banner Campaign,Banner Campaign,1,1,0,0,0.0,0.0,,,Display
JOURNEY-04373,CUST-04373,2025-03-02 02:35:00,2025-03-07 21:50:00,Paid Search,Email,Product Search,Promotional Email,4,4,1,1,57.4,139.25,2025-03-07 21:50:00,5.8,Paid Search > Organic Social > Direct > Email
JOURNEY-04374,CUST-04374,2025-02-04 00:19:00,2025-02-06 20:48:00,Referral,Paid Search,Partner Website,Competitor Search,4,4,0,0,0.0,68.48,,,Referral > Paid Social > Organic Social > Paid Search
JOURNEY-04375,CUST-04375,2025-05-15 07:31:00,2025-05-15 21:18:00,Paid Search,Direct,Competitor Search,Direct Visit,2,2,0,0,0.0,13.78,,,Paid Search > Direct
JOURNEY-04376,CUST-04376,2025-01-10 04:09:00,2025-01-25 05:54:00,Organic Social,Referral,LinkedIn Organic,Partner Website,7,5,0,0,0.0,361.75,,,Organic Social > Paid Search > Referral > Paid Search > Direct > Email > Referral
JOURNEY-04377,CUST-04377,2025-06-21 01:32:00,2025-06-23 07:55:00,Paid Search,Display,Product Search,Prospecting,3,3,0,0,0.0,54.38,,,Paid Search > Email > Display
JOURNEY-04378,CUST-04378,2025-02-09 01:00:00,2025-02-18 06:38:00,Paid Social,Organic Search,Facebook Ads,Product Pages,4,3,0,0,0.0,221.63,,,Paid Social > Organic Search > Email > Organic Search
JOURNEY-04379,CUST-04379,2025-04-14 00:47:00,2025-04-20 23:46:00,Paid Search,Paid Social,Product Search,Instagram Ads,5,4,0,0,0.0,166.98,,,Paid Search > Email > Direct > Paid Search > Paid Social
JOURNEY-04380,CUST-04380,2025-01-15 17:12:00,2025-01-23 01:10:00,Direct,Referral,Direct Visit,Partner Website,4,3,1,1,152.13,175.97,2025-01-23 01:10:00,7.33,Direct > Email > Direct > Referral
JOURNEY-04381,CUST-04381,2025-03-20 00:13:00,2025-03-26 17:14:00,Organic Social,Paid Social,TikTok Organic,LinkedIn Ads,3,3,1,1,99.12,161.02,2025-03-26 17:14:00,6.71,Organic Social > Organic Search > Paid Social
JOURNEY-04382,CUST-04382,2025-01-15 05:04:00,2025-01-15 05:04:00,Referral,Referral,Customer Referral,Customer Referral,1,1,0,0,0.0,0.0,,,Referral
JOURNEY-04383,CUST-04383,2025-02-23 19:42:00,2025-02-25 02:05:00,Email,Direct,Welcome Series,Direct Visit,2,2,0,0,0.0,30.38,,,Email > Direct
JOURNEY-04384,CUST-04384,2025-02-09 07:35:00,2025-02-10 10:55:00,Paid Search,Email,Brand Search,Welcome Series,3,3,0,0,0.0,27.33,,,Paid Search > Direct > Email
JOURNEY-04385,CUST-04385,2025-01-18 04:19:00,2025-01-28 17:47:00,Organic Search,Email,Product Pages,Promotional Email,5,5,0,0,0.0,253.47,,,Organic Search > Direct > Referral > Display > Email
JOURNEY-04386,CUST-04386,2025-03-02 07:11:00,2025-03-07 09:17:00,Paid Search,Paid Social,Competitor Search,LinkedIn Ads,3,3,0,0,0.0,122.1,,,Paid Search > Display > Paid Social
JOURNEY-04387,CUST-04387,2025-03-15 20:07:00,2025-03-21 11:06:00,Paid Social,Organic Search,Instagram Ads,Product Pages,4,4,0,0,0.0,134.98,,,Paid Social > Paid Search > Organic Social > Organic Search
JOURNEY-04388,CUST-04388,2025-02-04 09:43:00,2025-02-05 09:23:00,Paid Search,Paid Search,Product Search,Brand Search,3,2,0,0,0.0,23.67,,,Paid Search > Display > Paid Search
JOURNEY-04389,CUST-04389,2025-03-24 14:33:00,2025-03-24 14:33:00,Direct,Direct,Direct Visit,Direct Visit,1,1,0,0,0.0,0.0,,,Direct
JOURNEY-04390,CUST-04390,2025-04-21 10:28:00,2025-04-24 03:37:00,Email,Organic Search,Welcome Series,Product Pages,3,3,0,0,0.0,65.15,,,Email > Direct > Organic Search
JOURNEY-04391,CUST-04391,2025-04-12 13:02:00,2025-04-12 13:02:00,Referral,Referral,Affiliate,Affiliate,1,1,0,0,0.0,0.0,,,Referral
JOURNEY-04392,CUST-04392,2025-01-26 03:53:00,2025-02-04 12:14:00,Paid Social,Direct,Facebook Ads,Direct Visit,4,4,0,0,0.0,224.35,,,Paid Social > Organic Search > Email > Direct
JOURNEY-04393,CUST-04393,2025-06-01 04:24:00,2025-06-06 08:03:00,Referral,Display,Customer Referral,Retargeting,4,4,0,0,0.0,123.65,,,Referral > Organic Social > Paid Social > Display
JOURNEY-04394,CUST-04394,2025-04-27 22:16:00,2025-04-27 22:16:00,Direct,Direct,Direct Visit,Direct Visit,1,1,0,0,0.0,0.0,,,Direct
JOURNEY-04395,CUST-04395,2025-06-04 23:30:00,2025-06-06 12:24:00,Paid Search,Display,Competitor Search,Prospecting,3,3,0,0,0.0,36.9,,,Paid Search > Direct > Display
JOURNEY-04396,CUST-04396,2025-02-26 11:55:00,2025-03-02 08:42:00,Display,Paid Search,Banner Campaign,Brand Search,2,2,0,0,0.0,92.78,,,Display > Paid Search
JOURNEY-04397,CUST-04397,2025-03-23 10:48:00,2025-03-25 15:12:00,Direct,Organic Search,Direct Visit,Product Pages,2,2,0,0,0.0,52.4,,,Direct > Organic Search
JOURNEY-04398,CUST-04398,2025-06-15 04:10:00,2025-06-16 12:54:00,Organic Social,Referral,TikTok Organic,Partner Website,2,2,0,0,0.0,32.73,,,Organic Social > Referral
JOURNEY-04399,CUST-04399,2025-01-07 03:35:00,2025-01-14 19:16:00,Paid Social,Direct,LinkedIn Ads,Direct Visit,4,4,0,0,0.0,183.68,,,Paid Social > Paid Search > Referral > Direct
JOURNEY-04400,CUST-04400,2025-03-26 00:15:00,2025-03-29 02:03:00,Direct,Paid Search,Direct Visit,Competitor Search,2,2,0,0,0.0,73.8,,,Direct > Paid Search
JOURNEY-04401,CUST-04401,2025-01-18 06:09:00,2025-01-23 20:59:00,Organic Search,Referral,Product Pages,Affiliate,4,4,1,1,64.78,134.83,2025-01-23 20:59:00,5.62,Organic Search > Organic Social > Display > Referral
JOURNEY-04402,CUST-04402,2025-02-19 05:42:00,2025-02-19 13:34:00,Organic Social,Display,Instagram Organic,Prospecting,2,2,0,0,0.0,7.87,,,Organic Social > Display
JOURNEY-04403,CUST-04403,2025-03-01 19:00:00,2025-03-07 09:55:00,Organic Social,Organic Social,TikTok Organic,TikTok Organic,3,2,1,1,69.36,134.92,2025-03-07 09:55:00,5.62,Organic Social > Display > Organic Social
JOURNEY-04404,CUST-04404,2025-04-28 22:56:00,2025-05-02 02:18:00,Paid Search,Email,Competitor Search,Welcome Series,4,4,1,1,205.95,75.37,2025-05-02 02:18:00,3.14,Paid Search > Paid Social > Referral > Email
JOURNEY-04405,CUST-04405,2025-04-04 09:04:00,2025-04-08 02:16:00,Organic Social,Organic Social,TikTok Organic,LinkedIn Organic,2,1,0,0,0.0,89.2,,,Organic Social > Organic Social
JOURNEY-04406,CUST-04406,2025-05-06 04:03:00,2025-05-09 01:17:00,Display,Paid Search,Banner Campaign,Competitor Search,2,2,0,0,0.0,69.23,,,Display > Paid Search
JOURNEY-04407,CUST-04407,2025-02-26 08:30:00,2025-03-08 04:51:00,Email,Direct,Newsletter,Direct Visit,7,6,1,1,136.18,236.35,2025-03-08 04:51:00,9.85,Email > Organic Search > Display > Organic Social > Email > Referral > Direct
JOURNEY-04408,CUST-04408,2025-02-04 18:36:00,2025-02-07 04:57:00,Paid Social,Email,LinkedIn Ads,Welcome Series,4,4,1,1,113.71,58.35,2025-02-07 04:57:00,2.43,Paid Social > Paid Search > Direct > Email
JOURNEY-04409,CUST-04409,2025-02-09 00:04:00,2025-02-13 09:14:00,Paid Search,Organic Social,Competitor Search,TikTok Organic,3,3,0,0,0.0,105.17,,,Paid Search > Organic Search > Organic Social
JOURNEY-04410,CUST-04410,2025-01-11 02:09:00,2025-01-17 18:29:00,Paid Social,Email,LinkedIn Ads,Promotional Email,3,3,1,1,122.27,160.33,2025-01-17 18:29:00,6.68,Paid Social > Referral > Email
JOURNEY-04411,CUST-04411,2025-02-07 15:24:00,2025-02-15 07:04:00,Email,Paid Search,Welcome Series,Product Search,5,4,0,0,0.0,183.67,,,Email > Direct > Paid Search > Organic Social > Paid Search
JOURNEY-04412,CUST-04412,2025-05-26 04:08:00,2025-06-04 03:23:00,Paid Social,Paid Social,Instagram Ads,LinkedIn Ads,4,3,0,0,0.0,215.25,,,Paid Social > Referral > Organic Search > Paid Social
JOURNEY-04413,CUST-04413,2025-06-19 02:14:00,2025-06-24 17:32:00,Direct,Organic Social,Direct Visit,LinkedIn Organic,4,4,0,0,0.0,135.3,,,Direct > Display > Paid Search > Organic Social
JOURNEY-04414,CUST-04414,2025-02-15 02:14:00,2025-02-17 17:35:00,Paid Social,Paid Social,Instagram Ads,Instagram Ads,3,2,0,0,0.0,63.35,,,Paid Social > Organic Search > Paid Social
JOURNEY-04415,CUST-04415,2025-05-16 00:19:00,2025-05-17 10:28:00,Paid Search,Email,Competitor Search,Newsletter,2,2,0,0,0.0,34.15,,,Paid Search > Email
JOURNEY-04416,CUST-04416,2025-02-11 08:20:00,2025-02-15 01:07:00,Paid Search,Referral,Competitor Search,Partner Website,3,3,0,0,0.0,88.78,,,Paid Search > Email > Referral
JOURNEY-04417,CUST-04417,2025-01-14 19:40:00,2025-01-21 20:47:00,Organic Search,Referral,Product Pages,Affiliate,4,3,1,1,192.43,169.12,2025-01-21 20:47:00,7.05,Organic Search > Referral > Paid Social > Referral
JOURNEY-04418,CUST-04418,2025-06-22 06:42:00,2025-06-23 13:24:00,Referral,Organic Search,Affiliate,Educational Content,2,2,0,0,0.0,30.7,,,Referral > Organic Search
JOURNEY-04419,CUST-04419,2025-01-21 13:23:00,2025-02-01 12:10:00,Organic Search,Display,SEO Blog,Prospecting,6,4,1,1,116.85,262.78,2025-02-01 12:10:00,10.95,Organic Search > Referral > Display > Organic Search > Email > Display
JOURNEY-04420,CUST-04420,2025-01-14 10:52:00,2025-01-18 23:32:00,Direct,Organic Social,Direct Visit,LinkedIn Organic,4,4,1,1,209.88,108.67,2025-01-18 23:32:00,4.53,Direct > Email > Organic Search > Organic Social
JOURNEY-04421,CUST-04421,2025-04-04 02:26:00,2025-04-12 05:38:00,Direct,Organic Social,Direct Visit,TikTok Organic,5,4,1,1,212.5,195.2,2025-04-12 05:38:00,8.13,Direct > Paid Social > Direct > Referral > Organic Social
JOURNEY-04422,CUST-04422,2025-06-01 11:43:00,2025-06-08 16:08:00,Organic Search,Direct,SEO Blog,Direct Visit,5,4,1,1,92.6,172.42,2025-06-08 16:08:00,7.18,Organic Search > Paid Social > Direct > Email > Direct
JOURNEY-04423,CUST-04423,2025-05-27 18:08:00,2025-06-06 19:35:00,Email,Organic Social,Welcome Series,LinkedIn Organic,7,5,0,0,0.0,241.45,,,Email > Paid Social > Paid Search > Paid Social > Email > Direct > Organic Social
JOURNEY-04424,CUST-04424,2025-05-09 02:30:00,2025-05-12 22:54:00,Referral,Organic Search,Partner Website,SEO Blog,4,3,1,1,80.56,92.4,2025-05-12 22:54:00,3.85,Referral > Paid Social > Organic Search > Organic Search
JOURNEY-04425,CUST-04425,2025-02-09 12:09:00,2025-02-12 10:32:00,Display,Display,Retargeting,Retargeting,3,2,1,1,316.14,70.38,2025-02-12 10:32:00,2.93,Display > Paid Social > Display
JOURNEY-04426,CUST-04426,2025-04-09 22:14:00,2025-04-16 11:33:00,Display,Paid Social,Banner Campaign,Facebook Ads,4,3,0,0,0.0,157.32,,,Display > Paid Social > Paid Search > Paid Social
JOURNEY-04427,CUST-04427,2025-03-11 15:27:00,2025-03-15 12:19:00,Direct,Referral,Direct Visit,Customer Referral,3,3,0,0,0.0,92.87,,,Direct > Paid Search > Referral
JOURNEY-04428,CUST-04428,2025-06-18 09:48:00,2025-06-27 04:54:00,Referral,Email,Partner Website,Welcome Series,5,5,0,0,0.0,211.1,,,Referral > Organic Search > Direct > Paid Search > Email
JOURNEY-04429,CUST-04429,2025-06-04 21:31:00,2025-06-10 13:21:00,Email,Email,Welcome Series,Promotional Email,3,2,0,0,0.0,135.83,,,Email > Paid Search > Email
JOURNEY-04430,CUST-04430,2025-02-17 14:50:00,2025-02-18 20:43:00,Paid Social,Organic Search,Instagram Ads,Educational Content,3,3,0,0,0.0,29.88,,,Paid Social > Email > Organic Search
JOURNEY-04431,CUST-04431,2025-02-23 19:04:00,2025-03-02 21:44:00,Email,Display,Newsletter,Prospecting,3,2,1,1,103.73,170.67,2025-03-02 21:44:00,7.11,Email > Email > Display
JOURNEY-04432,CUST-04432,2025-02-28 09:59:00,2025-03-02 05:05:00,Display,Paid Search,Prospecting,Product Search,3,3,0,0,0.0,43.1,,,Display > Email > Paid Search
JOURNEY-04433,CUST-04433,2025-06-10 12:40:00,2025-06-10 12:40:00,Email,Email,Promotional Email,Promotional Email,1,1,0,0,0.0,0.0,,,Email
JOURNEY-04434,CUST-04434,2025-02-27 06:34:00,2025-03-04 07:01:00,Paid Social,Paid Search,Instagram Ads,Competitor Search,3,3,1,1,124.53,120.45,2025-03-04 07:01:00,5.02,Paid Social > Direct > Paid Search
JOURNEY-04435,CUST-04435,2025-03-19 11:52:00,2025-03-28 01:36:00,Paid Social,Paid Social,Instagram Ads,LinkedIn Ads,4,2,0,0,0.0,205.73,,,Paid Social > Paid Social > Organic Social > Paid Social
JOURNEY-04436,CUST-04436,2025-05-08 13:18:00,2025-05-11 06:00:00,Paid Social,Organic Search,Facebook Ads,Educational Content,2,2,0,0,0.0,64.7,,,Paid Social > Organic Search
JOURNEY-04437,CUST-04437,2025-05-16 15:25:00,2025-05-16 15:25:00,Email,Email,Promotional Email,Promotional Email,1,1,1,1,211.81,0.0,2025-05-16 15:25:00,0.0,Email
JOURNEY-04438,CUST-04438,2025-06-26 22:54:00,2025-06-26 22:54:00,Organic Search,Organic Search,SEO Blog,SEO Blog,1,1,0,0,0.0,0.0,,,Organic Search
JOURNEY-04439,CUST-04439,2025-02-12 15:55:00,2025-02-25 10:00:00,Display,Direct,Banner Campaign,Direct Visit,7,5,1,1,211.25,306.08,2025-02-25 10:00:00,12.75,Display > Paid Search > Display > Organic Search > Email > Display > Direct
JOURNEY-04440,CUST-04440,2025-01-07 15:00:00,2025-01-08 02:46:00,Organic Social,Paid Social,LinkedIn Organic,Instagram Ads,2,2,0,0,0.0,11.77,,,Organic Social > Paid Social
JOURNEY-04441,CUST-04441,2025-04-11 00:20:00,2025-04-15 03:30:00,Organic Search,Paid Social,Product Pages,Facebook Ads,3,3,1,1,132.2,99.17,2025-04-15 03:30:00,4.13,Organic Search > Email > Paid Social
JOURNEY-04442,CUST-04442,2025-06-12 06:50:00,2025-06-12 06:50:00,Display,Display,Prospecting,Prospecting,1,1,0,0,0.0,0.0,,,Display
JOURNEY-04443,CUST-04443,2025-03-07 12:41:00,2025-03-12 03:39:00,Paid Social,Paid Search,Facebook Ads,Brand Search,3,3,0,0,0.0,110.97,,,Paid Social > Direct > Paid Search
JOURNEY-04444,CUST-04444,2025-02-17 08:48:00,2025-02-17 08:48:00,Paid Search,Paid Search,Brand Search,Brand Search,1,1,0,0,0.0,0.0,,,Paid Search
JOURNEY-04445,CUST-04445,2025-03-15 14:50:00,2025-03-27 10:15:00,Organic Search,Organic Social,Educational Content,Instagram Organic,6,5,1,1,116.54,283.42,2025-03-27 10:15:00,11.81,Organic Search > Email > Direct > Email > Paid Social > Organic Social
JOURNEY-04446,CUST-04446,2025-04-19 18:04:00,2025-04-28 11:44:00,Paid Social,Display,Facebook Ads,Retargeting,4,3,1,1,94.18,209.67,2025-04-28 11:44:00,8.74,Paid Social > Display > Referral > Display
JOURNEY-04447,CUST-04447,2025-03-20 13:44:00,2025-03-26 22:44:00,Direct,Email,Direct Visit,Newsletter,5,3,1,1,258.24,153.0,2025-03-26 22:44:00,6.38,Direct > Email > Direct > Display > Email
JOURNEY-04448,CUST-04448,2025-05-02 02:54:00,2025-05-03 23:56:00,Display,Email,Banner Campaign,Welcome Series,3,3,0,0,0.0,45.03,,,Display > Paid Search > Email
JOURNEY-04449,CUST-04449,2025-01-18 19:23:00,2025-02-02 04:12:00,Paid Search,Referral,Brand Search,Partner Website,8,6,0,0,0.0,344.82,,,Paid Search > Paid Social > Organic Social > Organic Search > Direct > Organic Social > Paid Social > Referral
JOURNEY-04450,CUST-04450,2025-04-27 07:51:00,2025-05-02 09:41:00,Direct,Display,Direct Visit,Banner Campaign,4,3,1,1,179.08,121.83,2025-05-02 09:41:00,5.08,Direct > Direct > Paid Social > Display
JOURNEY-04451,CUST-04451,2025-04-25 09:31:00,2025-04-25 09:31:00,Paid Search,Paid Search,Product Search,Product Search,1,1,0,0,0.0,0.0,,,Paid Search
JOURNEY-04452,CUST-04452,2025-06-11 01:52:00,2025-06-18 07:00:00,Email,Organic Social,Newsletter,TikTok Organic,4,3,1,1,236.42,173.13,2025-06-18 07:00:00,7.21,Email > Email > Organic Search > Organic Social
JOURNEY-04453,CUST-04453,2025-03-31 00:33:00,2025-04-05 10:17:00,Paid Social,Email,Facebook Ads,Welcome Series,3,3,0,0,0.0,129.73,,,Paid Social > Paid Search > Email
JOURNEY-04454,CUST-04454,2025-06-12 15:58:00,2025-06-15 14:33:00,Paid Search,Organic Social,Competitor Search,Instagram Organic,4,3,0,0,0.0,70.58,,,Paid Search > Organic Search > Paid Search > Organic Social
JOURNEY-04455,CUST-04455,2025-05-19 18:48:00,2025-05-28 19:12:00,Organic Search,Organic Social,Product Pages,LinkedIn Organic,4,4,1,1,67.01,216.4,2025-05-28 19:12:00,9.02,Organic Search > Paid Search > Display > Organic Social
JOURNEY-04456,CUST-04456,2025-06-29 02:53:00,2025-07-01 17:15:00,Organic Social,Display,LinkedIn Organic,Retargeting,4,4,0,0,0.0,62.37,,,Organic Social > Paid Search > Direct > Display
JOURNEY-04457,CUST-04457,2025-06-25 00:34:00,2025-06-28 04:19:00,Referral,Referral,Affiliate,Customer Referral,4,3,0,0,0.0,75.75,,,Referral > Paid Social > Organic Social > Referral
JOURNEY-04458,CUST-04458,2025-06-01 10:51:00,2025-06-10 15:51:00,Organic Search,Organic Social,Product Pages,LinkedIn Organic,5,4,0,0,0.0,221.0,,,Organic Search > Email > Email > Paid Social > Organic Social
JOURNEY-04459,CUST-04459,2025-03-31 20:02:00,2025-04-04 23:48:00,Paid Search,Display,Brand Search,Banner Campaign,3,3,0,0,0.0,99.77,,,Paid Search > Paid Social > Display
JOURNEY-04460,CUST-04460,2025-03-08 08:39:00,2025-03-12 09:14:00,Email,Paid Search,Welcome Series,Product Search,3,3,0,0,0.0,96.58,,,Email > Direct > Paid Search
JOURNEY-04461,CUST-04461,2025-04-19 00:24:00,2025-04-30 07:33:00,Email,Paid Search,Promotional Email,Competitor Search,7,6,0,0,0.0,271.15,,,Email > Direct > Organic Search > Organic Social > Paid Search > Display > Paid Search
JOURNEY-04462,CUST-04462,2025-02-03 03:15:00,2025-02-13 10:38:00,Paid Social,Paid Social,Facebook Ads,LinkedIn Ads,6,3,0,0,0.0,247.38,,,Paid Social > Direct > Direct > Paid Social > Email > Paid Social
JOURNEY-04463,CUST-04463,2025-01-24 16:59:00,2025-01-31 00:58:00,Organic Social,Email,TikTok Organic,Promotional Email,3,3,0,0,0.0,151.98,,,Organic Social > Paid Search > Email
JOURNEY-04464,CUST-04464,2025-05-24 21:00:00,2025-06-01 04:24:00,Display,Display,Retargeting,Banner Campaign,3,2,0,0,0.0,175.4,,,Display > Paid Search > Display
JOURNEY-04465,CUST-04465,2025-01-03 11:14:00,2025-01-12 09:36:00,Email,Email,Promotional Email,Promotional Email,5,4,0,0,0.0,214.37,,,Email > Referral > Paid Search > Organic Search > Email
JOURNEY-04466,CUST-04466,2025-02-20 01:56:00,2025-02-22 14:15:00,Paid Search,Paid Search,Brand Search,Product Search,3,2,1,1,601.83,60.32,2025-02-22 14:15:00,2.51,Paid Search > Display > Paid Search
JOURNEY-04467,CUST-04467,2025-05-17 01:59:00,2025-05-30 08:28:00,Organic Social,Paid Search,LinkedIn Organic,Competitor Search,6,6,0,0,0.0,318.48,,,Organic Social > Referral > Email > Paid Social > Organic Search > Paid Search
JOURNEY-04468,CUST-04468,2025-01-03 04:28:00,2025-01-03 15:28:00,Referral,Paid Social,Customer Referral,Facebook Ads,2,2,0,0,0.0,11.0,,,Referral > Paid Social
JOURNEY-04469,CUST-04469,2025-05-20 05:01:00,2025-05-27 14:31:00,Organic Social,Display,TikTok Organic,Retargeting,5,4,0,0,0.0,177.5,,,Organic Social > Display > Direct > Email > Display
JOURNEY-04470,CUST-04470,2025-02-13 21:45:00,2025-02-20 20:05:00,Paid Search,Direct,Brand Search,Direct Visit,4,4,0,0,0.0,166.33,,,Paid Search > Organic Search > Paid Social > Direct
JOURNEY-04471,CUST-04471,2025-01-02 00:51:00,2025-01-14 01:10:00,Organic Search,Organic Social,Product Pages,Instagram Organic,7,5,1,1,72.12,288.32,2025-01-14 01:10:00,12.01,Organic Search > Paid Search > Referral > Organic Search > Organic Search > Email > Organic Social
JOURNEY-04472,CUST-04472,2025-05-23 06:10:00,2025-05-26 11:03:00,Organic Search,Organic Social,Product Pages,LinkedIn Organic,4,4,0,0,0.0,76.88,,,Organic Search > Email > Paid Social > Organic Social
JOURNEY-04473,CUST-04473,2025-04-28 12:04:00,2025-05-09 02:00:00,Display,Email,Retargeting,Newsletter,5,5,0,0,0.0,253.93,,,Display > Direct > Referral > Organic Search > Email
JOURNEY-04474,CUST-04474,2025-06-09 09:57:00,2025-06-10 18:17:00,Direct,Direct,Direct Visit,Direct Visit,2,1,0,0,0.0,32.33,,,Direct > Direct
JOURNEY-04475,CUST-04475,2025-06-22 10:00:00,2025-06-24 17:28:00,Referral,Paid Search,Partner Website,Brand Search,3,3,1,1,53.53,55.47,2025-06-24 17:28:00,2.31,Referral > Organic Search > Paid Search
JOURNEY-04476,CUST-04476,2025-01-07 01:21:00,2025-01-12 16:54:00,Paid Search,Paid Search,Product Search,Brand Search,6,4,1,1,92.3,135.55,2025-01-12 16:54:00,5.65,Paid Search > Direct > Direct > Organic Search > Email > Paid Search
JOURNEY-04477,CUST-04477,2025-02-15 01:15:00,2025-02-18 19:39:00,Email,Display,Welcome Series,Prospecting,2,2,0,0,0.0,90.4,,,Email > Display
JOURNEY-04478,CUST-04478,2025-03-15 21:32:00,2025-03-19 23:38:00,Paid Search,Direct,Brand Search,Direct Visit,3,3,0,0,0.0,98.1,,,Paid Search > Referral > Direct
JOURNEY-04479,CUST-04479,2025-02-06 15:18:00,2025-02-18 06:09:00,Paid Social,Email,Instagram Ads,Promotional Email,6,5,1,1,159.88,278.85,2025-02-18 06:09:00,11.62,Paid Social > Direct > Organic Search > Paid Search > Paid Social > Email
JOURNEY-04480,CUST-04480,2025-05-15 19:08:00,2025-05-19 10:37:00,Organic Social,Paid Social,TikTok Organic,Facebook Ads,2,2,0,0,0.0,87.48,,,Organic Social > Paid Social
JOURNEY-04481,CUST-04481,2025-03-24 13:36:00,2025-04-03 05:59:00,Organic Search,Paid Social,Product Pages,Instagram Ads,4,4,0,0,0.0,232.38,,,Organic Search > Referral > Paid Search > Paid Social
JOURNEY-04482,CUST-04482,2025-05-13 21:32:00,2025-05-19 05:16:00,Paid Search,Organic Search,Competitor Search,Product Pages,4,3,0,0,0.0,127.73,,,Paid Search > Paid Social > Paid Search > Organic Search
JOURNEY-04483,CUST-04483,2025-02-14 19:18:00,2025-02-15 05:29:00,Referral,Email,Customer Referral,Newsletter,2,2,0,0,0.0,10.18,,,Referral > Email
JOURNEY-04484,CUST-04484,2025-02-01 02:30:00,2025-02-09 00:12:00,Paid Search,Email,Competitor Search,Promotional Email,4,3,1,1,91.19,189.7,2025-02-09 00:12:00,7.9,Paid Search > Display > Paid Search > Email
JOURNEY-04485,CUST-04485,2025-03-11 00:43:00,2025-03-12 07:21:00,Organic Social,Referral,LinkedIn Organic,Customer Referral,2,2,0,0,0.0,30.63,,,Organic Social > Referral
JOURNEY-04486,CUST-04486,2025-04-04 05:44:00,2025-04-08 11:17:00,Email,Organic Social,Newsletter,LinkedIn Organic,3,3,0,0,0.0,101.55,,,Email > Paid Search > Organic Social
JOURNEY-04487,CUST-04487,2025-06-22 13:22:00,2025-06-29 05:38:00,Direct,Paid Social,Direct Visit,Instagram Ads,4,4,0,0,0.0,160.27,,,Direct > Organic Search > Referral > Paid Social
JOURNEY-04488,CUST-04488,2025-02-09 17:18:00,2025-02-17 00:36:00,Email,Referral,Promotional Email,Customer Referral,5,4,0,0,0.0,175.3,,,Email > Paid Search > Referral > Direct > Referral
JOURNEY-04489,CUST-04489,2025-03-02 10:59:00,2025-03-04 13:00:00,Organic Search,Referral,Educational Content,Partner Website,4,3,0,0,0.0,50.02,,,Organic Search > Direct > Organic Search > Referral
JOURNEY-04490,CUST-04490,2025-01-17 17:49:00,2025-01-21 20:00:00,Email,Organic Social,Promotional Email,TikTok Organic,3,3,0,0,0.0,98.18,,,Email > Referral > Organic Social
JOURNEY-04491,CUST-04491,2025-05-14 21:09:00,2025-05-27 04:14:00,Direct,Paid Social,Direct Visit,Facebook Ads,5,4,1,1,205.52,295.08,2025-05-27 04:14:00,12.3,Direct > Paid Social > Display > Organic Search > Paid Social
JOURNEY-04492,CUST-04492,2025-06-22 00:49:00,2025-06-28 18:56:00,Direct,Direct,Direct Visit,Direct Visit,5,4,1,1,60.23,162.12,2025-06-28 18:56:00,6.75,Direct > Display > Organic Search > Paid Search > Direct
JOURNEY-04493,CUST-04493,2025-01-13 18:56:00,2025-01-16 17:22:00,Organic Search,Paid Search,Educational Content,Brand Search,3,3,0,0,0.0,70.43,,,Organic Search > Paid Social > Paid Search
JOURNEY-04494,CUST-04494,2025-02-22 10:58:00,2025-02-22 14:05:00,Display,Organic Search,Banner Campaign,Product Pages,2,2,0,0,0.0,3.12,,,Display > Organic Search
JOURNEY-04495,CUST-04495,2025-05-04 13:47:00,2025-05-05 17:15:00,Organic Social,Organic Search,LinkedIn Organic,SEO Blog,2,2,0,0,0.0,27.47,,,Organic Social > Organic Search
JOURNEY-04496,CUST-04496,2025-05-31 07:59:00,2025-06-02 07:42:00,Display,Paid Search,Banner Campaign,Competitor Search,4,3,0,0,0.0,47.72,,,Display > Display > Referral > Paid Search
JOURNEY-04497,CUST-04497,2025-04-24 05:15:00,2025-04-29 05:38:00,Paid Social,Display,Facebook Ads,Banner Campaign,3,3,0,0,0.0,120.38,,,Paid Social > Paid Search > Display
JOURNEY-04498,CUST-04498,2025-01-10 00:19:00,2025-01-12 22:28:00,Paid Social,Direct,LinkedIn Ads,Direct Visit,3,3,1,1,143.73,70.15,2025-01-12 22:28:00,2.92,Paid Social > Paid Search > Direct
JOURNEY-04499,CUST-04499,2025-01-20 15:14:00,2025-01-28 11:43:00,Paid Search,Paid Search,Product Search,Product Search,4,3,1,1,85.35,188.48,2025-01-28 11:43:00,7.85,Paid Search > Referral > Email > Paid Search
JOURNEY-04500,CUST-04500,2025-05-20 08:44:00,2025-05-20 23:22:00,Display,Organic Search,Prospecting,SEO Blog,2,2,0,0,0.0,14.63,,,Display > Organic Search
JOURNEY-04501,CUST-04501,2025-05-13 04:30:00,2025-05-14 15:44:00,Organic Search,Direct,SEO Blog,Direct Visit,3,2,0,0,0.0,35.23,,,Organic Search > Organic Search > Direct
JOURNEY-04502,CUST-04502,2025-06-24 22:05:00,2025-07-01 22:00:00,Organic Search,Organic Social,Product Pages,Instagram Organic,4,3,1,1,216.4,167.92,2025-07-01 22:00:00,7.0,Organic Search > Paid Social > Organic Search > Organic Social
JOURNEY-04503,CUST-04503,2025-04-29 13:07:00,2025-05-09 03:57:00,Organic Search,Organic Social,SEO Blog,Instagram Organic,6,5,0,0,0.0,230.83,,,Organic Search > Paid Social > Referral > Display > Paid Social > Organic Social
JOURNEY-04504,CUST-04504,2025-06-22 10:45:00,2025-06-27 03:59:00,Organic Search,Organic Social,Product Pages,LinkedIn Organic,3,3,0,0,0.0,113.23,,,Organic Search > Paid Search > Organic Social
JOURNEY-04505,CUST-04505,2025-02-11 16:45:00,2025-02-15 13:49:00,Display,Referral,Prospecting,Affiliate,3,3,1,1,42.97,93.07,2025-02-15 13:49:00,3.88,Display > Paid Social > Referral
JOURNEY-04506,CUST-04506,2025-06-13 23:41:00,2025-06-17 19:54:00,Paid Social,Email,Facebook Ads,Newsletter,2,2,0,0,0.0,92.22,,,Paid Social > Email
JOURNEY-04507,CUST-04507,2025-05-01 07:45:00,2025-05-05 01:27:00,Referral,Display,Partner Website,Retargeting,2,2,1,1,99.03,89.7,2025-05-05 01:27:00,3.74,Referral > Display
JOURNEY-04508,CUST-04508,2025-04-12 21:01:00,2025-04-24 18:20:00,Direct,Organic Search,Direct Visit,Product Pages,5,3,1,1,60.76,285.32,2025-04-24 18:20:00,11.89,Direct > Organic Search > Organic Search > Email > Organic Search
JOURNEY-04509,CUST-04509,2025-06-14 08:08:00,2025-06-17 18:21:00,Display,Paid Social,Retargeting,Facebook Ads,2,2,0,0,0.0,82.22,,,Display > Paid Social
JOURNEY-04510,CUST-04510,2025-01-12 04:11:00,2025-01-17 20:53:00,Email,Paid Social,Welcome Series,Facebook Ads,4,3,0,0,0.0,136.7,,,Email > Paid Social > Organic Search > Paid Social
JOURNEY-04511,CUST-04511,2025-02-19 08:09:00,2025-02-25 13:16:00,Organic Search,Referral,Product Pages,Partner Website,4,4,0,0,0.0,149.12,,,Organic Search > Email > Paid Social > Referral
JOURNEY-04512,CUST-04512,2025-01-26 00:57:00,2025-02-02 11:33:00,Email,Organic Social,Welcome Series,LinkedIn Organic,4,3,0,0,0.0,178.6,,,Email > Organic Social > Paid Search > Organic Social
JOURNEY-04513,CUST-04513,2025-06-07 13:33:00,2025-06-15 13:30:00,Paid Search,Paid Social,Competitor Search,LinkedIn Ads,5,4,1,1,112.9,191.95,2025-06-15 13:30:00,8.0,Paid Search > Referral > Organic Search > Paid Search > Paid Social
JOURNEY-04514,CUST-04514,2025-02-09 08:26:00,2025-02-16 23:13:00,Organic Social,Organic Social,LinkedIn Organic,Instagram Organic,5,3,1,1,162.45,182.78,2025-02-16 23:13:00,7.62,Organic Social > Organic Social > Email > Display > Organic Social
JOURNEY-04515,CUST-04515,2025-04-07 01:49:00,2025-04-07 16:26:00,Paid Social,Organic Search,LinkedIn Ads,Educational Content,2,2,0,0,0.0,14.62,,,Paid Social > Organic Search
JOURNEY-04516,CUST-04516,2025-01-01 15:55:00,2025-01-05 07:28:00,Organic Search,Direct,SEO Blog,Direct Visit,3,3,0,0,0.0,87.55,,,Organic Search > Paid Search > Direct
JOURNEY-04517,CUST-04517,2025-03-26 05:36:00,2025-03-26 05:36:00,Paid Search,Paid Search,Product Search,Product Search,1,1,0,0,0.0,0.0,,,Paid Search
JOURNEY-04518,CUST-04518,2025-05-15 20:41:00,2025-05-22 10:55:00,Paid Search,Direct,Product Search,Direct Visit,5,4,0,0,0.0,158.23,,,Paid Search > Organic Social > Paid Search > Paid Social > Direct
JOURNEY-04519,CUST-04519,2025-03-12 15:51:00,2025-03-12 15:51:00,Email,Email,Newsletter,Newsletter,1,1,0,0,0.0,0.0,,,Email
JOURNEY-04520,CUST-04520,2025-02-15 21:39:00,2025-02-25 21:41:00,Organic Social,Referral,LinkedIn Organic,Customer Referral,6,4,0,0,0.0,240.03,,,Organic Social > Paid Search > Organic Search > Paid Search > Organic Search > Referral
JOURNEY-04521,CUST-04521,2025-06-12 09:20:00,2025-06-13 07:13:00,Organic Search,Paid Social,Product Pages,LinkedIn Ads,2,2,0,0,0.0,21.88,,,Organic Search > Paid Social
JOURNEY-04522,CUST-04522,2025-04-01 04:28:00,2025-04-03 18:52:00,Paid Search,Direct,Brand Search,Direct Visit,3,3,0,0,0.0,62.4,,,Paid Search > Paid Social > Direct
JOURNEY-04523,CUST-04523,2025-06-10 13:44:00,2025-06-12 06:35:00,Organic Social,Display,Instagram Organic,Banner Campaign,2,2,0,0,0.0,40.85,,,Organic Social > Display
JOURNEY-04524,CUST-04524,2025-02-11 07:07:00,2025-02-11 07:07:00,Organic Social,Organic Social,Instagram Organic,Instagram Organic,1,1,0,0,0.0,0.0,,,Organic Social
JOURNEY-04525,CUST-04525,2025-05-09 02:52:00,2025-05-09 13:11:00,Email,Paid Search,Newsletter,Brand Search,2,2,1,1,125.13,10.32,2025-05-09 13:11:00,0.43,Email > Paid Search
JOURNEY-04526,CUST-04526,2025-03-21 15:45:00,2025-03-24 11:35:00,Direct,Paid Search,Direct Visit,Product Search,3,3,0,0,0.0,67.83,,,Direct > Organic Social > Paid Search
JOURNEY-04527,CUST-04527,2025-02-12 16:44:00,2025-02-15 12:04:00,Email,Referral,Welcome Series,Customer Referral,2,2,0,0,0.0,67.33,,,Email > Referral
JOURNEY-04528,CUST-04528,2025-03-31 19:30:00,2025-04-04 14:04:00,Paid Search,Paid Search,Competitor Search,Brand Search,3,2,0,0,0.0,90.57,,,Paid Search > Organic Social > Paid Search
JOURNEY-04529,CUST-04529,2025-02-14 01:36:00,2025-02-16 20:57:00,Paid Social,Organic Search,Facebook Ads,SEO Blog,2,2,0,0,0.0,67.35,,,Paid Social > Organic Search
JOURNEY-04530,CUST-04530,2025-06-16 06:39:00,2025-06-26 23:23:00,Paid Search,Paid Social,Competitor Search,Facebook Ads,5,3,1,1,150.49,256.73,2025-06-26 23:23:00,10.7,Paid Search > Paid Search > Paid Social > Referral > Paid Social
JOURNEY-04531,CUST-04531,2025-05-02 11:58:00,2025-05-06 15:33:00,Direct,Organic Search,Direct Visit,Product Pages,3,3,1,1,167.23,99.58,2025-05-06 15:33:00,4.15,Direct > Paid Social > Organic Search
JOURNEY-04532,CUST-04532,2025-04-06 01:11:00,2025-04-14 13:16:00,Referral,Paid Search,Customer Referral,Brand Search,4,4,0,0,0.0,204.08,,,Referral > Direct > Email > Paid Search
JOURNEY-04533,CUST-04533,2025-01-15 19:05:00,2025-01-24 13:30:00,Paid Search,Email,Brand Search,Promotional Email,6,5,0,0,0.0,210.42,,,Paid Search > Organic Search > Display > Email > Organic Social > Email
JOURNEY-04534,CUST-04534,2025-01-15 18:16:00,2025-01-20 16:15:00,Paid Social,Paid Search,LinkedIn Ads,Brand Search,5,5,1,1,59.07,117.98,2025-01-20 16:15:00,4.92,Paid Social > Email > Organic Social > Organic Search > Paid Search
JOURNEY-04535,CUST-04535,2025-03-24 08:12:00,2025-03-28 14:21:00,Paid Social,Direct,LinkedIn Ads,Direct Visit,3,3,0,0,0.0,102.15,,,Paid Social > Email > Direct
JOURNEY-04536,CUST-04536,2025-01-28 01:01:00,2025-02-01 00:14:00,Paid Social,Paid Social,LinkedIn Ads,LinkedIn Ads,4,3,1,1,48.16,95.22,2025-02-01 00:14:00,3.97,Paid Social > Direct > Email > Paid Social
JOURNEY-04537,CUST-04537,2025-04-28 13:14:00,2025-04-30 22:50:00,Referral,Direct,Affiliate,Direct Visit,2,2,0,0,0.0,57.6,,,Referral > Direct
JOURNEY-04538,CUST-04538,2025-04-02 05:31:00,2025-04-04 10:36:00,Referral,Organic Search,Partner Website,SEO Blog,3,3,0,0,0.0,53.08,,,Referral > Organic Social > Organic Search
JOURNEY-04539,CUST-04539,2025-02-12 19:19:00,2025-02-15 06:27:00,Paid Search,Paid Social,Product Search,LinkedIn Ads,2,2,0,0,0.0,59.13,,,Paid Search > Paid Social
JOURNEY-04540,CUST-04540,2025-05-03 18:05:00,2025-05-06 16:55:00,Paid Search,Email,Brand Search,Welcome Series,3,3,0,0,0.0,70.83,,,Paid Search > Direct > Email
JOURNEY-04541,CUST-04541,2025-04-08 12:53:00,2025-04-13 02:25:00,Paid Social,Organic Search,LinkedIn Ads,Product Pages,3,3,1,1,236.66,109.53,2025-04-13 02:25:00,4.56,Paid Social > Email > Organic Search
JOURNEY-04542,CUST-04542,2025-06-18 04:29:00,2025-06-26 22:15:00,Organic Search,Paid Search,Educational Content,Competitor Search,5,4,0,0,0.0,209.77,,,Organic Search > Organic Social > Organic Social > Email > Paid Search
JOURNEY-04543,CUST-04543,2025-02-23 18:15:00,2025-03-03 07:09:00,Email,Organic Search,Newsletter,Educational Content,3,3,0,0,0.0,180.9,,,Email > Direct > Organic Search
JOURNEY-04544,CUST-04544,2025-04-15 23:16:00,2025-04-19 16:15:00,Referral,Direct,Customer Referral,Direct Visit,2,2,0,0,0.0,88.98,,,Referral > Direct
JOURNEY-04545,CUST-04545,2025-01-28 13:38:00,2025-02-03 03:25:00,Direct,Email,Direct Visit,Newsletter,5,5,0,0,0.0,133.78,,,Direct > Organic Search > Referral > Display > Email
JOURNEY-04546,CUST-04546,2025-05-07 20:09:00,2025-05-13 11:45:00,Paid Search,Display,Product Search,Retargeting,3,3,0,0,0.0,135.6,,,Paid Search > Email > Display
JOURNEY-04547,CUST-04547,2025-03-13 05:15:00,2025-03-18 06:40:00,Paid Social,Paid Social,LinkedIn Ads,LinkedIn Ads,4,2,0,0,0.0,121.42,,,Paid Social > Paid Social > Paid Search > Paid Social
JOURNEY-04548,CUST-04548,2025-04-23 13:50:00,2025-04-30 15:22:00,Paid Search,Display,Competitor Search,Retargeting,5,4,0,0,0.0,169.53,,,Paid Search > Paid Social > Display > Direct > Display
JOURNEY-04549,CUST-04549,2025-01-10 16:57:00,2025-01-14 13:38:00,Paid Social,Paid Social,Instagram Ads,LinkedIn Ads,4,3,1,1,72.46,92.68,2025-01-14 13:38:00,3.86,Paid Social > Email > Direct > Paid Social
JOURNEY-04550,CUST-04550,2025-03-18 13:04:00,2025-03-20 12:05:00,Email,Direct,Welcome Series,Direct Visit,2,2,0,0,0.0,47.02,,,Email > Direct
JOURNEY-04551,CUST-04551,2025-04-17 22:56:00,2025-04-22 15:02:00,Organic Search,Organic Search,Educational Content,Product Pages,3,2,0,0,0.0,112.1,,,Organic Search > Display > Organic Search
JOURNEY-04552,CUST-04552,2025-01-07 06:29:00,2025-01-08 07:57:00,Organic Social,Display,LinkedIn Organic,Prospecting,3,3,1,1,115.99,25.47,2025-01-08 07:57:00,1.06,Organic Social > Organic Search > Display
JOURNEY-04553,CUST-04553,2025-05-16 18:50:00,2025-05-28 17:35:00,Paid Social,Email,LinkedIn Ads,Welcome Series,5,4,0,0,0.0,286.75,,,Paid Social > Paid Search > Direct > Email > Email
JOURNEY-04554,CUST-04554,2025-05-17 12:39:00,2025-05-27 21:58:00,Email,Paid Social,Promotional Email,LinkedIn Ads,4,4,1,1,168.46,249.32,2025-05-27 21:58:00,10.39,Email > Direct > Organic Social > Paid Social
JOURNEY-04555,CUST-04555,2025-05-26 00:05:00,2025-06-02 12:04:00,Organic Social,Organic Social,TikTok Organic,LinkedIn Organic,4,3,0,0,0.0,179.98,,,Organic Social > Organic Search > Paid Search > Organic Social
JOURNEY-04556,CUST-04556,2025-03-18 19:53:00,2025-03-24 07:22:00,Organic Search,Email,Product Pages,Newsletter,4,3,0,0,0.0,131.48,,,Organic Search > Email > Organic Social > Email
JOURNEY-04557,CUST-04557,2025-03-05 23:27:00,2025-03-08 17:13:00,Organic Social,Email,TikTok Organic,Welcome Series,2,2,0,0,0.0,65.77,,,Organic Social > Email
JOURNEY-04558,CUST-04558,2025-04-15 13:21:00,2025-04-23 06:30:00,Paid Social,Display,Instagram Ads,Retargeting,5,4,0,0,0.0,185.15,,,Paid Social > Display > Email > Organic Social > Display
JOURNEY-04559,CUST-04559,2025-04-26 17:25:00,2025-05-06 14:07:00,Organic Social,Email,TikTok Organic,Newsletter,8,6,1,1,34.65,236.7,2025-05-06 14:07:00,9.86,Organic Social > Organic Search > Paid Social > Paid Search > Paid Social > Organic Social > Referral > Email
JOURNEY-04560,CUST-04560,2025-02-12 14:34:00,2025-02-16 03:15:00,Paid Search,Organic Search,Brand Search,SEO Blog,3,3,0,0,0.0,84.68,,,Paid Search > Paid Social > Organic Search
JOURNEY-04561,CUST-04561,2025-06-26 18:19:00,2025-06-26 18:19:00,Organic Social,Organic Social,LinkedIn Organic,LinkedIn Organic,1,1,1,1,94.2,0.0,2025-06-26 18:19:00,0.0,Organic Social
JOURNEY-04562,CUST-04562,2025-04-08 15:50:00,2025-04-08 15:50:00,Email,Email,Promotional Email,Promotional Email,1,1,1,1,108.29,0.0,2025-04-08 15:50:00,0.0,Email
JOURNEY-04563,CUST-04563,2025-04-17 11:50:00,2025-04-27 13:18:00,Direct,Referral,Direct Visit,Customer Referral,4,4,1,1,180.9,241.47,2025-04-27 13:18:00,10.06,Direct > Organic Search > Email > Referral
JOURNEY-04564,CUST-04564,2025-01-19 15:41:00,2025-01-22 18:23:00,Paid Social,Organic Search,Instagram Ads,Product Pages,4,4,1,1,161.95,74.7,2025-01-22 18:23:00,3.11,Paid Social > Display > Email > Organic Search
JOURNEY-04565,CUST-04565,2025-05-08 10:59:00,2025-05-26 14:27:00,Organic Social,Direct,TikTok Organic,Direct Visit,8,5,0,0,0.0,435.47,,,Organic Social > Direct > Paid Social > Email > Direct > Paid Search > Paid Social > Direct
JOURNEY-04566,CUST-04566,2025-06-28 10:09:00,2025-07-04 06:28:00,Display,Display,Prospecting,Banner Campaign,3,2,0,0,0.0,140.32,,,Display > Paid Search > Display
JOURNEY-04567,CUST-04567,2025-06-25 16:15:00,2025-06-25 16:15:00,Organic Search,Organic Search,Product Pages,Product Pages,1,1,0,0,0.0,0.0,,,Organic Search
JOURNEY-04568,CUST-04568,2025-04-10 14:23:00,2025-04-11 02:10:00,Paid Social,Paid Search,Facebook Ads,Product Search,2,2,0,0,0.0,11.78,,,Paid Social > Paid Search
JOURNEY-04569,CUST-04569,2025-05-02 10:09:00,2025-05-09 16:30:00,Organic Search,Email,SEO Blog,Promotional Email,4,3,0,0,0.0,174.35,,,Organic Search > Referral > Organic Search > Email
JOURNEY-04570,CUST-04570,2025-04-04 16:23:00,2025-04-07 20:20:00,Paid Social,Paid Social,Instagram Ads,Facebook Ads,4,3,0,0,0.0,75.95,,,Paid Social > Display > Organic Social > Paid Social
JOURNEY-04571,CUST-04571,2025-05-14 11:15:00,2025-05-17 15:19:00,Organic Search,Email,Product Pages,Promotional Email,2,2,0,0,0.0,76.07,,,Organic Search > Email
JOURNEY-04572,CUST-04572,2025-01-23 12:05:00,2025-01-23 12:05:00,Organic Search,Organic Search,SEO Blog,SEO Blog,1,1,0,0,0.0,0.0,,,Organic Search
JOURNEY-04573,CUST-04573,2025-03-27 13:44:00,2025-03-31 17:03:00,Display,Display,Prospecting,Prospecting,4,2,0,0,0.0,99.32,,,Display > Paid Social > Paid Social > Display
JOURNEY-04574,CUST-04574,2025-05-15 19:00:00,2025-05-21 20:24:00,Paid Search,Organic Search,Product Search,Product Pages,3,3,0,0,0.0,145.4,,,Paid Search > Organic Social > Organic Search
JOURNEY-04575,CUST-04575,2025-04-02 15:28:00,2025-04-11 13:14:00,Organic Search,Organic Search,Product Pages,Educational Content,5,3,0,0,0.0,213.77,,,Organic Search > Paid Search > Organic Search > Organic Social > Organic Search
JOURNEY-04576,CUST-04576,2025-02-15 01:23:00,2025-02-28 22:57:00,Paid Search,Organic Search,Competitor Search,SEO Blog,7,4,0,0,0.0,333.57,,,Paid Search > Organic Search > Paid Search > Display > Organic Search > Paid Social > Organic Search
JOURNEY-04577,CUST-04577,2025-03-07 21:58:00,2025-03-15 00:46:00,Email,Display,Newsletter,Prospecting,5,4,0,0,0.0,170.8,,,Email > Organic Search > Direct > Email > Display
JOURNEY-04578,CUST-04578,2025-02-17 23:22:00,2025-02-21 12:05:00,Organic Social,Email,Instagram Organic,Promotional Email,3,3,0,0,0.0,84.72,,,Organic Social > Referral > Email
JOURNEY-04579,CUST-04579,2025-06-23 15:29:00,2025-07-01 22:39:00,Paid Search,Organic Search,Competitor Search,SEO Blog,5,4,0,0,0.0,199.17,,,Paid Search > Direct > Email > Direct > Organic Search
JOURNEY-04580,CUST-04580,2025-05-18 00:07:00,2025-05-21 01:28:00,Email,Paid Social,Welcome Series,LinkedIn Ads,2,2,0,0,0.0,73.35,,,Email > Paid Social
JOURNEY-04581,CUST-04581,2025-02-11 09:38:00,2025-03-03 01:37:00,Email,Paid Social,Newsletter,LinkedIn Ads,8,6,0,0,0.0,471.98,,,Email > Organic Search > Paid Search > Organic Search > Referral > Direct > Paid Search > Paid Social
JOURNEY-04582,CUST-04582,2025-05-18 12:50:00,2025-05-29 08:58:00,Paid Search,Paid Search,Product Search,Brand Search,4,3,1,1,169.98,260.13,2025-05-29 08:58:00,10.84,Paid Search > Direct > Referral > Paid Search
JOURNEY-04583,CUST-04583,2025-03-20 01:21:00,2025-03-30 15:53:00,Organic Social,Paid Search,LinkedIn Organic,Competitor Search,5,5,1,1,133.28,254.53,2025-03-30 15:53:00,10.61,Organic Social > Email > Organic Search > Referral > Paid Search
JOURNEY-04584,CUST-04584,2025-04-06 23:36:00,2025-04-10 12:52:00,Organic Search,Direct,Educational Content,Direct Visit,2,2,1,1,136.69,85.27,2025-04-10 12:52:00,3.55,Organic Search > Direct
JOURNEY-04585,CUST-04585,2025-06-26 23:44:00,2025-06-30 17:28:00,Display,Display,Prospecting,Prospecting,3,2,0,0,0.0,89.73,,,Display > Organic Search > Display
JOURNEY-04586,CUST-04586,2025-06-12 08:34:00,2025-06-16 06:12:00,Display,Paid Search,Retargeting,Brand Search,2,2,1,1,170.09,93.63,2025-06-16 06:12:00,3.9,Display > Paid Search
JOURNEY-04587,CUST-04587,2025-01-24 16:34:00,2025-01-30 23:14:00,Paid Search,Display,Brand Search,Prospecting,4,4,0,0,0.0,150.67,,,Paid Search > Paid Social > Organic Search > Display
JOURNEY-04588,CUST-04588,2025-05-16 22:34:00,2025-05-22 05:56:00,Paid Social,Display,Facebook Ads,Banner Campaign,4,4,0,0,0.0,127.37,,,Paid Social > Direct > Organic Search > Display
JOURNEY-04589,CUST-04589,2025-05-10 21:01:00,2025-05-17 21:09:00,Email,Paid Search,Welcome Series,Competitor Search,4,2,0,0,0.0,168.13,,,Email > Paid Search > Paid Search > Paid Search
JOURNEY-04590,CUST-04590,2025-04-25 10:12:00,2025-04-30 02:45:00,Organic Social,Display,Instagram Organic,Prospecting,3,3,0,0,0.0,112.55,,,Organic Social > Organic Search > Display
JOURNEY-04591,CUST-04591,2025-05-30 11:15:00,2025-05-31 03:16:00,Direct,Referral,Direct Visit,Partner Website,2,2,0,0,0.0,16.02,,,Direct > Referral
JOURNEY-04592,CUST-04592,2025-04-18 03:59:00,2025-04-19 13:03:00,Paid Search,Paid Social,Competitor Search,LinkedIn Ads,2,2,1,1,116.9,33.07,2025-04-19 13:03:00,1.38,Paid Search > Paid Social
JOURNEY-04593,CUST-04593,2025-01-07 18:27:00,2025-01-14 09:06:00,Email,Email,Welcome Series,Welcome Series,3,2,1,1,91.84,158.65,2025-01-14 09:06:00,6.61,Email > Referral > Email
JOURNEY-04594,CUST-04594,2025-03-12 15:07:00,2025-03-14 23:15:00,Paid Search,Display,Brand Search,Retargeting,3,3,0,0,0.0,56.13,,,Paid Search > Organic Social > Display
JOURNEY-04595,CUST-04595,2025-05-27 13:07:00,2025-05-27 13:07:00,Organic Search,Organic Search,SEO Blog,SEO Blog,1,1,0,0,0.0,0.0,,,Organic Search
JOURNEY-04596,CUST-04596,2025-05-20 16:22:00,2025-05-23 06:15:00,Paid Social,Referral,LinkedIn Ads,Partner Website,3,3,0,0,0.0,61.88,,,Paid Social > Direct > Referral
JOURNEY-04597,CUST-04597,2025-03-25 07:17:00,2025-03-28 07:06:00,Referral,Paid Search,Customer Referral,Product Search,3,2,1,1,128.62,71.82,2025-03-28 07:06:00,2.99,Referral > Referral > Paid Search
JOURNEY-04598,CUST-04598,2025-04-07 09:18:00,2025-04-08 14:22:00,Paid Social,Paid Search,LinkedIn Ads,Competitor Search,3,3,1,1,116.06,29.07,2025-04-08 14:22:00,1.21,Paid Social > Direct > Paid Search
JOURNEY-04599,CUST-04599,2025-02-14 12:47:00,2025-02-23 22:51:00,Paid Social,Direct,Facebook Ads,Direct Visit,5,4,0,0,0.0,226.07,,,Paid Social > Direct > Referral > Email > Direct
JOURNEY-04600,CUST-04600,2025-01-19 22:49:00,2025-01-29 06:41:00,Organic Search,Paid Search,Product Pages,Product Search,6,5,0,0,0.0,223.87,,,Organic Search > Direct > Organic Social > Email > Paid Search > Paid Search
JOURNEY-04601,CUST-04601,2025-01-15 23:37:00,2025-01-17 22:29:00,Organic Search,Paid Search,Product Pages,Competitor Search,2,2,0,0,0.0,46.87,,,Organic Search > Paid Search
JOURNEY-04602,CUST-04602,2025-04-05 00:51:00,2025-04-05 08:06:00,Email,Display,Welcome Series,Banner Campaign,2,2,1,1,207.91,7.25,2025-04-05 08:06:00,0.3,Email > Display
JOURNEY-04603,CUST-04603,2025-01-08 08:27:00,2025-01-09 11:38:00,Organic Search,Paid Search,Product Pages,Product Search,4,2,0,0,0.0,27.18,,,Organic Search > Paid Search > Organic Search > Paid Search
JOURNEY-04604,CUST-04604,2025-04-12 08:59:00,2025-04-12 08:59:00,Direct,Direct,Direct Visit,Direct Visit,1,1,0,0,0.0,0.0,,,Direct
JOURNEY-04605,CUST-04605,2025-04-22 04:55:00,2025-04-26 04:31:00,Organic Search,Display,Educational Content,Banner Campaign,3,3,0,0,0.0,95.6,,,Organic Search > Direct > Display
JOURNEY-04606,CUST-04606,2025-05-15 02:56:00,2025-05-30 00:14:00,Display,Paid Social,Retargeting,LinkedIn Ads,7,5,1,1,150.83,357.3,2025-05-30 00:14:00,14.89,Display > Direct > Email > Organic Search > Direct > Organic Search > Paid Social
JOURNEY-04607,CUST-04607,2025-04-05 17:57:00,2025-04-13 06:41:00,Paid Social,Organic Search,Facebook Ads,Product Pages,5,5,0,0,0.0,180.73,,,Paid Social > Organic Social > Display > Referral > Organic Search
JOURNEY-04608,CUST-04608,2025-04-14 17:29:00,2025-04-22 16:12:00,Organic Social,Email,TikTok Organic,Welcome Series,5,3,0,0,0.0,190.72,,,Organic Social > Organic Search > Email > Organic Search > Email
JOURNEY-04609,CUST-04609,2025-04-28 04:49:00,2025-05-05 05:04:00,Email,Paid Social,Welcome Series,Facebook Ads,5,4,0,0,0.0,168.25,,,Email > Paid Social > Display > Paid Search > Paid Social
JOURNEY-04610,CUST-04610,2025-01-28 11:33:00,2025-02-05 09:49:00,Paid Social,Paid Search,Facebook Ads,Brand Search,4,4,0,0,0.0,190.27,,,Paid Social > Direct > Organic Social > Paid Search
JOURNEY-04611,CUST-04611,2025-06-28 04:54:00,2025-07-10 01:24:00,Organic Social,Paid Social,Instagram Organic,Facebook Ads,5,4,0,0,0.0,284.5,,,Organic Social > Organic Search > Paid Search > Organic Social > Paid Social
JOURNEY-04612,CUST-04612,2025-02-20 08:04:00,2025-03-02 09:18:00,Paid Social,Organic Search,Facebook Ads,SEO Blog,5,4,0,0,0.0,241.23,,,Paid Social > Paid Search > Organic Search > Direct > Organic Search
JOURNEY-04613,CUST-04613,2025-01-30 11:56:00,2025-01-31 03:57:00,Paid Search,Organic Social,Brand Search,LinkedIn Organic,2,2,0,0,0.0,16.02,,,Paid Search > Organic Social
JOURNEY-04614,CUST-04614,2025-01-16 07:11:00,2025-01-19 22:49:00,Display,Organic Social,Prospecting,LinkedIn Organic,3,3,1,1,76.09,87.63,2025-01-19 22:49:00,3.65,Display > Paid Social > Organic Social
JOURNEY-04615,CUST-04615,2025-06-17 06:09:00,2025-06-26 01:03:00,Organic Social,Email,LinkedIn Organic,Promotional Email,4,4,0,0,0.0,210.9,,,Organic Social > Paid Social > Display > Email
JOURNEY-04616,CUST-04616,2025-01-25 05:11:00,2025-01-30 22:10:00,Paid Social,Organic Search,LinkedIn Ads,Educational Content,3,3,0,0,0.0,136.98,,,Paid Social > Organic Social > Organic Search
JOURNEY-04617,CUST-04617,2025-03-13 03:13:00,2025-03-18 05:41:00,Email,Paid Social,Welcome Series,Facebook Ads,4,3,0,0,0.0,122.47,,,Email > Organic Search > Paid Social > Paid Social
JOURNEY-04618,CUST-04618,2025-06-19 21:00:00,2025-06-21 14:40:00,Paid Search,Paid Social,Competitor Search,Instagram Ads,2,2,0,0,0.0,41.67,,,Paid Search > Paid Social
JOURNEY-04619,CUST-04619,2025-05-25 04:53:00,2025-06-04 11:02:00,Referral,Paid Search,Partner Website,Competitor Search,6,4,0,0,0.0,246.15,,,Referral > Display > Paid Social > Referral > Paid Search > Paid Search
JOURNEY-04620,CUST-04620,2025-03-14 21:44:00,2025-03-24 16:32:00,Paid Search,Paid Search,Product Search,Brand Search,4,3,1,1,44.54,234.8,2025-03-24 16:32:00,9.78,Paid Search > Display > Direct > Paid Search
JOURNEY-04621,CUST-04621,2025-02-13 02:25:00,2025-02-16 06:59:00,Organic Social,Paid Social,LinkedIn Organic,Instagram Ads,2,2,0,0,0.0,76.57,,,Organic Social > Paid Social
JOURNEY-04622,CUST-04622,2025-01-17 23:15:00,2025-01-20 10:00:00,Organic Search,Paid Social,Product Pages,LinkedIn Ads,2,2,0,0,0.0,58.75,,,Organic Search > Paid Social
JOURNEY-04623,CUST-04623,2025-04-12 10:44:00,2025-04-20 11:09:00,Referral,Paid Search,Affiliate,Brand Search,5,5,0,0,0.0,192.42,,,Referral > Organic Social > Display > Paid Social > Paid Search
JOURNEY-04624,CUST-04624,2025-05-31 10:21:00,2025-06-06 18:56:00,Paid Search,Email,Product Search,Promotional Email,4,4,1,1,127.58,152.58,2025-06-06 18:56:00,6.36,Paid Search > Direct > Referral > Email
JOURNEY-04625,CUST-04625,2025-02-27 13:41:00,2025-02-27 17:27:00,Organic Social,Paid Social,Instagram Organic,Facebook Ads,2,2,0,0,0.0,3.77,,,Organic Social > Paid Social
JOURNEY-04626,CUST-04626,2025-02-01 22:31:00,2025-02-04 15:21:00,Organic Social,Direct,TikTok Organic,Direct Visit,2,2,0,0,0.0,64.83,,,Organic Social > Direct
JOURNEY-04627,CUST-04627,2025-02-11 10:27:00,2025-02-17 12:57:00,Paid Search,Organic Social,Brand Search,TikTok Organic,4,3,1,1,123.22,146.5,2025-02-17 12:57:00,6.1,Paid Search > Organic Search > Paid Search > Organic Social
JOURNEY-04628,CUST-04628,2025-03-16 17:43:00,2025-03-19 21:36:00,Paid Search,Paid Search,Brand Search,Brand Search,3,2,0,0,0.0,75.88,,,Paid Search > Organic Social > Paid Search
JOURNEY-04629,CUST-04629,2025-03-25 07:44:00,2025-03-31 06:52:00,Organic Social,Organic Social,LinkedIn Organic,Instagram Organic,4,3,1,1,122.81,143.13,2025-03-31 06:52:00,5.96,Organic Social > Paid Search > Organic Search > Organic Social
JOURNEY-04630,CUST-04630,2025-03-13 10:34:00,2025-03-27 17:26:00,Paid Social,Organic Search,LinkedIn Ads,Educational Content,5,5,1,1,90.71,342.87,2025-03-27 17:26:00,14.29,Paid Social > Direct > Organic Social > Paid Search > Organic Search
JOURNEY-04631,CUST-04631,2025-03-29 21:03:00,2025-04-07 14:39:00,Paid Search,Referral,Brand Search,Customer Referral,5,4,1,1,64.35,209.6,2025-04-07 14:39:00,8.73,Paid Search > Paid Social > Email > Email > Referral
JOURNEY-04632,CUST-04632,2025-03-03 02:46:00,2025-03-06 18:50:00,Referral,Organic Social,Customer Referral,LinkedIn Organic,3,3,1,1,136.81,88.07,2025-03-06 18:50:00,3.67,Referral > Email > Organic Social
JOURNEY-04633,CUST-04633,2025-02-06 09:47:00,2025-02-16 08:06:00,Paid Search,Paid Search,Competitor Search,Product Search,7,6,1,1,113.37,238.32,2025-02-16 08:06:00,9.93,Paid Search > Display > Direct > Organic Search > Organic Social > Paid Social > Paid Search
JOURNEY-04634,CUST-04634,2025-04-10 05:49:00,2025-04-14 23:36:00,Paid Search,Organic Social,Brand Search,Instagram Organic,3,3,0,0,0.0,113.78,,,Paid Search > Paid Social > Organic Social
JOURNEY-04635,CUST-04635,2025-03-29 02:27:00,2025-03-31 15:08:00,Referral,Direct,Affiliate,Direct Visit,2,2,0,0,0.0,60.68,,,Referral > Direct
JOURNEY-04636,CUST-04636,2025-04-02 06:14:00,2025-04-11 08:06:00,Direct,Organic Search,Direct Visit,SEO Blog,5,4,1,1,64.09,217.87,2025-04-11 08:06:00,9.08,Direct > Paid Social > Organic Search > Email > Organic Search
JOURNEY-04637,CUST-04637,2025-01-04 01:15:00,2025-01-12 10:31:00,Direct,Email,Direct Visit,Promotional Email,5,4,0,0,0.0,201.27,,,Direct > Paid Search > Direct > Display > Email
JOURNEY-04638,CUST-04638,2025-05-18 21:59:00,2025-05-24 07:35:00,Email,Paid Social,Welcome Series,LinkedIn Ads,3,3,0,0,0.0,129.6,,,Email > Paid Search > Paid Social
JOURNEY-04639,CUST-04639,2025-01-16 06:13:00,2025-01-19 17:39:00,Paid Search,Organic Social,Competitor Search,Instagram Organic,2,2,0,0,0.0,83.43,,,Paid Search > Organic Social
JOURNEY-04640,CUST-04640,2025-05-26 17:41:00,2025-06-04 10:02:00,Email,Organic Search,Promotional Email,Educational Content,4,2,0,0,0.0,208.35,,,Email > Organic Search > Email > Organic Search
JOURNEY-04641,CUST-04641,2025-02-03 12:41:00,2025-02-04 00:38:00,Direct,Referral,Direct Visit,Partner Website,2,2,1,1,80.28,11.95,2025-02-04 00:38:00,0.5,Direct > Referral
JOURNEY-04642,CUST-04642,2025-02-14 20:31:00,2025-02-20 08:39:00,Paid Social,Display,Instagram Ads,Retargeting,3,3,0,0,0.0,132.13,,,Paid Social > Direct > Display
JOURNEY-04643,CUST-04643,2025-05-30 09:21:00,2025-06-02 06:15:00,Paid Social,Paid Search,Facebook Ads,Brand Search,2,2,0,0,0.0,68.9,,,Paid Social > Paid Search
JOURNEY-04644,CUST-04644,2025-02-12 20:36:00,2025-02-14 21:28:00,Paid Search,Organic Search,Competitor Search,Product Pages,2,2,0,0,0.0,48.87,,,Paid Search > Organic Search
JOURNEY-04645,CUST-04645,2025-01-28 22:42:00,2025-01-28 22:42:00,Organic Search,Organic Search,SEO Blog,SEO Blog,1,1,0,0,0.0,0.0,,,Organic Search
JOURNEY-04646,CUST-04646,2025-05-13 04:09:00,2025-05-19 00:48:00,Email,Organic Social,Welcome Series,Instagram Organic,4,3,0,0,0.0,140.65,,,Email > Organic Social > Paid Social > Organic Social
JOURNEY-04647,CUST-04647,2025-04-01 05:01:00,2025-04-01 10:30:00,Paid Search,Direct,Product Search,Direct Visit,2,2,0,0,0.0,5.48,,,Paid Search > Direct
JOURNEY-04648,CUST-04648,2025-03-29 23:30:00,2025-04-02 22:27:00,Paid Search,Email,Product Search,Newsletter,2,2,0,0,0.0,94.95,,,Paid Search > Email
JOURNEY-04649,CUST-04649,2025-05-10 13:07:00,2025-05-19 02:04:00,Organic Search,Referral,Product Pages,Customer Referral,5,4,1,1,65.67,204.95,2025-05-19 02:04:00,8.54,Organic Search > Direct > Referral > Organic Social > Referral
JOURNEY-04650,CUST-04650,2025-01-22 06:48:00,2025-01-22 06:48:00,Direct,Direct,Direct Visit,Direct Visit,1,1,0,0,0.0,0.0,,,Direct
JOURNEY-04651,CUST-04651,2025-01-09 20:50:00,2025-01-13 15:50:00,Email,Organic Search,Welcome Series,SEO Blog,3,3,0,0,0.0,91.0,,,Email > Direct > Organic Search
JOURNEY-04652,CUST-04652,2025-03-02 01:39:00,2025-03-15 01:25:00,Organic Search,Display,SEO Blog,Prospecting,7,6,1,1,55.61,311.77,2025-03-15 01:25:00,12.99,Organic Search > Email > Organic Social > Organic Search > Paid Search > Referral > Display
JOURNEY-04653,CUST-04653,2025-06-24 22:32:00,2025-07-02 22:32:00,Paid Search,Organic Search,Product Search,SEO Blog,4,3,0,0,0.0,192.0,,,Paid Search > Organic Search > Email > Organic Search
JOURNEY-04654,CUST-04654,2025-04-04 14:10:00,2025-04-07 04:38:00,Organic Search,Display,SEO Blog,Prospecting,3,3,0,0,0.0,62.47,,,Organic Search > Email > Display
JOURNEY-04655,CUST-04655,2025-06-16 10:28:00,2025-06-16 22:15:00,Email,Email,Promotional Email,Promotional Email,2,1,0,0,0.0,11.78,,,Email > Email
JOURNEY-04656,CUST-04656,2025-04-11 08:07:00,2025-04-13 00:28:00,Paid Search,Direct,Product Search,Direct Visit,2,2,0,0,0.0,40.35,,,Paid Search > Direct
JOURNEY-04657,CUST-04657,2025-03-07 23:11:00,2025-03-09 11:52:00,Referral,Organic Social,Customer Referral,TikTok Organic,2,2,0,0,0.0,36.68,,,Referral > Organic Social
JOURNEY-04658,CUST-04658,2025-04-02 13:08:00,2025-04-06 11:54:00,Paid Search,Referral,Brand Search,Partner Website,3,3,0,0,0.0,94.77,,,Paid Search > Email > Referral
JOURNEY-04659,CUST-04659,2025-05-27 09:27:00,2025-06-04 02:21:00,Paid Social,Paid Search,Facebook Ads,Brand Search,5,4,0,0,0.0,184.9,,,Paid Social > Direct > Display > Paid Social > Paid Search
JOURNEY-04660,CUST-04660,2025-01-13 11:02:00,2025-01-19 11:12:00,Email,Email,Newsletter,Newsletter,4,3,0,0,0.0,144.17,,,Email > Organic Search > Direct > Email
JOURNEY-04661,CUST-04661,2025-02-14 09:07:00,2025-02-16 03:39:00,Organic Search,Paid Social,Educational Content,Instagram Ads,2,2,0,0,0.0,42.53,,,Organic Search > Paid Social
JOURNEY-04662,CUST-04662,2025-04-27 16:54:00,2025-05-09 11:42:00,Direct,Display,Direct Visit,Retargeting,5,4,1,1,76.73,282.8,2025-05-09 11:42:00,11.78,Direct > Paid Search > Paid Social > Direct > Display
JOURNEY-04663,CUST-04663,2025-04-15 15:34:00,2025-04-19 12:50:00,Paid Search,Paid Search,Competitor Search,Brand Search,4,2,0,0,0.0,93.27,,,Paid Search > Organic Search > Organic Search > Paid Search
JOURNEY-04664,CUST-04664,2025-04-22 19:54:00,2025-04-23 14:55:00,Organic Social,Paid Social,Instagram Organic,Instagram Ads,2,2,0,0,0.0,19.02,,,Organic Social > Paid Social
JOURNEY-04665,CUST-04665,2025-04-07 21:32:00,2025-04-16 07:35:00,Organic Social,Paid Social,TikTok Organic,Facebook Ads,5,5,1,1,173.28,202.05,2025-04-16 07:35:00,8.42,Organic Social > Paid Search > Organic Search > Referral > Paid Social
JOURNEY-04666,CUST-04666,2025-03-03 05:45:00,2025-03-07 17:04:00,Display,Email,Banner Campaign,Newsletter,3,3,0,0,0.0,107.32,,,Display > Organic Social > Email
JOURNEY-04667,CUST-04667,2025-01-25 14:52:00,2025-01-27 09:08:00,Referral,Paid Social,Affiliate,LinkedIn Ads,2,2,0,0,0.0,42.27,,,Referral > Paid Social
JOURNEY-04668,CUST-04668,2025-01-02 03:17:00,2025-01-02 03:17:00,Paid Search,Paid Search,Competitor Search,Competitor Search,1,1,0,0,0.0,0.0,,,Paid Search
JOURNEY-04669,CUST-04669,2025-04-15 05:59:00,2025-04-16 16:26:00,Organic Social,Email,LinkedIn Organic,Newsletter,2,2,1,1,47.93,34.45,2025-04-16 16:26:00,1.44,Organic Social > Email
JOURNEY-04670,CUST-04670,2025-01-25 17:39:00,2025-01-31 11:18:00,Direct,Direct,Direct Visit,Direct Visit,3,2,1,1,43.37,137.65,2025-01-31 11:18:00,5.74,Direct > Organic Search > Direct
JOURNEY-04671,CUST-04671,2025-06-15 23:17:00,2025-06-21 14:29:00,Organic Search,Paid Search,Product Pages,Product Search,4,4,0,0,0.0,135.2,,,Organic Search > Direct > Email > Paid Search
JOURNEY-04672,CUST-04672,2025-02-08 23:57:00,2025-02-18 01:21:00,Paid Social,Paid Social,LinkedIn Ads,Instagram Ads,6,4,1,1,86.79,217.4,2025-02-18 01:21:00,9.06,Paid Social > Paid Search > Referral > Paid Social > Email > Paid Social
JOURNEY-04673,CUST-04673,2025-03-31 15:11:00,2025-04-12 10:37:00,Display,Organic Search,Banner Campaign,Educational Content,5,4,0,0,0.0,283.43,,,Display > Referral > Paid Search > Referral > Organic Search
JOURNEY-04674,CUST-04674,2025-03-11 21:28:00,2025-03-15 20:42:00,Email,Email,Welcome Series,Welcome Series,2,1,0,0,0.0,95.23,,,Email > Email
JOURNEY-04675,CUST-04675,2025-03-14 16:24:00,2025-03-20 01:06:00,Referral,Paid Search,Affiliate,Product Search,4,4,1,1,76.43,128.7,2025-03-20 01:06:00,5.36,Referral > Email > Paid Social > Paid Search
JOURNEY-04676,CUST-04676,2025-06-29 10:04:00,2025-07-02 12:41:00,Organic Search,Paid Search,Educational Content,Brand Search,3,3,0,0,0.0,74.62,,,Organic Search > Paid Social > Paid Search
JOURNEY-04677,CUST-04677,2025-06-18 06:37:00,2025-06-24 06:14:00,Organic Search,Paid Social,Educational Content,Facebook Ads,6,4,1,1,74.5,143.62,2025-06-24 06:14:00,5.98,Organic Search > Paid Search > Paid Social > Paid Social > Organic Social > Paid Social
JOURNEY-04678,CUST-04678,2025-01-19 10:27:00,2025-01-26 00:26:00,Organic Search,Direct,Product Pages,Direct Visit,3,3,0,0,0.0,157.98,,,Organic Search > Paid Social > Direct
JOURNEY-04679,CUST-04679,2025-02-05 19:30:00,2025-02-11 10:12:00,Email,Paid Social,Promotional Email,Instagram Ads,5,4,0,0,0.0,134.7,,,Email > Organic Search > Paid Social > Display > Paid Social
JOURNEY-04680,CUST-04680,2025-02-22 01:35:00,2025-03-03 05:27:00,Referral,Paid Search,Partner Website,Competitor Search,4,3,1,1,113.33,219.87,2025-03-03 05:27:00,9.16,Referral > Organic Social > Referral > Paid Search
JOURNEY-04681,CUST-04681,2025-05-01 11:32:00,2025-05-07 04:59:00,Email,Referral,Welcome Series,Partner Website,3,3,0,0,0.0,137.45,,,Email > Direct > Referral
JOURNEY-04682,CUST-04682,2025-04-03 22:15:00,2025-04-03 22:15:00,Paid Search,Paid Search,Competitor Search,Competitor Search,1,1,1,1,180.64,0.0,2025-04-03 22:15:00,0.0,Paid Search
JOURNEY-04683,CUST-04683,2025-04-26 18:43:00,2025-04-30 06:31:00,Organic Social,Direct,Instagram Organic,Direct Visit,2,2,0,0,0.0,83.8,,,Organic Social > Direct
JOURNEY-04684,CUST-04684,2025-06-28 22:11:00,2025-06-30 01:15:00,Email,Paid Search,Newsletter,Competitor Search,2,2,0,0,0.0,27.07,,,Email > Paid Search
JOURNEY-04685,CUST-04685,2025-05-15 15:49:00,2025-05-22 00:02:00,Paid Social,Paid Search,Facebook Ads,Competitor Search,5,4,1,1,125.69,152.22,2025-05-22 00:02:00,6.34,Paid Social > Organic Search > Email > Organic Search > Paid Search
JOURNEY-04686,CUST-04686,2025-01-22 13:52:00,2025-01-30 17:21:00,Paid Social,Display,Instagram Ads,Banner Campaign,4,4,0,0,0.0,195.48,,,Paid Social > Organic Search > Direct > Display
JOURNEY-04687,CUST-04687,2025-06-19 12:40:00,2025-06-19 12:40:00,Direct,Direct,Direct Visit,Direct Visit,1,1,0,0,0.0,0.0,,,Direct
JOURNEY-04688,CUST-04688,2025-05-11 06:50:00,2025-05-16 19:21:00,Organic Search,Organic Search,Product Pages,Product Pages,3,2,0,0,0.0,132.52,,,Organic Search > Direct > Organic Search
JOURNEY-04689,CUST-04689,2025-02-28 04:42:00,2025-03-08 11:44:00,Paid Search,Organic Search,Brand Search,SEO Blog,4,4,0,0,0.0,199.03,,,Paid Search > Referral > Paid Social > Organic Search
JOURNEY-04690,CUST-04690,2025-04-30 04:03:00,2025-05-06 13:26:00,Organic Search,Paid Search,Educational Content,Brand Search,4,4,0,0,0.0,153.38,,,Organic Search > Organic Social > Referral > Paid Search
JOURNEY-04691,CUST-04691,2025-03-09 01:18:00,2025-03-19 05:52:00,Email,Display,Welcome Series,Banner Campaign,6,4,1,1,214.39,244.57,2025-03-19 05:52:00,10.19,Email > Organic Search > Organic Social > Display > Email > Display
JOURNEY-04692,CUST-04692,2025-06-06 14:33:00,2025-06-16 15:33:00,Paid Social,Paid Search,Instagram Ads,Competitor Search,7,6,0,0,0.0,241.0,,,Paid Social > Referral > Paid Search > Email > Organic Search > Display > Paid Search
JOURNEY-04693,CUST-04693,2025-05-06 09:43:00,2025-05-09 21:09:00,Display,Paid Search,Retargeting,Product Search,3,3,0,0,0.0,83.43,,,Display > Organic Social > Paid Search
JOURNEY-04694,CUST-04694,2025-02-06 03:48:00,2025-02-13 11:02:00,Email,Organic Social,Promotional Email,LinkedIn Organic,3,3,0,0,0.0,175.23,,,Email > Paid Search > Organic Social
JOURNEY-04695,CUST-04695,2025-02-17 18:05:00,2025-02-21 22:20:00,Organic Search,Paid Social,Educational Content,Instagram Ads,3,3,0,0,0.0,100.25,,,Organic Search > Organic Social > Paid Social
JOURNEY-04696,CUST-04696,2025-03-31 15:15:00,2025-03-31 15:15:00,Email,Email,Promotional Email,Promotional Email,1,1,0,0,0.0,0.0,,,Email
JOURNEY-04697,CUST-04697,2025-05-18 14:26:00,2025-05-27 10:31:00,Organic Social,Paid Search,LinkedIn Organic,Product Search,5,4,0,0,0.0,212.08,,,Organic Social > Direct > Organic Search > Organic Social > Paid Search
JOURNEY-04698,CUST-04698,2025-02-26 01:37:00,2025-03-05 01:56:00,Direct,Organic Social,Direct Visit,Instagram Organic,4,3,0,0,0.0,168.32,,,Direct > Paid Search > Direct > Organic Social
JOURNEY-04699,CUST-04699,2025-03-26 08:38:00,2025-04-01 04:31:00,Organic Search,Organic Search,SEO Blog,SEO Blog,5,4,0,0,0.0,139.88,,,Organic Search > Direct > Paid Search > Paid Social > Organic Search
JOURNEY-04700,CUST-04700,2025-04-19 17:53:00,2025-04-23 04:53:00,Organic Social,Paid Search,LinkedIn Organic,Product Search,3,3,0,0,0.0,83.0,,,Organic Social > Paid Social > Paid Search
JOURNEY-04701,CUST-04701,2025-03-29 20:35:00,2025-03-31 10:26:00,Paid Search,Email,Competitor Search,Welcome Series,2,2,0,0,0.0,37.85,,,Paid Search > Email
JOURNEY-04702,CUST-04702,2025-06-17 20:51:00,2025-06-20 23:06:00,Organic Search,Email,Educational Content,Welcome Series,4,4,0,0,0.0,74.25,,,Organic Search > Direct > Paid Search > Email
JOURNEY-04703,CUST-04703,2025-02-24 20:46:00,2025-03-07 00:35:00,Email,Email,Newsletter,Newsletter,5,4,0,0,0.0,243.82,,,Email > Paid Search > Direct > Organic Social > Email
JOURNEY-04704,CUST-04704,2025-06-04 19:06:00,2025-06-05 05:39:00,Organic Search,Display,SEO Blog,Prospecting,2,2,0,0,0.0,10.55,,,Organic Search > Display
JOURNEY-04705,CUST-04705,2025-01-12 11:06:00,2025-01-16 21:46:00,Paid Social,Organic Search,LinkedIn Ads,SEO Blog,4,4,0,0,0.0,106.67,,,Paid Social > Display > Direct > Organic Search
JOURNEY-04706,CUST-04706,2025-06-09 23:43:00,2025-06-11 03:22:00,Direct,Organic Search,Direct Visit,SEO Blog,2,2,0,0,0.0,27.65,,,Direct > Organic Search
JOURNEY-04707,CUST-04707,2025-04-25 16:45:00,2025-04-27 17:04:00,Organic Search,Email,Educational Content,Welcome Series,3,3,0,0,0.0,48.32,,,Organic Search > Organic Social > Email
JOURNEY-04708,CUST-04708,2025-06-06 18:00:00,2025-06-07 23:26:00,Organic Social,Direct,LinkedIn Organic,Direct Visit,2,2,0,0,0.0,29.43,,,Organic Social > Direct
JOURNEY-04709,CUST-04709,2025-02-23 03:17:00,2025-02-27 15:24:00,Organic Search,Paid Search,Product Pages,Brand Search,3,3,1,1,36.09,108.12,2025-02-27 15:24:00,4.5,Organic Search > Display > Paid Search
JOURNEY-04710,CUST-04710,2025-04-09 11:10:00,2025-04-16 04:49:00,Organic Search,Email,Product Pages,Promotional Email,4,3,1,1,100.24,161.65,2025-04-16 04:49:00,6.74,Organic Search > Email > Paid Social > Email
JOURNEY-04711,CUST-04711,2025-06-26 20:30:00,2025-07-01 11:06:00,Referral,Email,Affiliate,Welcome Series,5,5,1,1,92.64,110.6,2025-07-01 11:06:00,4.61,Referral > Direct > Display > Paid Search > Email
JOURNEY-04712,CUST-04712,2025-04-11 08:00:00,2025-04-18 17:36:00,Paid Social,Email,Instagram Ads,Welcome Series,4,4,1,1,70.49,177.6,2025-04-18 17:36:00,7.4,Paid Social > Display > Paid Search > Email
JOURNEY-04713,CUST-04713,2025-06-08 02:28:00,2025-06-08 18:40:00,Paid Social,Paid Search,LinkedIn Ads,Brand Search,2,2,0,0,0.0,16.2,,,Paid Social > Paid Search
JOURNEY-04714,CUST-04714,2025-06-17 15:28:00,2025-06-22 15:02:00,Paid Social,Paid Social,LinkedIn Ads,Facebook Ads,3,2,0,0,0.0,119.57,,,Paid Social > Organic Social > Paid Social
JOURNEY-04715,CUST-04715,2025-06-19 09:34:00,2025-06-24 09:13:00,Referral,Paid Search,Customer Referral,Competitor Search,4,3,0,0,0.0,119.65,,,Referral > Organic Search > Organic Search > Paid Search
JOURNEY-04716,CUST-04716,2025-03-10 22:20:00,2025-03-26 07:40:00,Referral,Referral,Partner Website,Affiliate,7,6,0,0,0.0,369.33,,,Referral > Paid Social > Direct > Email > Organic Social > Display > Referral
JOURNEY-04717,CUST-04717,2025-02-02 20:25:00,2025-02-10 03:49:00,Email,Paid Search,Newsletter,Product Search,4,3,1,1,152.09,175.4,2025-02-10 03:49:00,7.31,Email > Paid Search > Direct > Paid Search
JOURNEY-04718,CUST-04718,2025-01-16 18:04:00,2025-01-19 03:37:00,Direct,Paid Search,Direct Visit,Brand Search,2,2,0,0,0.0,57.55,,,Direct > Paid Search
JOURNEY-04719,CUST-04719,2025-01-01 04:34:00,2025-01-13 04:56:00,Direct,Referral,Direct Visit,Customer Referral,5,5,0,0,0.0,288.37,,,Direct > Organic Social > Organic Search > Display > Referral
JOURNEY-04720,CUST-04720,2025-03-25 02:52:00,2025-04-01 00:45:00,Organic Social,Email,LinkedIn Organic,Welcome Series,3,2,1,1,88.35,165.88,2025-04-01 00:45:00,6.91,Organic Social > Organic Social > Email
JOURNEY-04721,CUST-04721,2025-03-20 01:09:00,2025-03-28 05:15:00,Paid Search,Paid Social,Brand Search,Facebook Ads,4,4,0,0,0.0,196.1,,,Paid Search > Organic Social > Email > Paid Social
JOURNEY-04722,CUST-04722,2025-04-18 02:29:00,2025-04-21 13:14:00,Direct,Referral,Direct Visit,Customer Referral,2,2,0,0,0.0,82.75,,,Direct > Referral
JOURNEY-04723,CUST-04723,2025-02-03 17:01:00,2025-02-10 08:14:00,Display,Paid Search,Banner Campaign,Brand Search,5,4,0,0,0.0,159.22,,,Display > Organic Search > Organic Social > Organic Search > Paid Search
JOURNEY-04724,CUST-04724,2025-04-27 16:53:00,2025-05-01 03:28:00,Paid Search,Direct,Competitor Search,Direct Visit,3,3,0,0,0.0,82.58,,,Paid Search > Email > Direct
JOURNEY-04725,CUST-04725,2025-05-09 14:03:00,2025-05-11 02:45:00,Paid Search,Email,Competitor Search,Newsletter,2,2,0,0,0.0,36.7,,,Paid Search > Email
JOURNEY-04726,CUST-04726,2025-03-16 15:23:00,2025-03-16 15:23:00,Paid Search,Paid Search,Competitor Search,Competitor Search,1,1,0,0,0.0,0.0,,,Paid Search
JOURNEY-04727,CUST-04727,2025-05-21 21:44:00,2025-05-24 05:49:00,Organic Search,Paid Social,Product Pages,Instagram Ads,3,3,0,0,0.0,56.08,,,Organic Search > Paid Search > Paid Social
JOURNEY-04728,CUST-04728,2025-01-30 15:52:00,2025-02-06 08:49:00,Email,Display,Newsletter,Prospecting,4,4,1,1,216.79,160.95,2025-02-06 08:49:00,6.71,Email > Referral > Organic Social > Display
JOURNEY-04729,CUST-04729,2025-03-20 13:10:00,2025-03-25 15:02:00,Organic Social,Email,TikTok Organic,Newsletter,3,3,0,0,0.0,121.87,,,Organic Social > Paid Social > Email
JOURNEY-04730,CUST-04730,2025-03-07 08:27:00,2025-03-15 21:29:00,Organic Social,Email,LinkedIn Organic,Promotional Email,6,5,1,1,93.0,205.03,2025-03-15 21:29:00,8.54,Organic Social > Direct > Organic Social > Display > Paid Search > Email
JOURNEY-04731,CUST-04731,2025-03-24 17:01:00,2025-03-31 11:25:00,Organic Search,Referral,Educational Content,Customer Referral,4,4,0,0,0.0,162.4,,,Organic Search > Email > Paid Search > Referral
JOURNEY-04732,CUST-04732,2025-01-19 21:24:00,2025-01-25 15:17:00,Paid Search,Email,Competitor Search,Newsletter,4,4,0,0,0.0,137.88,,,Paid Search > Organic Search > Direct > Email
JOURNEY-04733,CUST-04733,2025-03-26 22:09:00,2025-04-02 01:05:00,Display,Organic Search,Prospecting,Product Pages,4,3,0,0,0.0,146.93,,,Display > Organic Search > Paid Search > Organic Search
JOURNEY-04734,CUST-04734,2025-06-19 01:18:00,2025-06-25 05:41:00,Display,Organic Search,Banner Campaign,SEO Blog,5,5,0,0,0.0,148.38,,,Display > Paid Social > Email > Direct > Organic Search
JOURNEY-04735,CUST-04735,2025-06-15 20:29:00,2025-06-19 18:33:00,Referral,Direct,Affiliate,Direct Visit,3,3,0,0,0.0,94.07,,,Referral > Organic Social > Direct
JOURNEY-04736,CUST-04736,2025-02-17 12:36:00,2025-02-27 22:17:00,Display,Organic Search,Banner Campaign,Educational Content,5,4,0,0,0.0,249.68,,,Display > Organic Search > Referral > Paid Social > Organic Search
JOURNEY-04737,CUST-04737,2025-05-12 10:54:00,2025-05-24 11:13:00,Organic Search,Organic Search,Educational Content,Product Pages,6,5,0,0,0.0,288.32,,,Organic Search > Paid Social > Organic Social > Display > Paid Search > Organic Search
JOURNEY-04738,CUST-04738,2025-03-25 19:32:00,2025-04-01 18:59:00,Organic Search,Email,Educational Content,Newsletter,4,3,0,0,0.0,167.45,,,Organic Search > Referral > Referral > Email
JOURNEY-04739,CUST-04739,2025-06-26 04:55:00,2025-07-06 12:49:00,Paid Social,Paid Search,LinkedIn Ads,Brand Search,6,5,0,0,0.0,247.9,,,Paid Social > Display > Organic Search > Organic Search > Organic Social > Paid Search
JOURNEY-04740,CUST-04740,2025-06-20 03:42:00,2025-06-24 01:00:00,Referral,Paid Social,Partner Website,Instagram Ads,3,3,1,1,251.71,93.3,2025-06-24 01:00:00,3.89,Referral > Paid Search > Paid Social
JOURNEY-04741,CUST-04741,2025-03-03 14:58:00,2025-03-19 08:34:00,Referral,Email,Partner Website,Welcome Series,7,5,1,1,58.46,377.6,2025-03-19 08:34:00,15.73,Referral > Email > Paid Social > Organic Search > Paid Social > Organic Social > Email
JOURNEY-04742,CUST-04742,2025-02-20 05:21:00,2025-02-24 05:39:00,Organic Social,Referral,LinkedIn Organic,Customer Referral,3,3,0,0,0.0,96.3,,,Organic Social > Paid Search > Referral
JOURNEY-04743,CUST-04743,2025-06-05 18:35:00,2025-06-11 05:47:00,Display,Organic Social,Retargeting,Instagram Organic,3,3,0,0,0.0,131.2,,,Display > Paid Social > Organic Social
JOURNEY-04744,CUST-04744,2025-06-24 14:58:00,2025-06-24 14:58:00,Email,Email,Welcome Series,Welcome Series,1,1,0,0,0.0,0.0,,,Email
JOURNEY-04745,CUST-04745,2025-03-21 12:32:00,2025-03-25 10:04:00,Referral,Paid Search,Customer Referral,Brand Search,3,3,1,1,129.24,93.53,2025-03-25 10:04:00,3.9,Referral > Direct > Paid Search
JOURNEY-04746,CUST-04746,2025-06-23 06:49:00,2025-06-23 06:49:00,Organic Social,Organic Social,TikTok Organic,TikTok Organic,1,1,0,0,0.0,0.0,,,Organic Social
JOURNEY-04747,CUST-04747,2025-05-12 22:19:00,2025-05-21 20:09:00,Email,Organic Social,Promotional Email,LinkedIn Organic,6,5,0,0,0.0,213.83,,,Email > Referral > Paid Search > Organic Search > Email > Organic Social
JOURNEY-04748,CUST-04748,2025-03-17 18:37:00,2025-03-25 07:10:00,Paid Social,Paid Search,Instagram Ads,Brand Search,5,3,0,0,0.0,180.55,,,Paid Social > Paid Search > Email > Email > Paid Search
JOURNEY-04749,CUST-04749,2025-05-25 14:12:00,2025-05-29 04:57:00,Paid Social,Paid Social,Instagram Ads,LinkedIn Ads,3,2,1,1,66.36,86.75,2025-05-29 04:57:00,3.61,Paid Social > Direct > Paid Social
JOURNEY-04750,CUST-04750,2025-01-08 03:51:00,2025-01-23 23:43:00,Paid Social,Organic Search,LinkedIn Ads,SEO Blog,6,3,1,1,249.85,379.87,2025-01-23 23:43:00,15.83,Paid Social > Organic Search > Email > Organic Search > Paid Social > Organic Search
JOURNEY-04751,CUST-04751,2025-01-29 20:31:00,2025-01-30 12:13:00,Paid Search,Paid Social,Product Search,Facebook Ads,2,2,0,0,0.0,15.7,,,Paid Search > Paid Social
JOURNEY-04752,CUST-04752,2025-06-07 15:06:00,2025-06-11 13:32:00,Organic Social,Paid Social,TikTok Organic,LinkedIn Ads,2,2,0,0,0.0,94.43,,,Organic Social > Paid Social
JOURNEY-04753,CUST-04753,2025-03-03 20:29:00,2025-03-07 00:19:00,Display,Paid Social,Banner Campaign,Facebook Ads,2,2,0,0,0.0,75.83,,,Display > Paid Social
JOURNEY-04754,CUST-04754,2025-03-05 20:51:00,2025-03-05 20:51:00,Paid Search,Paid Search,Competitor Search,Competitor Search,1,1,0,0,0.0,0.0,,,Paid Search
JOURNEY-04755,CUST-04755,2025-04-08 09:53:00,2025-04-08 09:53:00,Paid Social,Paid Social,Instagram Ads,Instagram Ads,1,1,0,0,0.0,0.0,,,Paid Social
JOURNEY-04756,CUST-04756,2025-06-19 22:49:00,2025-06-19 22:49:00,Organic Search,Organic Search,SEO Blog,SEO Blog,1,1,0,0,0.0,0.0,,,Organic Search
JOURNEY-04757,CUST-04757,2025-03-09 11:01:00,2025-03-12 11:22:00,Referral,Direct,Affiliate,Direct Visit,2,2,0,0,0.0,72.35,,,Referral > Direct
JOURNEY-04758,CUST-04758,2025-06-03 09:53:00,2025-06-12 01:50:00,Paid Search,Email,Competitor Search,Newsletter,7,4,0,0,0.0,207.95,,,Paid Search > Paid Social > Paid Search > Paid Social > Display > Paid Social > Email
JOURNEY-04759,CUST-04759,2025-01-17 08:29:00,2025-01-27 05:39:00,Email,Organic Search,Promotional Email,Product Pages,7,4,1,1,181.04,237.17,2025-01-27 05:39:00,9.88,Email > Organic Social > Paid Social > Email > Organic Search > Organic Social > Organic Search
JOURNEY-04760,CUST-04760,2025-06-09 10:37:00,2025-06-17 10:26:00,Paid Social,Display,Instagram Ads,Banner Campaign,5,5,0,0,0.0,191.82,,,Paid Social > Referral > Organic Social > Organic Search > Display
JOURNEY-04761,CUST-04761,2025-06-24 01:26:00,2025-06-24 08:11:00,Direct,Paid Search,Direct Visit,Competitor Search,2,2,0,0,0.0,6.75,,,Direct > Paid Search
JOURNEY-04762,CUST-04762,2025-01-21 01:11:00,2025-01-24 01:18:00,Referral,Organic Social,Affiliate,LinkedIn Organic,3,3,0,0,0.0,72.12,,,Referral > Paid Social > Organic Social
JOURNEY-04763,CUST-04763,2025-01-27 13:54:00,2025-01-27 13:54:00,Organic Search,Organic Search,Educational Content,Educational Content,1,1,1,1,141.28,0.0,2025-01-27 13:54:00,0.0,Organic Search
JOURNEY-04764,CUST-04764,2025-01-24 05:56:00,2025-01-28 06:35:00,Paid Social,Organic Search,Facebook Ads,SEO Blog,3,3,0,0,0.0,96.65,,,Paid Social > Email > Organic Search
JOURNEY-04765,CUST-04765,2025-02-11 06:31:00,2025-02-11 06:31:00,Organic Search,Organic Search,SEO Blog,SEO Blog,1,1,0,0,0.0,0.0,,,Organic Search
JOURNEY-04766,CUST-04766,2025-03-18 02:16:00,2025-03-18 11:30:00,Organic Search,Direct,Educational Content,Direct Visit,2,2,0,0,0.0,9.23,,,Organic Search > Direct
JOURNEY-04767,CUST-04767,2025-03-13 03:55:00,2025-03-17 02:49:00,Paid Search,Organic Search,Product Search,SEO Blog,4,4,0,0,0.0,94.9,,,Paid Search > Email > Organic Social > Organic Search
JOURNEY-04768,CUST-04768,2025-06-24 05:33:00,2025-07-01 18:59:00,Paid Search,Organic Search,Brand Search,SEO Blog,4,3,0,0,0.0,181.43,,,Paid Search > Paid Social > Paid Search > Organic Search
JOURNEY-04769,CUST-04769,2025-06-29 05:47:00,2025-07-03 04:08:00,Organic Search,Organic Social,SEO Blog,LinkedIn Organic,2,2,0,0,0.0,94.35,,,Organic Search > Organic Social
JOURNEY-04770,CUST-04770,2025-03-21 05:59:00,2025-03-29 09:29:00,Display,Direct,Retargeting,Direct Visit,6,5,0,0,0.0,195.5,,,Display > Organic Social > Email > Direct > Paid Search > Direct
JOURNEY-04771,CUST-04771,2025-01-02 16:19:00,2025-01-03 13:46:00,Email,Direct,Newsletter,Direct Visit,2,2,1,1,159.77,21.45,2025-01-03 13:46:00,0.89,Email > Direct
JOURNEY-04772,CUST-04772,2025-05-05 16:30:00,2025-05-07 14:38:00,Paid Search,Organic Search,Product Search,Educational Content,2,2,0,0,0.0,46.13,,,Paid Search > Organic Search
JOURNEY-04773,CUST-04773,2025-05-03 11:03:00,2025-05-06 03:30:00,Paid Search,Referral,Competitor Search,Customer Referral,3,3,1,1,86.02,64.45,2025-05-06 03:30:00,2.69,Paid Search > Direct > Referral
JOURNEY-04774,CUST-04774,2025-05-01 04:10:00,2025-05-07 04:26:00,Paid Social,Paid Social,Instagram Ads,Instagram Ads,4,3,0,0,0.0,144.27,,,Paid Social > Email > Organic Social > Paid Social
JOURNEY-04775,CUST-04775,2025-06-23 00:50:00,2025-06-27 09:40:00,Paid Social,Email,Instagram Ads,Promotional Email,4,3,0,0,0.0,104.83,,,Paid Social > Direct > Paid Social > Email
JOURNEY-04776,CUST-04776,2025-06-24 15:38:00,2025-06-25 21:06:00,Paid Social,Email,Facebook Ads,Promotional Email,2,2,0,0,0.0,29.47,,,Paid Social > Email
JOURNEY-04777,CUST-04777,2025-06-06 11:39:00,2025-06-09 13:07:00,Email,Referral,Welcome Series,Partner Website,2,2,0,0,0.0,73.47,,,Email > Referral
JOURNEY-04778,CUST-04778,2025-02-12 12:31:00,2025-02-22 09:37:00,Direct,Display,Direct Visit,Prospecting,5,4,1,1,301.52,237.1,2025-02-22 09:37:00,9.88,Direct > Organic Social > Organic Social > Paid Social > Display
JOURNEY-04779,CUST-04779,2025-05-17 17:07:00,2025-06-01 09:38:00,Email,Email,Newsletter,Promotional Email,7,4,0,0,0.0,352.52,,,Email > Direct > Email > Display > Email > Organic Social > Email
JOURNEY-04780,CUST-04780,2025-06-15 11:47:00,2025-06-19 07:36:00,Direct,Direct,Direct Visit,Direct Visit,3,2,0,0,0.0,91.82,,,Direct > Paid Social > Direct
JOURNEY-04781,CUST-04781,2025-01-24 03:11:00,2025-01-30 05:47:00,Email,Paid Search,Promotional Email,Brand Search,3,3,1,1,64.52,146.6,2025-01-30 05:47:00,6.11,Email > Direct > Paid Search
JOURNEY-04782,CUST-04782,2025-06-11 17:50:00,2025-06-17 00:06:00,Paid Social,Paid Social,Instagram Ads,LinkedIn Ads,4,3,1,1,188.38,126.27,2025-06-17 00:06:00,5.26,Paid Social > Direct > Organic Search > Paid Social
JOURNEY-04783,CUST-04783,2025-06-19 13:32:00,2025-06-21 18:57:00,Display,Direct,Retargeting,Direct Visit,2,2,0,0,0.0,53.42,,,Display > Direct
JOURNEY-04784,CUST-04784,2025-02-23 03:27:00,2025-03-01 00:01:00,Referral,Organic Search,Partner Website,Product Pages,4,4,0,0,0.0,140.57,,,Referral > Paid Search > Paid Social > Organic Search
JOURNEY-04785,CUST-04785,2025-03-30 11:24:00,2025-04-05 08:18:00,Paid Search,Paid Social,Product Search,Instagram Ads,4,4,0,0,0.0,140.9,,,Paid Search > Email > Organic Social > Paid Social
JOURNEY-04786,CUST-04786,2025-04-29 06:59:00,2025-04-30 18:26:00,Paid Search,Paid Social,Product Search,LinkedIn Ads,2,2,0,0,0.0,35.45,,,Paid Search > Paid Social
JOURNEY-04787,CUST-04787,2025-05-09 00:48:00,2025-05-09 00:48:00,Referral,Referral,Affiliate,Affiliate,1,1,0,0,0.0,0.0,,,Referral
JOURNEY-04788,CUST-04788,2025-03-15 13:49:00,2025-03-19 18:16:00,Paid Search,Email,Competitor Search,Promotional Email,4,3,1,1,145.36,100.45,2025-03-19 18:16:00,4.19,Paid Search > Email > Organic Search > Email
JOURNEY-04789,CUST-04789,2025-06-08 12:45:00,2025-06-10 23:31:00,Display,Organic Social,Prospecting,TikTok Organic,2,2,0,0,0.0,58.77,,,Display > Organic Social
JOURNEY-04790,CUST-04790,2025-04-02 11:11:00,2025-04-10 07:15:00,Paid Search,Direct,Product Search,Direct Visit,4,4,1,1,75.24,188.07,2025-04-10 07:15:00,7.84,Paid Search > Display > Organic Social > Direct
JOURNEY-04791,CUST-04791,2025-01-06 10:50:00,2025-01-12 06:37:00,Paid Search,Paid Search,Competitor Search,Competitor Search,4,3,0,0,0.0,139.78,,,Paid Search > Referral > Email > Paid Search
JOURNEY-04792,CUST-04792,2025-03-01 20:05:00,2025-03-01 20:05:00,Email,Email,Welcome Series,Welcome Series,1,1,0,0,0.0,0.0,,,Email
JOURNEY-04793,CUST-04793,2025-04-16 23:22:00,2025-04-17 14:22:00,Paid Search,Direct,Competitor Search,Direct Visit,2,2,0,0,0.0,15.0,,,Paid Search > Direct
JOURNEY-04794,CUST-04794,2025-01-02 15:07:00,2025-01-11 01:45:00,Organic Social,Paid Search,TikTok Organic,Brand Search,4,4,0,0,0.0,202.63,,,Organic Social > Direct > Organic Search > Paid Search
JOURNEY-04795,CUST-04795,2025-03-20 06:51:00,2025-03-23 17:16:00,Direct,Referral,Direct Visit,Affiliate,4,3,0,0,0.0,82.42,,,Direct > Organic Social > Direct > Referral
JOURNEY-04796,CUST-04796,2025-05-06 11:31:00,2025-05-14 09:19:00,Paid Search,Organic Search,Brand Search,Educational Content,5,5,0,0,0.0,189.8,,,Paid Search > Email > Paid Social > Direct > Organic Search
JOURNEY-04797,CUST-04797,2025-05-15 16:08:00,2025-05-17 13:09:00,Referral,Organic Search,Customer Referral,Product Pages,2,2,0,0,0.0,45.02,,,Referral > Organic Search
JOURNEY-04798,CUST-04798,2025-06-25 09:26:00,2025-06-25 09:26:00,Organic Social,Organic Social,Instagram Organic,Instagram Organic,1,1,0,0,0.0,0.0,,,Organic Social
JOURNEY-04799,CUST-04799,2025-05-19 18:58:00,2025-05-23 01:24:00,Direct,Organic Social,Direct Visit,TikTok Organic,3,3,0,0,0.0,78.43,,,Direct > Organic Search > Organic Social
JOURNEY-04800,CUST-04800,2025-06-01 08:19:00,2025-06-05 05:44:00,Paid Social,Direct,LinkedIn Ads,Direct Visit,3,3,0,0,0.0,93.42,,,Paid Social > Display > Direct
JOURNEY-04801,CUST-04801,2025-06-24 04:54:00,2025-07-03 17:30:00,Organic Social,Email,LinkedIn Organic,Newsletter,5,4,0,0,0.0,228.6,,,Organic Social > Organic Search > Organic Social > Direct > Email
JOURNEY-04802,CUST-04802,2025-04-02 09:40:00,2025-04-13 07:25:00,Referral,Organic Search,Affiliate,Product Pages,5,5,0,0,0.0,261.75,,,Referral > Paid Search > Email > Direct > Organic Search
JOURNEY-04803,CUST-04803,2025-01-07 06:27:00,2025-01-11 23:41:00,Organic Social,Direct,LinkedIn Organic,Direct Visit,4,4,1,1,139.63,113.23,2025-01-11 23:41:00,4.72,Organic Social > Paid Social > Email > Direct
JOURNEY-04804,CUST-04804,2025-04-02 12:23:00,2025-04-03 17:58:00,Display,Organic Search,Retargeting,Educational Content,3,3,0,0,0.0,29.58,,,Display > Organic Social > Organic Search
JOURNEY-04805,CUST-04805,2025-06-08 01:55:00,2025-06-09 11:06:00,Paid Search,Paid Search,Brand Search,Competitor Search,2,1,0,0,0.0,33.18,,,Paid Search > Paid Search
JOURNEY-04806,CUST-04806,2025-01-13 21:47:00,2025-01-15 02:33:00,Paid Social,Organic Search,Instagram Ads,SEO Blog,2,2,0,0,0.0,28.77,,,Paid Social > Organic Search
JOURNEY-04807,CUST-04807,2025-02-15 03:10:00,2025-02-21 17:21:00,Organic Social,Paid Social,TikTok Organic,Facebook Ads,3,3,0,0,0.0,158.18,,,Organic Social > Referral > Paid Social
JOURNEY-04808,CUST-04808,2025-03-28 08:08:00,2025-04-04 21:32:00,Paid Search,Referral,Competitor Search,Affiliate,3,3,0,0,0.0,181.4,,,Paid Search > Email > Referral
JOURNEY-04809,CUST-04809,2025-03-04 10:05:00,2025-03-10 14:55:00,Organic Search,Direct,SEO Blog,Direct Visit,3,3,1,1,224.78,148.83,2025-03-10 14:55:00,6.2,Organic Search > Referral > Direct
JOURNEY-04810,CUST-04810,2025-04-19 21:50:00,2025-04-19 21:50:00,Paid Social,Paid Social,LinkedIn Ads,LinkedIn Ads,1,1,0,0,0.0,0.0,,,Paid Social
JOURNEY-04811,CUST-04811,2025-04-02 02:10:00,2025-04-15 22:25:00,Display,Organic Social,Prospecting,LinkedIn Organic,8,5,0,0,0.0,332.25,,,Display > Paid Search > Organic Social > Organic Search > Organic Social > Organic Search > Email > Organic Social
JOURNEY-04812,CUST-04812,2025-02-14 15:57:00,2025-03-01 10:46:00,Email,Referral,Newsletter,Partner Website,7,6,1,1,117.99,354.82,2025-03-01 10:46:00,14.78,Email > Display > Paid Search > Direct > Paid Social > Email > Referral
JOURNEY-04813,CUST-04813,2025-01-31 03:37:00,2025-02-05 19:11:00,Email,Direct,Welcome Series,Direct Visit,3,3,1,1,504.64,135.57,2025-02-05 19:11:00,5.65,Email > Display > Direct
JOURNEY-04814,CUST-04814,2025-04-21 11:53:00,2025-04-22 16:33:00,Paid Search,Email,Product Search,Promotional Email,2,2,0,0,0.0,28.67,,,Paid Search > Email
JOURNEY-04815,CUST-04815,2025-02-15 00:39:00,2025-02-17 00:12:00,Email,Paid Search,Welcome Series,Product Search,2,2,0,0,0.0,47.55,,,Email > Paid Search
JOURNEY-04816,CUST-04816,2025-02-26 07:53:00,2025-02-26 18:31:00,Email,Email,Welcome Series,Welcome Series,2,1,0,0,0.0,10.63,,,Email > Email
JOURNEY-04817,CUST-04817,2025-05-19 08:13:00,2025-05-26 18:42:00,Paid Social,Organic Search,LinkedIn Ads,Educational Content,4,3,0,0,0.0,178.48,,,Paid Social > Referral > Paid Social > Organic Search
JOURNEY-04818,CUST-04818,2025-02-08 04:42:00,2025-02-13 11:23:00,Paid Search,Organic Search,Competitor Search,Educational Content,3,3,0,0,0.0,126.68,,,Paid Search > Paid Social > Organic Search
JOURNEY-04819,CUST-04819,2025-03-01 22:01:00,2025-03-01 22:01:00,Paid Social,Paid Social,Instagram Ads,Instagram Ads,1,1,0,0,0.0,0.0,,,Paid Social
JOURNEY-04820,CUST-04820,2025-03-16 00:07:00,2025-03-27 03:46:00,Direct,Organic Social,Direct Visit,TikTok Organic,5,5,0,0,0.0,267.65,,,Direct > Email > Organic Search > Display > Organic Social
JOURNEY-04821,CUST-04821,2025-03-05 04:55:00,2025-03-15 05:03:00,Organic Search,Paid Social,Educational Content,Instagram Ads,5,3,0,0,0.0,240.13,,,Organic Search > Paid Search > Paid Social > Paid Search > Paid Social
JOURNEY-04822,CUST-04822,2025-05-20 02:08:00,2025-05-28 07:58:00,Paid Social,Organic Social,Instagram Ads,TikTok Organic,4,4,0,0,0.0,197.83,,,Paid Social > Paid Search > Email > Organic Social
JOURNEY-04823,CUST-04823,2025-05-28 07:41:00,2025-06-02 08:33:00,Organic Search,Display,Product Pages,Retargeting,4,3,0,0,0.0,120.87,,,Organic Search > Organic Search > Paid Search > Display
JOURNEY-04824,CUST-04824,2025-03-06 15:23:00,2025-03-13 03:13:00,Paid Search,Direct,Product Search,Direct Visit,4,3,0,0,0.0,155.83,,,Paid Search > Email > Paid Search > Direct
JOURNEY-04825,CUST-04825,2025-02-04 20:39:00,2025-02-07 16:12:00,Email,Referral,Welcome Series,Customer Referral,3,3,1,1,81.76,67.55,2025-02-07 16:12:00,2.81,Email > Paid Social > Referral
JOURNEY-04826,CUST-04826,2025-02-22 14:25:00,2025-03-03 13:06:00,Email,Paid Social,Welcome Series,Facebook Ads,6,3,0,0,0.0,214.68,,,Email > Display > Email > Display > Email > Paid Social
JOURNEY-04827,CUST-04827,2025-06-25 04:37:00,2025-06-25 04:37:00,Referral,Referral,Customer Referral,Customer Referral,1,1,0,0,0.0,0.0,,,Referral
JOURNEY-04828,CUST-04828,2025-05-07 21:28:00,2025-05-19 21:16:00,Referral,Display,Partner Website,Prospecting,6,5,0,0,0.0,287.8,,,Referral > Direct > Organic Search > Referral > Organic Social > Display
JOURNEY-04829,CUST-04829,2025-03-22 04:56:00,2025-03-22 19:29:00,Paid Social,Direct,Instagram Ads,Direct Visit,2,2,0,0,0.0,14.55,,,Paid Social > Direct
JOURNEY-04830,CUST-04830,2025-02-21 01:21:00,2025-03-04 03:36:00,Email,Paid Social,Newsletter,Facebook Ads,7,5,0,0,0.0,266.25,,,Email > Display > Referral > Referral > Email > Paid Search > Paid Social
JOURNEY-04831,CUST-04831,2025-01-14 22:09:00,2025-01-22 06:59:00,Paid Social,Referral,Facebook Ads,Customer Referral,5,4,0,0,0.0,176.83,,,Paid Social > Email > Paid Search > Email > Referral
JOURNEY-04832,CUST-04832,2025-02-17 15:16:00,2025-02-17 15:16:00,Paid Social,Paid Social,Facebook Ads,Facebook Ads,1,1,0,0,0.0,0.0,,,Paid Social
JOURNEY-04833,CUST-04833,2025-04-22 07:00:00,2025-04-25 01:08:00,Organic Social,Email,Instagram Organic,Newsletter,3,3,0,0,0.0,66.13,,,Organic Social > Paid Search > Email
JOURNEY-04834,CUST-04834,2025-01-21 19:58:00,2025-01-26 19:34:00,Organic Social,Direct,LinkedIn Organic,Direct Visit,4,4,1,1,42.49,119.6,2025-01-26 19:34:00,4.98,Organic Social > Organic Search > Paid Search > Direct
JOURNEY-04835,CUST-04835,2025-06-12 01:56:00,2025-06-12 01:56:00,Email,Email,Newsletter,Newsletter,1,1,1,1,90.2,0.0,2025-06-12 01:56:00,0.0,Email
JOURNEY-04836,CUST-04836,2025-06-15 11:07:00,2025-06-26 15:21:00,Paid Search,Paid Social,Brand Search,Facebook Ads,4,4,0,0,0.0,268.23,,,Paid Search > Display > Organic Search > Paid Social
JOURNEY-04837,CUST-04837,2025-06-08 02:45:00,2025-06-12 18:46:00,Paid Search,Direct,Competitor Search,Direct Visit,3,3,0,0,0.0,112.02,,,Paid Search > Organic Search > Direct
JOURNEY-04838,CUST-04838,2025-02-26 07:30:00,2025-02-28 01:00:00,Direct,Email,Direct Visit,Promotional Email,3,3,0,0,0.0,41.5,,,Direct > Paid Search > Email
JOURNEY-04839,CUST-04839,2025-02-21 18:17:00,2025-02-23 18:02:00,Paid Social,Email,LinkedIn Ads,Promotional Email,4,4,1,1,172.8,47.75,2025-02-23 18:02:00,1.99,Paid Social > Paid Search > Display > Email
JOURNEY-04840,CUST-04840,2025-01-26 15:56:00,2025-01-26 15:56:00,Paid Social,Paid Social,Instagram Ads,Instagram Ads,1,1,1,1,48.89,0.0,2025-01-26 15:56:00,0.0,Paid Social
JOURNEY-04841,CUST-04841,2025-04-21 06:20:00,2025-04-25 02:16:00,Paid Social,Display,Instagram Ads,Prospecting,2,2,0,0,0.0,91.93,,,Paid Social > Display
JOURNEY-04842,CUST-04842,2025-02-02 10:39:00,2025-02-07 02:55:00,Referral,Organic Search,Affiliate,SEO Blog,4,3,1,1,54.18,112.27,2025-02-07 02:55:00,4.68,Referral > Direct > Referral > Organic Search
JOURNEY-04843,CUST-04843,2025-05-12 14:25:00,2025-05-21 01:16:00,Direct,Organic Social,Direct Visit,Instagram Organic,4,4,0,0,0.0,202.85,,,Direct > Organic Search > Paid Social > Organic Social
JOURNEY-04844,CUST-04844,2025-02-05 04:40:00,2025-02-08 15:24:00,Paid Search,Organic Social,Competitor Search,LinkedIn Organic,4,4,0,0,0.0,82.73,,,Paid Search > Display > Organic Search > Organic Social
JOURNEY-04845,CUST-04845,2025-02-06 13:30:00,2025-02-11 05:39:00,Display,Display,Banner Campaign,Banner Campaign,3,2,0,0,0.0,112.15,,,Display > Organic Search > Display
JOURNEY-04846,CUST-04846,2025-01-17 10:15:00,2025-01-17 10:15:00,Email,Email,Promotional Email,Promotional Email,1,1,0,0,0.0,0.0,,,Email
JOURNEY-04847,CUST-04847,2025-06-24 14:56:00,2025-06-30 08:12:00,Referral,Paid Social,Partner Website,Instagram Ads,4,4,0,0,0.0,137.27,,,Referral > Paid Search > Organic Social > Paid Social
JOURNEY-04848,CUST-04848,2025-06-08 19:55:00,2025-06-12 10:20:00,Paid Social,Email,Facebook Ads,Promotional Email,3,3,0,0,0.0,86.42,,,Paid Social > Referral > Email
JOURNEY-04849,CUST-04849,2025-04-03 10:26:00,2025-04-03 15:28:00,Email,Paid Search,Welcome Series,Product Search,2,2,1,1,107.27,5.03,2025-04-03 15:28:00,0.21,Email > Paid Search
JOURNEY-04850,CUST-04850,2025-02-09 16:15:00,2025-02-09 16:15:00,Organic Search,Organic Search,Educational Content,Educational Content,1,1,0,0,0.0,0.0,,,Organic Search
JOURNEY-04851,CUST-04851,2025-02-09 11:28:00,2025-02-18 06:54:00,Email,Email,Newsletter,Newsletter,5,4,0,0,0.0,211.43,,,Email > Organic Social > Paid Social > Organic Search > Email
JOURNEY-04852,CUST-04852,2025-05-01 04:01:00,2025-05-08 08:13:00,Referral,Paid Social,Customer Referral,LinkedIn Ads,5,5,1,1,47.91,172.2,2025-05-08 08:13:00,7.18,Referral > Organic Social > Organic Search > Email > Paid Social
JOURNEY-04853,CUST-04853,2025-06-01 22:04:00,2025-06-18 16:29:00,Organic Social,Direct,LinkedIn Organic,Direct Visit,6,4,0,0,0.0,402.42,,,Organic Social > Direct > Organic Search > Paid Search > Organic Social > Direct
JOURNEY-04854,CUST-04854,2025-04-02 13:35:00,2025-04-02 13:35:00,Organic Search,Organic Search,SEO Blog,SEO Blog,1,1,1,1,57.46,0.0,2025-04-02 13:35:00,0.0,Organic Search
JOURNEY-04855,CUST-04855,2025-01-07 00:13:00,2025-01-13 05:32:00,Organic Search,Paid Social,Product Pages,Facebook Ads,4,4,0,0,0.0,149.32,,,Organic Search > Organic Social > Email > Paid Social
JOURNEY-04856,CUST-04856,2025-06-05 07:46:00,2025-06-05 07:46:00,Paid Social,Paid Social,Facebook Ads,Facebook Ads,1,1,0,0,0.0,0.0,,,Paid Social
JOURNEY-04857,CUST-04857,2025-06-10 02:52:00,2025-06-20 19:28:00,Email,Paid Search,Welcome Series,Product Search,5,4,1,1,143.6,256.6,2025-06-20 19:28:00,10.69,Email > Paid Social > Referral > Paid Social > Paid Search
JOURNEY-04858,CUST-04858,2025-06-13 20:08:00,2025-06-15 16:43:00,Paid Search,Display,Brand Search,Prospecting,2,2,0,0,0.0,44.58,,,Paid Search > Display
JOURNEY-04859,CUST-04859,2025-01-21 06:36:00,2025-01-28 20:47:00,Paid Social,Email,Facebook Ads,Newsletter,5,3,1,1,145.59,182.18,2025-01-28 20:47:00,7.59,Paid Social > Organic Search > Email > Email > Email
JOURNEY-04860,CUST-04860,2025-04-26 01:00:00,2025-04-26 22:15:00,Paid Search,Direct,Brand Search,Direct Visit,2,2,0,0,0.0,21.25,,,Paid Search > Direct
JOURNEY-04861,CUST-04861,2025-05-19 21:39:00,2025-05-28 10:05:00,Direct,Referral,Direct Visit,Affiliate,5,5,1,1,131.69,204.43,2025-05-28 10:05:00,8.52,Direct > Paid Search > Display > Organic Search > Referral
JOURNEY-04862,CUST-04862,2025-06-22 12:38:00,2025-06-27 22:25:00,Email,Organic Social,Promotional Email,LinkedIn Organic,4,4,1,1,45.36,129.78,2025-06-27 22:25:00,5.41,Email > Display > Paid Search > Organic Social
JOURNEY-04863,CUST-04863,2025-05-31 10:15:00,2025-06-03 06:20:00,Organic Search,Paid Social,SEO Blog,LinkedIn Ads,3,3,1,1,109.76,68.08,2025-06-03 06:20:00,2.84,Organic Search > Direct > Paid Social
JOURNEY-04864,CUST-04864,2025-05-16 23:18:00,2025-05-30 17:47:00,Paid Social,Organic Social,Instagram Ads,TikTok Organic,6,5,0,0,0.0,330.48,,,Paid Social > Organic Search > Paid Search > Email > Email > Organic Social
JOURNEY-04865,CUST-04865,2025-03-08 08:14:00,2025-03-09 15:09:00,Email,Direct,Welcome Series,Direct Visit,2,2,0,0,0.0,30.92,,,Email > Direct
JOURNEY-04866,CUST-04866,2025-05-06 08:50:00,2025-05-09 11:26:00,Paid Social,Direct,Instagram Ads,Direct Visit,2,2,0,0,0.0,74.6,,,Paid Social > Direct
JOURNEY-04867,CUST-04867,2025-06-10 03:03:00,2025-06-18 13:45:00,Display,Organic Search,Retargeting,Educational Content,6,5,1,1,153.44,202.7,2025-06-18 13:45:00,8.45,Display > Email > Organic Search > Organic Social > Paid Social > Organic Search
JOURNEY-04868,CUST-04868,2025-01-24 07:21:00,2025-02-02 13:31:00,Display,Organic Social,Retargeting,TikTok Organic,5,5,0,0,0.0,222.17,,,Display > Organic Search > Referral > Paid Search > Organic Social
JOURNEY-04869,CUST-04869,2025-03-07 05:40:00,2025-03-18 14:54:00,Direct,Direct,Direct Visit,Direct Visit,5,3,0,0,0.0,273.23,,,Direct > Email > Paid Social > Direct > Direct
JOURNEY-04870,CUST-04870,2025-05-02 16:36:00,2025-05-04 05:43:00,Organic Social,Paid Social,LinkedIn Organic,Instagram Ads,3,3,1,1,143.06,37.12,2025-05-04 05:43:00,1.55,Organic Social > Direct > Paid Social
JOURNEY-04871,CUST-04871,2025-03-09 03:24:00,2025-03-09 07:51:00,Organic Search,Organic Social,SEO Blog,LinkedIn Organic,2,2,0,0,0.0,4.45,,,Organic Search > Organic Social
JOURNEY-04872,CUST-04872,2025-06-04 21:35:00,2025-06-08 10:12:00,Direct,Direct,Direct Visit,Direct Visit,3,2,0,0,0.0,84.62,,,Direct > Paid Search > Direct
JOURNEY-04873,CUST-04873,2025-03-02 08:26:00,2025-03-05 09:04:00,Paid Social,Email,Facebook Ads,Promotional Email,4,3,0,0,0.0,72.63,,,Paid Social > Email > Paid Search > Email
JOURNEY-04874,CUST-04874,2025-03-21 01:31:00,2025-03-23 11:43:00,Display,Direct,Prospecting,Direct Visit,3,2,0,0,0.0,58.2,,,Display > Direct > Direct
JOURNEY-04875,CUST-04875,2025-02-28 05:00:00,2025-03-03 16:01:00,Paid Search,Email,Product Search,Promotional Email,3,3,1,1,105.66,83.02,2025-03-03 16:01:00,3.46,Paid Search > Organic Search > Email
JOURNEY-04876,CUST-04876,2025-06-10 19:03:00,2025-06-17 00:04:00,Organic Social,Paid Social,TikTok Organic,Instagram Ads,4,4,1,1,274.1,149.02,2025-06-17 00:04:00,6.21,Organic Social > Paid Search > Referral > Paid Social
JOURNEY-04877,CUST-04877,2025-04-01 19:07:00,2025-04-04 21:18:00,Organic Search,Direct,SEO Blog,Direct Visit,2,2,0,0,0.0,74.18,,,Organic Search > Direct
JOURNEY-04878,CUST-04878,2025-02-11 20:12:00,2025-02-11 20:12:00,Paid Social,Paid Social,LinkedIn Ads,LinkedIn Ads,1,1,0,0,0.0,0.0,,,Paid Social
JOURNEY-04879,CUST-04879,2025-05-29 20:07:00,2025-06-02 20:48:00,Direct,Paid Social,Direct Visit,LinkedIn Ads,3,3,0,0,0.0,96.68,,,Direct > Organic Search > Paid Social
JOURNEY-04880,CUST-04880,2025-01-03 20:37:00,2025-01-05 21:29:00,Referral,Paid Social,Affiliate,Instagram Ads,2,2,0,0,0.0,48.87,,,Referral > Paid Social
JOURNEY-04881,CUST-04881,2025-05-18 06:33:00,2025-05-23 18:41:00,Referral,Paid Social,Customer Referral,Instagram Ads,3,3,0,0,0.0,132.13,,,Referral > Email > Paid Social
JOURNEY-04882,CUST-04882,2025-02-24 08:48:00,2025-03-02 18:40:00,Email,Organic Social,Promotional Email,LinkedIn Organic,3,3,0,0,0.0,153.87,,,Email > Paid Social > Organic Social
JOURNEY-04883,CUST-04883,2025-06-11 21:11:00,2025-06-18 21:59:00,Paid Social,Organic Social,Instagram Ads,Instagram Organic,4,4,0,0,0.0,168.8,,,Paid Social > Paid Search > Organic Search > Organic Social
JOURNEY-04884,CUST-04884,2025-01-10 01:53:00,2025-01-15 06:11:00,Paid Search,Email,Product Search,Promotional Email,3,3,1,1,106.44,124.3,2025-01-15 06:11:00,5.18,Paid Search > Display > Email
JOURNEY-04885,CUST-04885,2025-02-20 11:19:00,2025-03-06 03:51:00,Paid Search,Direct,Product Search,Direct Visit,6,4,0,0,0.0,328.53,,,Paid Search > Display > Paid Search > Organic Search > Paid Search > Direct
JOURNEY-04886,CUST-04886,2025-03-30 14:53:00,2025-04-15 11:14:00,Organic Social,Display,LinkedIn Organic,Banner Campaign,8,5,0,0,0.0,380.35,,,Organic Social > Referral > Email > Direct > Email > Display > Direct > Display
JOURNEY-04887,CUST-04887,2025-03-26 12:37:00,2025-04-08 06:25:00,Organic Social,Organic Search,TikTok Organic,Product Pages,6,5,1,1,131.11,305.8,2025-04-08 06:25:00,12.74,Organic Social > Paid Search > Organic Search > Paid Social > Display > Organic Search
JOURNEY-04888,CUST-04888,2025-04-06 00:07:00,2025-04-10 11:25:00,Referral,Email,Partner Website,Newsletter,4,4,0,0,0.0,107.3,,,Referral > Paid Social > Paid Search > Email
JOURNEY-04889,CUST-04889,2025-05-18 11:59:00,2025-05-26 08:31:00,Email,Display,Welcome Series,Retargeting,4,4,0,0,0.0,188.53,,,Email > Organic Search > Paid Search > Display
JOURNEY-04890,CUST-04890,2025-05-14 23:18:00,2025-05-25 01:00:00,Organic Search,Display,Educational Content,Banner Campaign,5,4,1,1,36.49,241.7,2025-05-25 01:00:00,10.07,Organic Search > Organic Search > Email > Organic Social > Display
JOURNEY-04891,CUST-04891,2025-02-06 18:55:00,2025-02-13 07:28:00,Paid Social,Email,Instagram Ads,Promotional Email,5,5,0,0,0.0,156.55,,,Paid Social > Organic Search > Direct > Organic Social > Email
JOURNEY-04892,CUST-04892,2025-06-11 10:04:00,2025-06-16 13:34:00,Email,Organic Search,Newsletter,Product Pages,4,3,0,0,0.0,123.5,,,Email > Organic Search > Paid Social > Organic Search
JOURNEY-04893,CUST-04893,2025-04-23 07:27:00,2025-04-25 03:59:00,Paid Search,Email,Product Search,Newsletter,2,2,0,0,0.0,44.53,,,Paid Search > Email
JOURNEY-04894,CUST-04894,2025-06-29 18:18:00,2025-07-03 09:08:00,Paid Search,Paid Search,Competitor Search,Product Search,4,3,0,0,0.0,86.83,,,Paid Search > Organic Search > Display > Paid Search
JOURNEY-04895,CUST-04895,2025-02-07 23:46:00,2025-02-12 02:33:00,Referral,Paid Social,Customer Referral,Instagram Ads,3,3,0,0,0.0,98.78,,,Referral > Email > Paid Social
JOURNEY-04896,CUST-04896,2025-06-20 19:48:00,2025-06-26 10:07:00,Paid Social,Paid Search,Instagram Ads,Product Search,4,4,0,0,0.0,134.32,,,Paid Social > Organic Search > Email > Paid Search
JOURNEY-04897,CUST-04897,2025-02-12 12:26:00,2025-02-21 12:55:00,Referral,Paid Social,Partner Website,Facebook Ads,5,4,1,1,127.26,216.48,2025-02-21 12:55:00,9.02,Referral > Display > Paid Social > Email > Paid Social
JOURNEY-04898,CUST-04898,2025-05-19 08:11:00,2025-05-25 23:28:00,Paid Social,Email,LinkedIn Ads,Welcome Series,3,2,0,0,0.0,159.28,,,Paid Social > Paid Social > Email
JOURNEY-04899,CUST-04899,2025-04-12 14:04:00,2025-04-19 04:32:00,Email,Paid Search,Promotional Email,Product Search,5,4,0,0,0.0,158.47,,,Email > Display > Organic Social > Email > Paid Search
JOURNEY-04900,CUST-04900,2025-02-16 19:36:00,2025-02-19 12:04:00,Paid Search,Paid Search,Brand Search,Competitor Search,2,1,0,0,0.0,64.47,,,Paid Search > Paid Search
JOURNEY-04901,CUST-04901,2025-06-13 11:29:00,2025-06-13 11:29:00,Display,Display,Banner Campaign,Banner Campaign,1,1,1,1,348.42,0.0,2025-06-13 11:29:00,0.0,Display
JOURNEY-04902,CUST-04902,2025-01-26 14:25:00,2025-01-29 14:14:00,Paid Search,Email,Brand Search,Newsletter,3,3,0,0,0.0,71.82,,,Paid Search > Direct > Email
JOURNEY-04903,CUST-04903,2025-04-06 13:50:00,2025-04-15 01:43:00,Direct,Organic Search,Direct Visit,SEO Blog,4,4,0,0,0.0,203.88,,,Direct > Paid Social > Organic Social > Organic Search
JOURNEY-04904,CUST-04904,2025-06-02 07:32:00,2025-06-15 11:15:00,Paid Social,Display,LinkedIn Ads,Banner Campaign,8,7,1,1,65.66,315.72,2025-06-15 11:15:00,13.15,Paid Social > Paid Search > Organic Social > Direct > Email > Organic Social > Organic Search > Display
JOURNEY-04905,CUST-04905,2025-03-11 22:03:00,2025-03-15 07:42:00,Email,Email,Newsletter,Welcome Series,3,2,0,0,0.0,81.65,,,Email > Referral > Email
JOURNEY-04906,CUST-04906,2025-01-07 12:17:00,2025-01-07 12:17:00,Paid Search,Paid Search,Brand Search,Brand Search,1,1,0,0,0.0,0.0,,,Paid Search
JOURNEY-04907,CUST-04907,2025-01-24 00:54:00,2025-01-30 09:54:00,Organic Social,Display,TikTok Organic,Retargeting,5,4,0,0,0.0,153.0,,,Organic Social > Paid Social > Organic Social > Organic Search > Display
JOURNEY-04908,CUST-04908,2025-04-01 16:43:00,2025-04-09 12:55:00,Email,Paid Social,Welcome Series,Facebook Ads,4,4,0,0,0.0,188.2,,,Email > Organic Search > Organic Social > Paid Social
JOURNEY-04909,CUST-04909,2025-01-27 07:17:00,2025-02-03 20:25:00,Referral,Paid Social,Partner Website,Facebook Ads,5,4,0,0,0.0,181.13,,,Referral > Direct > Paid Social > Paid Search > Paid Social
JOURNEY-04910,CUST-04910,2025-01-01 09:53:00,2025-01-01 09:53:00,Organic Search,Organic Search,SEO Blog,SEO Blog,1,1,0,0,0.0,0.0,,,Organic Search
JOURNEY-04911,CUST-04911,2025-01-24 08:29:00,2025-01-29 16:29:00,Direct,Email,Direct Visit,Promotional Email,4,4,1,1,158.45,128.0,2025-01-29 16:29:00,5.33,Direct > Paid Search > Display > Email
JOURNEY-04912,CUST-04912,2025-01-07 20:14:00,2025-01-17 16:22:00,Paid Social,Paid Social,Instagram Ads,Instagram Ads,5,3,0,0,0.0,236.13,,,Paid Social > Referral > Organic Search > Organic Search > Paid Social
JOURNEY-04913,CUST-04913,2025-05-20 23:32:00,2025-05-24 01:30:00,Paid Social,Paid Search,Facebook Ads,Competitor Search,2,2,0,0,0.0,73.97,,,Paid Social > Paid Search
JOURNEY-04914,CUST-04914,2025-05-13 21:51:00,2025-05-18 00:35:00,Referral,Display,Affiliate,Prospecting,3,3,0,0,0.0,98.73,,,Referral > Organic Social > Display
JOURNEY-04915,CUST-04915,2025-05-03 00:01:00,2025-05-15 14:59:00,Display,Referral,Retargeting,Customer Referral,7,4,0,0,0.0,302.97,,,Display > Email > Organic Search > Email > Organic Search > Display > Referral
JOURNEY-04916,CUST-04916,2025-03-13 07:04:00,2025-03-16 23:21:00,Paid Social,Paid Search,Instagram Ads,Brand Search,3,3,0,0,0.0,88.28,,,Paid Social > Display > Paid Search
JOURNEY-04917,CUST-04917,2025-04-06 03:40:00,2025-04-06 03:40:00,Paid Search,Paid Search,Competitor Search,Competitor Search,1,1,0,0,0.0,0.0,,,Paid Search
JOURNEY-04918,CUST-04918,2025-05-27 01:07:00,2025-06-09 03:21:00,Email,Referral,Promotional Email,Affiliate,6,4,1,1,146.76,314.23,2025-06-09 03:21:00,13.09,Email > Paid Search > Direct > Paid Search > Email > Referral
JOURNEY-04919,CUST-04919,2025-02-26 19:34:00,2025-03-01 14:48:00,Paid Social,Paid Social,LinkedIn Ads,Instagram Ads,3,2,0,0,0.0,67.23,,,Paid Social > Email > Paid Social
JOURNEY-04920,CUST-04920,2025-02-02 04:03:00,2025-02-03 03:20:00,Organic Social,Email,TikTok Organic,Welcome Series,2,2,0,0,0.0,23.28,,,Organic Social > Email
JOURNEY-04921,CUST-04921,2025-04-08 09:23:00,2025-04-12 08:42:00,Organic Social,Email,TikTok Organic,Newsletter,3,3,0,0,0.0,95.32,,,Organic Social > Paid Search > Email
JOURNEY-04922,CUST-04922,2025-03-15 04:27:00,2025-03-21 13:27:00,Display,Email,Prospecting,Promotional Email,4,4,0,0,0.0,153.0,,,Display > Paid Social > Organic Social > Email
JOURNEY-04923,CUST-04923,2025-06-23 04:15:00,2025-06-28 20:38:00,Paid Search,Paid Search,Brand Search,Competitor Search,3,2,0,0,0.0,136.38,,,Paid Search > Organic Search > Paid Search
JOURNEY-04924,CUST-04924,2025-06-23 17:22:00,2025-06-23 17:22:00,Referral,Referral,Customer Referral,Customer Referral,1,1,0,0,0.0,0.0,,,Referral
JOURNEY-04925,CUST-04925,2025-02-28 23:49:00,2025-03-05 11:10:00,Display,Paid Search,Retargeting,Competitor Search,3,3,0,0,0.0,107.35,,,Display > Paid Social > Paid Search
JOURNEY-04926,CUST-04926,2025-01-10 19:40:00,2025-01-14 12:57:00,Organic Social,Paid Social,LinkedIn Organic,Facebook Ads,2,2,1,1,111.61,89.28,2025-01-14 12:57:00,3.72,Organic Social > Paid Social
JOURNEY-04927,CUST-04927,2025-02-02 13:06:00,2025-02-17 15:09:00,Direct,Organic Search,Direct Visit,SEO Blog,6,4,1,1,85.27,362.05,2025-02-17 15:09:00,15.09,Direct > Organic Search > Organic Search > Referral > Paid Social > Organic Search
JOURNEY-04928,CUST-04928,2025-01-01 02:51:00,2025-01-03 11:17:00,Organic Search,Display,Product Pages,Prospecting,2,2,0,0,0.0,56.43,,,Organic Search > Display
JOURNEY-04929,CUST-04929,2025-05-12 14:37:00,2025-05-17 18:51:00,Organic Social,Direct,Instagram Organic,Direct Visit,4,4,1,1,200.16,124.23,2025-05-17 18:51:00,5.18,Organic Social > Organic Search > Display > Direct
JOURNEY-04930,CUST-04930,2025-01-27 14:57:00,2025-01-28 22:22:00,Organic Search,Organic Social,Product Pages,LinkedIn Organic,3,3,0,0,0.0,31.42,,,Organic Search > Email > Organic Social
JOURNEY-04931,CUST-04931,2025-05-23 03:28:00,2025-05-23 03:28:00,Email,Email,Welcome Series,Welcome Series,1,1,1,1,76.69,0.0,2025-05-23 03:28:00,0.0,Email
JOURNEY-04932,CUST-04932,2025-01-21 01:43:00,2025-01-29 09:11:00,Display,Paid Social,Prospecting,LinkedIn Ads,4,4,0,0,0.0,199.47,,,Display > Paid Search > Email > Paid Social
JOURNEY-04933,CUST-04933,2025-03-04 20:26:00,2025-03-11 18:54:00,Referral,Direct,Partner Website,Direct Visit,4,4,1,1,82.76,166.47,2025-03-11 18:54:00,6.94,Referral > Paid Social > Organic Search > Direct
JOURNEY-04934,CUST-04934,2025-02-09 21:46:00,2025-02-23 01:11:00,Paid Search,Paid Search,Product Search,Product Search,6,4,0,0,0.0,315.42,,,Paid Search > Organic Search > Referral > Email > Email > Paid Search
JOURNEY-04935,CUST-04935,2025-01-29 16:39:00,2025-02-03 12:16:00,Referral,Email,Partner Website,Promotional Email,4,4,0,0,0.0,115.62,,,Referral > Paid Social > Direct > Email
JOURNEY-04936,CUST-04936,2025-02-19 09:11:00,2025-02-23 02:07:00,Email,Paid Search,Promotional Email,Product Search,3,3,0,0,0.0,88.93,,,Email > Direct > Paid Search
JOURNEY-04937,CUST-04937,2025-04-13 08:47:00,2025-04-18 01:12:00,Display,Organic Social,Prospecting,LinkedIn Organic,4,4,0,0,0.0,112.42,,,Display > Organic Search > Paid Social > Organic Social
JOURNEY-04938,CUST-04938,2025-06-21 10:24:00,2025-06-21 10:24:00,Organic Search,Organic Search,Educational Content,Educational Content,1,1,0,0,0.0,0.0,,,Organic Search
JOURNEY-04939,CUST-04939,2025-01-08 04:15:00,2025-01-13 21:55:00,Email,Email,Promotional Email,Promotional Email,3,2,0,0,0.0,137.67,,,Email > Organic Search > Email
JOURNEY-04940,CUST-04940,2025-06-25 01:15:00,2025-06-30 09:52:00,Organic Social,Referral,LinkedIn Organic,Customer Referral,3,3,0,0,0.0,128.62,,,Organic Social > Paid Search > Referral
JOURNEY-04941,CUST-04941,2025-06-23 21:50:00,2025-06-26 02:09:00,Paid Social,Direct,Facebook Ads,Direct Visit,4,4,1,1,71.12,52.32,2025-06-26 02:09:00,2.18,Paid Social > Referral > Organic Search > Direct
JOURNEY-04942,CUST-04942,2025-05-19 01:53:00,2025-05-24 14:24:00,Display,Paid Search,Banner Campaign,Competitor Search,4,3,0,0,0.0,132.52,,,Display > Direct > Direct > Paid Search
JOURNEY-04943,CUST-04943,2025-02-05 13:20:00,2025-02-08 02:06:00,Organic Search,Display,SEO Blog,Banner Campaign,2,2,1,1,66.77,60.77,2025-02-08 02:06:00,2.53,Organic Search > Display
JOURNEY-04944,CUST-04944,2025-05-15 18:49:00,2025-05-27 09:12:00,Organic Social,Direct,Instagram Organic,Direct Visit,5,5,1,1,145.26,278.38,2025-05-27 09:12:00,11.6,Organic Social > Display > Paid Social > Email > Direct
JOURNEY-04945,CUST-04945,2025-05-09 13:53:00,2025-05-21 00:01:00,Direct,Organic Social,Direct Visit,Instagram Organic,6,5,1,1,132.03,274.13,2025-05-21 00:01:00,11.42,Direct > Paid Social > Direct > Organic Search > Email > Organic Social
JOURNEY-04946,CUST-04946,2025-02-17 18:47:00,2025-02-17 18:47:00,Organic Search,Organic Search,Product Pages,Product Pages,1,1,0,0,0.0,0.0,,,Organic Search
JOURNEY-04947,CUST-04947,2025-05-05 22:07:00,2025-05-09 02:49:00,Email,Display,Welcome Series,Retargeting,3,3,0,0,0.0,76.7,,,Email > Organic Search > Display
JOURNEY-04948,CUST-04948,2025-04-01 19:30:00,2025-04-01 19:30:00,Organic Search,Organic Search,SEO Blog,SEO Blog,1,1,0,0,0.0,0.0,,,Organic Search
JOURNEY-04949,CUST-04949,2025-02-05 09:30:00,2025-02-13 15:34:00,Organic Social,Direct,Instagram Organic,Direct Visit,5,4,0,0,0.0,198.07,,,Organic Social > Referral > Direct > Organic Search > Direct
JOURNEY-04950,CUST-04950,2025-06-03 17:58:00,2025-06-08 06:47:00,Organic Social,Display,TikTok Organic,Prospecting,3,3,0,0,0.0,108.82,,,Organic Social > Paid Search > Display
JOURNEY-04951,CUST-04951,2025-02-08 21:53:00,2025-02-10 10:22:00,Paid Social,Paid Search,Facebook Ads,Product Search,2,2,0,0,0.0,36.48,,,Paid Social > Paid Search
JOURNEY-04952,CUST-04952,2025-06-10 20:17:00,2025-06-11 10:40:00,Direct,Organic Search,Direct Visit,SEO Blog,2,2,0,0,0.0,14.38,,,Direct > Organic Search
JOURNEY-04953,CUST-04953,2025-06-26 00:13:00,2025-07-05 18:19:00,Email,Referral,Promotional Email,Affiliate,4,3,1,1,274.49,234.1,2025-07-05 18:19:00,9.75,Email > Paid Search > Paid Search > Referral
JOURNEY-04954,CUST-04954,2025-05-18 21:26:00,2025-05-22 08:59:00,Organic Search,Paid Search,SEO Blog,Competitor Search,2,2,0,0,0.0,83.55,,,Organic Search > Paid Search
JOURNEY-04955,CUST-04955,2025-02-24 02:30:00,2025-03-03 22:25:00,Paid Search,Email,Product Search,Newsletter,4,3,0,0,0.0,187.92,,,Paid Search > Referral > Email > Email
JOURNEY-04956,CUST-04956,2025-03-21 02:20:00,2025-03-21 02:20:00,Organic Social,Organic Social,TikTok Organic,TikTok Organic,1,1,1,1,195.99,0.0,2025-03-21 02:20:00,0.0,Organic Social
JOURNEY-04957,CUST-04957,2025-04-20 12:24:00,2025-04-20 12:24:00,Paid Social,Paid Social,Instagram Ads,Instagram Ads,1,1,0,0,0.0,0.0,,,Paid Social
JOURNEY-04958,CUST-04958,2025-03-26 11:30:00,2025-03-31 20:49:00,Referral,Paid Search,Partner Website,Brand Search,5,4,0,0,0.0,129.32,,,Referral > Email > Paid Social > Paid Search > Paid Search
JOURNEY-04959,CUST-04959,2025-05-07 00:42:00,2025-05-12 03:56:00,Email,Organic Social,Newsletter,TikTok Organic,4,4,0,0,0.0,123.23,,,Email > Direct > Referral > Organic Social
JOURNEY-04960,CUST-04960,2025-05-10 10:58:00,2025-05-10 10:58:00,Email,Email,Welcome Series,Welcome Series,1,1,0,0,0.0,0.0,,,Email
JOURNEY-04961,CUST-04961,2025-01-15 14:05:00,2025-01-21 02:32:00,Paid Search,Direct,Brand Search,Direct Visit,4,4,0,0,0.0,132.45,,,Paid Search > Paid Social > Email > Direct
JOURNEY-04962,CUST-04962,2025-01-13 10:25:00,2025-01-22 19:57:00,Paid Search,Email,Competitor Search,Newsletter,5,4,0,0,0.0,225.53,,,Paid Search > Display > Organic Social > Paid Search > Email
JOURNEY-04963,CUST-04963,2025-05-05 10:29:00,2025-05-21 12:27:00,Paid Search,Paid Social,Brand Search,LinkedIn Ads,8,4,1,1,244.91,385.97,2025-05-21 12:27:00,16.08,Paid Search > Organic Search > Email > Organic Search > Paid Search > Paid Social > Email > Paid Social
JOURNEY-04964,CUST-04964,2025-05-12 17:53:00,2025-05-23 13:52:00,Paid Social,Paid Search,Instagram Ads,Brand Search,4,2,0,0,0.0,259.98,,,Paid Social > Paid Social > Paid Social > Paid Search
JOURNEY-04965,CUST-04965,2025-06-20 01:10:00,2025-06-24 08:48:00,Paid Search,Paid Search,Product Search,Brand Search,3,2,0,0,0.0,103.63,,,Paid Search > Paid Social > Paid Search
JOURNEY-04966,CUST-04966,2025-01-19 05:40:00,2025-01-24 15:24:00,Organic Social,Email,Instagram Organic,Promotional Email,3,3,1,1,135.43,129.73,2025-01-24 15:24:00,5.41,Organic Social > Display > Email
JOURNEY-04967,CUST-04967,2025-06-19 06:49:00,2025-06-30 20:10:00,Organic Search,Paid Social,Product Pages,LinkedIn Ads,6,6,0,0,0.0,277.35,,,Organic Search > Organic Social > Direct > Email > Display > Paid Social
JOURNEY-04968,CUST-04968,2025-05-05 17:39:00,2025-05-06 08:38:00,Organic Search,Paid Search,Product Pages,Competitor Search,2,2,0,0,0.0,14.98,,,Organic Search > Paid Search
JOURNEY-04969,CUST-04969,2025-03-06 19:22:00,2025-03-10 11:34:00,Paid Social,Paid Search,Facebook Ads,Competitor Search,3,3,0,0,0.0,88.2,,,Paid Social > Email > Paid Search
JOURNEY-04970,CUST-04970,2025-03-19 15:21:00,2025-03-24 15:24:00,Email,Organic Social,Welcome Series,Instagram Organic,4,4,0,0,0.0,120.05,,,Email > Paid Social > Display > Organic Social
JOURNEY-04971,CUST-04971,2025-04-26 20:26:00,2025-05-01 00:42:00,Paid Search,Organic Search,Product Search,Educational Content,5,4,1,1,168.85,100.27,2025-05-01 00:42:00,4.18,Paid Search > Display > Paid Social > Paid Search > Organic Search
JOURNEY-04972,CUST-04972,2025-05-08 05:31:00,2025-05-12 19:28:00,Direct,Email,Direct Visit,Newsletter,4,3,0,0,0.0,109.95,,,Direct > Organic Search > Direct > Email
JOURNEY-04973,CUST-04973,2025-04-16 00:04:00,2025-04-21 16:34:00,Paid Search,Organic Search,Competitor Search,SEO Blog,4,4,0,0,0.0,136.5,,,Paid Search > Email > Paid Social > Organic Search
JOURNEY-04974,CUST-04974,2025-03-09 05:25:00,2025-03-17 08:31:00,Email,Email,Promotional Email,Newsletter,4,3,0,0,0.0,195.1,,,Email > Organic Search > Organic Social > Email
JOURNEY-04975,CUST-04975,2025-02-09 07:48:00,2025-02-11 15:29:00,Direct,Email,Direct Visit,Welcome Series,3,3,1,1,103.67,55.68,2025-02-11 15:29:00,2.32,Direct > Referral > Email
JOURNEY-04976,CUST-04976,2025-02-10 07:49:00,2025-02-16 00:12:00,Email,Direct,Newsletter,Direct Visit,3,3,0,0,0.0,136.38,,,Email > Display > Direct
JOURNEY-04977,CUST-04977,2025-01-13 10:09:00,2025-01-17 11:57:00,Referral,Paid Social,Partner Website,Facebook Ads,3,3,0,0,0.0,97.8,,,Referral > Organic Search > Paid Social
JOURNEY-04978,CUST-04978,2025-06-29 13:35:00,2025-06-29 13:35:00,Paid Social,Paid Social,Facebook Ads,Facebook Ads,1,1,0,0,0.0,0.0,,,Paid Social
JOURNEY-04979,CUST-04979,2025-06-09 02:00:00,2025-06-11 08:36:00,Organic Social,Organic Search,Instagram Organic,Educational Content,2,2,0,0,0.0,54.6,,,Organic Social > Organic Search
JOURNEY-04980,CUST-04980,2025-02-18 21:42:00,2025-02-21 15:14:00,Email,Organic Search,Newsletter,Product Pages,3,3,0,0,0.0,65.53,,,Email > Paid Social > Organic Search
JOURNEY-04981,CUST-04981,2025-02-01 05:28:00,2025-02-08 10:27:00,Direct,Organic Search,Direct Visit,SEO Blog,5,4,0,0,0.0,172.98,,,Direct > Email > Display > Email > Organic Search
JOURNEY-04982,CUST-04982,2025-05-31 19:52:00,2025-06-03 14:11:00,Organic Social,Display,TikTok Organic,Retargeting,2,2,0,0,0.0,66.32,,,Organic Social > Display
JOURNEY-04983,CUST-04983,2025-01-17 22:57:00,2025-01-20 22:55:00,Paid Social,Paid Search,Facebook Ads,Brand Search,2,2,0,0,0.0,71.97,,,Paid Social > Paid Search
JOURNEY-04984,CUST-04984,2025-03-09 15:54:00,2025-03-14 12:15:00,Organic Search,Referral,SEO Blog,Customer Referral,4,3,0,0,0.0,116.35,,,Organic Search > Paid Search > Organic Search > Referral
JOURNEY-04985,CUST-04985,2025-03-07 12:31:00,2025-03-11 02:14:00,Email,Paid Social,Promotional Email,LinkedIn Ads,4,3,1,1,125.61,85.72,2025-03-11 02:14:00,3.57,Email > Paid Social > Paid Search > Paid Social
JOURNEY-04986,CUST-04986,2025-05-12 13:47:00,2025-05-20 05:59:00,Paid Search,Paid Social,Brand Search,Instagram Ads,4,3,0,0,0.0,184.2,,,Paid Search > Paid Search > Organic Social > Paid Social
JOURNEY-04987,CUST-04987,2025-04-06 00:54:00,2025-04-07 18:53:00,Direct,Organic Search,Direct Visit,Product Pages,3,3,0,0,0.0,41.98,,,Direct > Paid Social > Organic Search
JOURNEY-04988,CUST-04988,2025-04-23 05:39:00,2025-05-04 01:18:00,Paid Social,Organic Search,Facebook Ads,SEO Blog,5,4,0,0,0.0,259.65,,,Paid Social > Email > Paid Search > Paid Social > Organic Search
JOURNEY-04989,CUST-04989,2025-02-18 11:33:00,2025-02-20 02:06:00,Paid Search,Paid Social,Product Search,LinkedIn Ads,3,3,0,0,0.0,38.55,,,Paid Search > Email > Paid Social
JOURNEY-04990,CUST-04990,2025-06-23 03:12:00,2025-06-28 14:29:00,Organic Social,Display,TikTok Organic,Retargeting,4,4,1,1,66.43,131.28,2025-06-28 14:29:00,5.47,Organic Social > Email > Paid Search > Display
JOURNEY-04991,CUST-04991,2025-06-05 20:34:00,2025-06-19 12:15:00,Paid Social,Paid Search,Instagram Ads,Product Search,8,5,1,1,60.52,327.68,2025-06-19 12:15:00,13.65,Paid Social > Organic Social > Display > Paid Search > Paid Social > Organic Social > Referral > Paid Search
JOURNEY-04992,CUST-04992,2025-03-15 17:39:00,2025-03-19 13:04:00,Direct,Display,Direct Visit,Retargeting,2,2,0,0,0.0,91.42,,,Direct > Display
JOURNEY-04993,CUST-04993,2025-05-29 05:02:00,2025-06-05 00:55:00,Organic Search,Paid Search,SEO Blog,Competitor Search,4,3,0,0,0.0,163.88,,,Organic Search > Paid Social > Organic Search > Paid Search
JOURNEY-04994,CUST-04994,2025-04-29 14:07:00,2025-05-07 13:56:00,Direct,Email,Direct Visit,Newsletter,6,4,1,1,140.52,191.82,2025-05-07 13:56:00,7.99,Direct > Paid Social > Paid Search > Email > Direct > Email
JOURNEY-04995,CUST-04995,2025-01-18 04:51:00,2025-01-27 17:29:00,Paid Social,Organic Search,Instagram Ads,Educational Content,5,4,0,0,0.0,228.63,,,Paid Social > Paid Search > Email > Paid Social > Organic Search
JOURNEY-04996,CUST-04996,2025-03-31 12:53:00,2025-04-09 12:42:00,Referral,Referral,Customer Referral,Customer Referral,5,4,1,1,336.72,215.82,2025-04-09 12:42:00,8.99,Referral > Organic Search > Email > Direct > Referral
JOURNEY-04997,CUST-04997,2025-04-17 15:12:00,2025-04-24 02:37:00,Organic Search,Email,SEO Blog,Newsletter,4,4,1,1,90.88,155.42,2025-04-24 02:37:00,6.48,Organic Search > Paid Social > Direct > Email
JOURNEY-04998,CUST-04998,2025-05-18 20:45:00,2025-05-21 02:55:00,Email,Paid Social,Newsletter,Instagram Ads,2,2,0,0,0.0,54.17,,,Email > Paid Social
JOURNEY-04999,CUST-04999,2025-05-26 05:59:00,2025-05-28 06:24:00,Paid Search,Referral,Competitor Search,Customer Referral,2,2,0,0,0.0,48.42,,,Paid Search > Referral
JOURNEY-05000,CUST-05000,2025-04-25 02:45:00,2025-04-27 13:41:00,Paid Search,Email,Brand Search,Newsletter,2,2,0,0,0.0,58.93,,,Paid Search > Email
